[2026-08-20 19:48:27] local.ERROR: SQLSTATE[08006] [7] connection to server at "127.0.0.1", port 5432 failed: FATAL:  la autentificación password falló para el usuario «reportes» (Connection: pgsql, Host: 127.0.0.1, Port: 5432, Database: sirpirtt-v2, SQL: select exists (select 1 from pg_class c, pg_namespace n where n.nspname = current_schema() and c.relname = 'migrations' and c.relkind in ('r', 'p') and n.oid = c.relnamespace)) {"exception":"[object] (Illuminate\\Database\\QueryException(code: 7): SQLSTATE[08006] [7] connection to server at \"127.0.0.1\", port 5432 failed: FATAL:  la autentificaciï¿½n password fallï¿½ para el usuario ï¿½reportesï¿½ (Connection: pgsql, Host: 127.0.0.1, Port: 5432, Database: sirpirtt-v2, SQL: select exists (select 1 from pg_class c, pg_namespace n where n.nspname = current_schema() and c.relname = 'migrations' and c.relkind in ('r', 'p') and n.oid = c.relnamespace)) at C:/Users/Inovacion/Documents/repo/sirpirtt-laravel/vendor/laravel/framework/src/Illuminate/Database/Connection.php:857)
[stacktrace]
#0 C:/Users/Inovacion/Documents/repo/sirpirtt-laravel/vendor/laravel/framework/src/Illuminate/Database/Connection.php(813): Illuminate/Database/Connection->runQueryCallback('select exists (...', Array, Object(Closure))
#1 C:/Users/Inovacion/Documents/repo/sirpirtt-laravel/vendor/laravel/framework/src/Illuminate/Database/Connection.php(426): Illuminate/Database/Connection->run('select exists (...', Array, Object(Closure))
#2 C:/Users/Inovacion/Documents/repo/sirpirtt-laravel/vendor/laravel/framework/src/Illuminate/Database/Connection.php(371): Illuminate/Database/Connection->select('select exists (...', Array, true)
#3 C:/Users/Inovacion/Documents/repo/sirpirtt-laravel/vendor/laravel/framework/src/Illuminate/Database/Connection.php(388): Illuminate/Database/Connection->selectOne('select exists (...', Array, true)
#4 C:/Users/Inovacion/Documents/repo/sirpirtt-laravel/vendor/laravel/framework/src/Illuminate/Database/Schema/Builder.php(176): Illuminate/Database/Connection->scalar('select exists (...')
#5 C:/Users/Inovacion/Documents/repo/sirpirtt-laravel/vendor/laravel/framework/src/Illuminate/Database/Migrations/DatabaseMigrationRepository.php(185): Illuminate/Database/Schema/Builder->hasTable('migrations')
#6 C:/Users/Inovacion/Documents/repo/sirpirtt-laravel/vendor/laravel/framework/src/Illuminate/Database/Migrations/Migrator.php(797): Illuminate/Database/Migrations/DatabaseMigrationRepository->repositoryExists()
#7 C:/Users/Inovacion/Documents/repo/sirpirtt-laravel/vendor/laravel/framework/src/Illuminate/Database/Console/Migrations/MigrateCommand.php(166): Illuminate/Database/Migrations/Migrator->repositoryExists()
#8 C:/Users/Inovacion/Documents/repo/sirpirtt-laravel/vendor/laravel/framework/src/Illuminate/Support/helpers.php(328): Illuminate/Database/Console/Migrations/MigrateCommand->Illuminate/Database/Console/Migrations/{closure}(1)
#9 C:/Users/Inovacion/Documents/repo/sirpirtt-laravel/vendor/laravel/framework/src/Illuminate/Database/Console/Migrations/MigrateCommand.php(166): retry(1, Object(Closure), 0, Object(Closure))
#10 C:/Users/Inovacion/Documents/repo/sirpirtt-laravel/vendor/laravel/framework/src/Illuminate/Database/Console/Migrations/MigrateCommand.php(142): Illuminate/Database/Console/Migrations/MigrateCommand->repositoryExists()
#11 C:/Users/Inovacion/Documents/repo/sirpirtt-laravel/vendor/laravel/framework/src/Illuminate/Database/Console/Migrations/MigrateCommand.php(112): Illuminate/Database/Console/Migrations/MigrateCommand->prepareDatabase()
#12 C:/Users/Inovacion/Documents/repo/sirpirtt-laravel/vendor/laravel/framework/src/Illuminate/Database/Migrations/Migrator.php(672): Illuminate/Database/Console/Migrations/MigrateCommand->Illuminate/Database/Console/Migrations/{closure}()
#13 C:/Users/Inovacion/Documents/repo/sirpirtt-laravel/vendor/laravel/framework/src/Illuminate/Database/Console/Migrations/MigrateCommand.php(111): Illuminate/Database/Migrations/Migrator->usingConnection(NULL, Object(Closure))
#14 C:/Users/Inovacion/Documents/repo/sirpirtt-laravel/vendor/laravel/framework/src/Illuminate/Database/Console/Migrations/MigrateCommand.php(90): Illuminate/Database/Console/Migrations/MigrateCommand->runMigrations()
#15 C:/Users/Inovacion/Documents/repo/sirpirtt-laravel/vendor/laravel/framework/src/Illuminate/Container/BoundMethod.php(36): Illuminate/Database/Console/Migrations/MigrateCommand->handle()
#16 C:/Users/Inovacion/Documents/repo/sirpirtt-laravel/vendor/laravel/framework/src/Illuminate/Container/Util.php(43): Illuminate/Container/BoundMethod::Illuminate/Container/{closure}()
#17 C:/Users/Inovacion/Documents/repo/sirpirtt-laravel/vendor/laravel/framework/src/Illuminate/Container/BoundMethod.php(96): Illuminate/Container/Util::unwrapIfClosure(Object(Closure))
#18 C:/Users/Inovacion/Documents/repo/sirpirtt-laravel/vendor/laravel/framework/src/Illuminate/Container/BoundMethod.php(35): Illuminate/Container/BoundMethod::callBoundMethod(Object(Illuminate/Foundation/Application), Array, Object(Closure))
#19 C:/Users/Inovacion/Documents/repo/sirpirtt-laravel/vendor/laravel/framework/src/Illuminate/Container/Container.php(801): Illuminate/Container/BoundMethod::call(Object(Illuminate/Foundation/Application), Array, Array, NULL)
#20 C:/Users/Inovacion/Documents/repo/sirpirtt-laravel/vendor/laravel/framework/src/Illuminate/Console/Command.php(292): Illuminate/Container/Container->call(Array)
#21 C:/Users/Inovacion/Documents/repo/sirpirtt-laravel/vendor/symfony/console/Command/Command.php(341): Illuminate/Console/Command->execute(Object(Symfony/Component/Console/Input/ArgvInput), Object(Illuminate/Console/OutputStyle))
#22 C:/Users/Inovacion/Documents/repo/sirpirtt-laravel/vendor/laravel/framework/src/Illuminate/Console/Command.php(261): Symfony/Component/Console/Command/Command->run(Object(Symfony/Component/Console/Input/ArgvInput), Object(Illuminate/Console/OutputStyle))
#23 C:/Users/Inovacion/Documents/repo/sirpirtt-laravel/vendor/symfony/console/Application.php(1117): Illuminate/Console/Command->run(Object(Symfony/Component/Console/Input/ArgvInput), Object(Symfony/Component/Console/Output/ConsoleOutput))
#24 C:/Users/Inovacion/Documents/repo/sirpirtt-laravel/vendor/symfony/console/Application.php(356): Symfony/Component/Console/Application->doRunCommand(Object(Illuminate/Database/Console/Migrations/MigrateCommand), Object(Symfony/Component/Console/Input/ArgvInput), Object(Symfony/Component/Console/Output/ConsoleOutput))
#25 C:/Users/Inovacion/Documents/repo/sirpirtt-laravel/vendor/symfony/console/Application.php(195): Symfony/Component/Console/Application->doRun(Object(Symfony/Component/Console/Input/ArgvInput), Object(Symfony/Component/Console/Output/ConsoleOutput))
#26 C:/Users/Inovacion/Documents/repo/sirpirtt-laravel/vendor/laravel/framework/src/Illuminate/Foundation/Console/Kernel.php(198): Symfony/Component/Console/Application->run(Object(Symfony/Component/Console/Input/ArgvInput), Object(Symfony/Component/Console/Output/ConsoleOutput))
#27 C:/Users/Inovacion/Documents/repo/sirpirtt-laravel/vendor/laravel/framework/src/Illuminate/Foundation/Application.php(1242): Illuminate/Foundation/Console/Kernel->handle(Object(Symfony/Component/Console/Input/ArgvInput), Object(Symfony/Component/Console/Output/ConsoleOutput))
#28 C:/Users/Inovacion/Documents/repo/sirpirtt-laravel/artisan(16): Illuminate/Foundation/Application->handleCommand(Object(Symfony/Component/Console/Input/ArgvInput))
#29 {main}

[previous exception] [object] (PDOException(code: 7): SQLSTATE[08006] [7] connection to server at \"127.0.0.1\", port 5432 failed: FATAL:  la autentificaciï¿½n password fallï¿½ para el usuario ï¿½reportesï¿½ at C:/Users/Inovacion/Documents/repo/sirpirtt-laravel/vendor/laravel/framework/src/Illuminate/Database/Connectors/Connector.php:66)
[stacktrace]
#0 C:/Users/Inovacion/Documents/repo/sirpirtt-laravel/vendor/laravel/framework/src/Illuminate/Database/Connectors/Connector.php(66): PDO->__construct('pgsql:host=127....', 'reportes', Object(SensitiveParameterValue), Array)
#1 C:/Users/Inovacion/Documents/repo/sirpirtt-laravel/vendor/laravel/framework/src/Illuminate/Database/Connectors/Connector.php(44): Illuminate/Database/Connectors/Connector->createPdoConnection('pgsql:host=127....', 'reportes', Object(SensitiveParameterValue), Array)
#2 C:/Users/Inovacion/Documents/repo/sirpirtt-laravel/vendor/laravel/framework/src/Illuminate/Database/Connectors/PostgresConnector.php(35): Illuminate/Database/Connectors/Connector->createConnection('pgsql:host=127....', Array, Array)
#3 C:/Users/Inovacion/Documents/repo/sirpirtt-laravel/vendor/laravel/framework/src/Illuminate/Database/Connectors/ConnectionFactory.php(220): Illuminate/Database/Connectors/PostgresConnector->connect(Array)
#4 [internal function]: Illuminate/Database/Connectors/ConnectionFactory->Illuminate/Database/Connectors/{closure}()
#5 C:/Users/Inovacion/Documents/repo/sirpirtt-laravel/vendor/laravel/framework/src/Illuminate/Database/Connection.php(1297): call_user_func(Object(Closure))
#6 C:/Users/Inovacion/Documents/repo/sirpirtt-laravel/vendor/laravel/framework/src/Illuminate/Database/Connection.php(1335): Illuminate/Database/Connection->getPdo()
#7 C:/Users/Inovacion/Documents/repo/sirpirtt-laravel/vendor/laravel/framework/src/Illuminate/Database/Connection.php(542): Illuminate/Database/Connection->getReadPdo()
#8 C:/Users/Inovacion/Documents/repo/sirpirtt-laravel/vendor/laravel/framework/src/Illuminate/Database/Connection.php(435): Illuminate/Database/Connection->getPdoForSelect(true)
#9 C:/Users/Inovacion/Documents/repo/sirpirtt-laravel/vendor/laravel/framework/src/Illuminate/Database/Connection.php(846): Illuminate/Database/Connection->Illuminate/Database/{closure}('select exists (...', Array)
#10 C:/Users/Inovacion/Documents/repo/sirpirtt-laravel/vendor/laravel/framework/src/Illuminate/Database/Connection.php(813): Illuminate/Database/Connection->runQueryCallback('select exists (...', Array, Object(Closure))
#11 C:/Users/Inovacion/Documents/repo/sirpirtt-laravel/vendor/laravel/framework/src/Illuminate/Database/Connection.php(426): Illuminate/Database/Connection->run('select exists (...', Array, Object(Closure))
#12 C:/Users/Inovacion/Documents/repo/sirpirtt-laravel/vendor/laravel/framework/src/Illuminate/Database/Connection.php(371): Illuminate/Database/Connection->select('select exists (...', Array, true)
#13 C:/Users/Inovacion/Documents/repo/sirpirtt-laravel/vendor/laravel/framework/src/Illuminate/Database/Connection.php(388): Illuminate/Database/Connection->selectOne('select exists (...', Array, true)
#14 C:/Users/Inovacion/Documents/repo/sirpirtt-laravel/vendor/laravel/framework/src/Illuminate/Database/Schema/Builder.php(176): Illuminate/Database/Connection->scalar('select exists (...')
#15 C:/Users/Inovacion/Documents/repo/sirpirtt-laravel/vendor/laravel/framework/src/Illuminate/Database/Migrations/DatabaseMigrationRepository.php(185): Illuminate/Database/Schema/Builder->hasTable('migrations')
#16 C:/Users/Inovacion/Documents/repo/sirpirtt-laravel/vendor/laravel/framework/src/Illuminate/Database/Migrations/Migrator.php(797): Illuminate/Database/Migrations/DatabaseMigrationRepository->repositoryExists()
#17 C:/Users/Inovacion/Documents/repo/sirpirtt-laravel/vendor/laravel/framework/src/Illuminate/Database/Console/Migrations/MigrateCommand.php(166): Illuminate/Database/Migrations/Migrator->repositoryExists()
#18 C:/Users/Inovacion/Documents/repo/sirpirtt-laravel/vendor/laravel/framework/src/Illuminate/Support/helpers.php(328): Illuminate/Database/Console/Migrations/MigrateCommand->Illuminate/Database/Console/Migrations/{closure}(1)
#19 C:/Users/Inovacion/Documents/repo/sirpirtt-laravel/vendor/laravel/framework/src/Illuminate/Database/Console/Migrations/MigrateCommand.php(166): retry(1, Object(Closure), 0, Object(Closure))
#20 C:/Users/Inovacion/Documents/repo/sirpirtt-laravel/vendor/laravel/framework/src/Illuminate/Database/Console/Migrations/MigrateCommand.php(142): Illuminate/Database/Console/Migrations/MigrateCommand->repositoryExists()
#21 C:/Users/Inovacion/Documents/repo/sirpirtt-laravel/vendor/laravel/framework/src/Illuminate/Database/Console/Migrations/MigrateCommand.php(112): Illuminate/Database/Console/Migrations/MigrateCommand->prepareDatabase()
#22 C:/Users/Inovacion/Documents/repo/sirpirtt-laravel/vendor/laravel/framework/src/Illuminate/Database/Migrations/Migrator.php(672): Illuminate/Database/Console/Migrations/MigrateCommand->Illuminate/Database/Console/Migrations/{closure}()
#23 C:/Users/Inovacion/Documents/repo/sirpirtt-laravel/vendor/laravel/framework/src/Illuminate/Database/Console/Migrations/MigrateCommand.php(111): Illuminate/Database/Migrations/Migrator->usingConnection(NULL, Object(Closure))
#24 C:/Users/Inovacion/Documents/repo/sirpirtt-laravel/vendor/laravel/framework/src/Illuminate/Database/Console/Migrations/MigrateCommand.php(90): Illuminate/Database/Console/Migrations/MigrateCommand->runMigrations()
#25 C:/Users/Inovacion/Documents/repo/sirpirtt-laravel/vendor/laravel/framework/src/Illuminate/Container/BoundMethod.php(36): Illuminate/Database/Console/Migrations/MigrateCommand->handle()
#26 C:/Users/Inovacion/Documents/repo/sirpirtt-laravel/vendor/laravel/framework/src/Illuminate/Container/Util.php(43): Illuminate/Container/BoundMethod::Illuminate/Container/{closure}()
#27 C:/Users/Inovacion/Documents/repo/sirpirtt-laravel/vendor/laravel/framework/src/Illuminate/Container/BoundMethod.php(96): Illuminate/Container/Util::unwrapIfClosure(Object(Closure))
#28 C:/Users/Inovacion/Documents/repo/sirpirtt-laravel/vendor/laravel/framework/src/Illuminate/Container/BoundMethod.php(35): Illuminate/Container/BoundMethod::callBoundMethod(Object(Illuminate/Foundation/Application), Array, Object(Closure))
#29 C:/Users/Inovacion/Documents/repo/sirpirtt-laravel/vendor/laravel/framework/src/Illuminate/Container/Container.php(801): Illuminate/Container/BoundMethod::call(Object(Illuminate/Foundation/Application), Array, Array, NULL)
#30 C:/Users/Inovacion/Documents/repo/sirpirtt-laravel/vendor/laravel/framework/src/Illuminate/Console/Command.php(292): Illuminate/Container/Container->call(Array)
#31 C:/Users/Inovacion/Documents/repo/sirpirtt-laravel/vendor/symfony/console/Command/Command.php(341): Illuminate/Console/Command->execute(Object(Symfony/Component/Console/Input/ArgvInput), Object(Illuminate/Console/OutputStyle))
#32 C:/Users/Inovacion/Documents/repo/sirpirtt-laravel/vendor/laravel/framework/src/Illuminate/Console/Command.php(261): Symfony/Component/Console/Command/Command->run(Object(Symfony/Component/Console/Input/ArgvInput), Object(Illuminate/Console/OutputStyle))
#33 C:/Users/Inovacion/Documents/repo/sirpirtt-laravel/vendor/symfony/console/Application.php(1117): Illuminate/Console/Command->run(Object(Symfony/Component/Console/Input/ArgvInput), Object(Symfony/Component/Console/Output/ConsoleOutput))
#34 C:/Users/Inovacion/Documents/repo/sirpirtt-laravel/vendor/symfony/console/Application.php(356): Symfony/Component/Console/Application->doRunCommand(Object(Illuminate/Database/Console/Migrations/MigrateCommand), Object(Symfony/Component/Console/Input/ArgvInput), Object(Symfony/Component/Console/Output/ConsoleOutput))
#35 C:/Users/Inovacion/Documents/repo/sirpirtt-laravel/vendor/symfony/console/Application.php(195): Symfony/Component/Console/Application->doRun(Object(Symfony/Component/Console/Input/ArgvInput), Object(Symfony/Component/Console/Output/ConsoleOutput))
#36 C:/Users/Inovacion/Documents/repo/sirpirtt-laravel/vendor/laravel/framework/src/Illuminate/Foundation/Console/Kernel.php(198): Symfony/Component/Console/Application->run(Object(Symfony/Component/Console/Input/ArgvInput), Object(Symfony/Component/Console/Output/ConsoleOutput))
#37 C:/Users/Inovacion/Documents/repo/sirpirtt-laravel/vendor/laravel/framework/src/Illuminate/Foundation/Application.php(1242): Illuminate/Foundation/Console/Kernel->handle(Object(Symfony/Component/Console/Input/ArgvInput), Object(Symfony/Component/Console/Output/ConsoleOutput))
#38 C:/Users/Inovacion/Documents/repo/sirpirtt-laravel/artisan(16): Illuminate/Foundation/Application->handleCommand(Object(Symfony/Component/Console/Input/ArgvInput))
#39 {main}
"} 
[2026-08-20 19:49:01] local.ERROR: SQLSTATE[08006] [7] connection to server at "127.0.0.1", port 5432 failed: FATAL:  la autentificación password falló para el usuario «reportes» (Connection: pgsql, Host: 127.0.0.1, Port: 5432, Database: sirpirtt-v2, SQL: select exists (select 1 from pg_class c, pg_namespace n where n.nspname = current_schema() and c.relname = 'migrations' and c.relkind in ('r', 'p') and n.oid = c.relnamespace)) {"exception":"[object] (Illuminate\\Database\\QueryException(code: 7): SQLSTATE[08006] [7] connection to server at \"127.0.0.1\", port 5432 failed: FATAL:  la autentificaciï¿½n password fallï¿½ para el usuario ï¿½reportesï¿½ (Connection: pgsql, Host: 127.0.0.1, Port: 5432, Database: sirpirtt-v2, SQL: select exists (select 1 from pg_class c, pg_namespace n where n.nspname = current_schema() and c.relname = 'migrations' and c.relkind in ('r', 'p') and n.oid = c.relnamespace)) at C:/Users/Inovacion/Documents/repo/sirpirtt-laravel/vendor/laravel/framework/src/Illuminate/Database/Connection.php:857)
[stacktrace]
#0 C:/Users/Inovacion/Documents/repo/sirpirtt-laravel/vendor/laravel/framework/src/Illuminate/Database/Connection.php(813): Illuminate/Database/Connection->runQueryCallback('select exists (...', Array, Object(Closure))
#1 C:/Users/Inovacion/Documents/repo/sirpirtt-laravel/vendor/laravel/framework/src/Illuminate/Database/Connection.php(426): Illuminate/Database/Connection->run('select exists (...', Array, Object(Closure))
#2 C:/Users/Inovacion/Documents/repo/sirpirtt-laravel/vendor/laravel/framework/src/Illuminate/Database/Connection.php(371): Illuminate/Database/Connection->select('select exists (...', Array, true)
#3 C:/Users/Inovacion/Documents/repo/sirpirtt-laravel/vendor/laravel/framework/src/Illuminate/Database/Connection.php(388): Illuminate/Database/Connection->selectOne('select exists (...', Array, true)
#4 C:/Users/Inovacion/Documents/repo/sirpirtt-laravel/vendor/laravel/framework/src/Illuminate/Database/Schema/Builder.php(176): Illuminate/Database/Connection->scalar('select exists (...')
#5 C:/Users/Inovacion/Documents/repo/sirpirtt-laravel/vendor/laravel/framework/src/Illuminate/Database/Migrations/DatabaseMigrationRepository.php(185): Illuminate/Database/Schema/Builder->hasTable('migrations')
#6 C:/Users/Inovacion/Documents/repo/sirpirtt-laravel/vendor/laravel/framework/src/Illuminate/Database/Migrations/Migrator.php(797): Illuminate/Database/Migrations/DatabaseMigrationRepository->repositoryExists()
#7 C:/Users/Inovacion/Documents/repo/sirpirtt-laravel/vendor/laravel/framework/src/Illuminate/Database/Console/Migrations/MigrateCommand.php(166): Illuminate/Database/Migrations/Migrator->repositoryExists()
#8 C:/Users/Inovacion/Documents/repo/sirpirtt-laravel/vendor/laravel/framework/src/Illuminate/Support/helpers.php(328): Illuminate/Database/Console/Migrations/MigrateCommand->Illuminate/Database/Console/Migrations/{closure}(1)
#9 C:/Users/Inovacion/Documents/repo/sirpirtt-laravel/vendor/laravel/framework/src/Illuminate/Database/Console/Migrations/MigrateCommand.php(166): retry(1, Object(Closure), 0, Object(Closure))
#10 C:/Users/Inovacion/Documents/repo/sirpirtt-laravel/vendor/laravel/framework/src/Illuminate/Database/Console/Migrations/MigrateCommand.php(142): Illuminate/Database/Console/Migrations/MigrateCommand->repositoryExists()
#11 C:/Users/Inovacion/Documents/repo/sirpirtt-laravel/vendor/laravel/framework/src/Illuminate/Database/Console/Migrations/MigrateCommand.php(112): Illuminate/Database/Console/Migrations/MigrateCommand->prepareDatabase()
#12 C:/Users/Inovacion/Documents/repo/sirpirtt-laravel/vendor/laravel/framework/src/Illuminate/Database/Migrations/Migrator.php(672): Illuminate/Database/Console/Migrations/MigrateCommand->Illuminate/Database/Console/Migrations/{closure}()
#13 C:/Users/Inovacion/Documents/repo/sirpirtt-laravel/vendor/laravel/framework/src/Illuminate/Database/Console/Migrations/MigrateCommand.php(111): Illuminate/Database/Migrations/Migrator->usingConnection(NULL, Object(Closure))
#14 C:/Users/Inovacion/Documents/repo/sirpirtt-laravel/vendor/laravel/framework/src/Illuminate/Database/Console/Migrations/MigrateCommand.php(90): Illuminate/Database/Console/Migrations/MigrateCommand->runMigrations()
#15 C:/Users/Inovacion/Documents/repo/sirpirtt-laravel/vendor/laravel/framework/src/Illuminate/Container/BoundMethod.php(36): Illuminate/Database/Console/Migrations/MigrateCommand->handle()
#16 C:/Users/Inovacion/Documents/repo/sirpirtt-laravel/vendor/laravel/framework/src/Illuminate/Container/Util.php(43): Illuminate/Container/BoundMethod::Illuminate/Container/{closure}()
#17 C:/Users/Inovacion/Documents/repo/sirpirtt-laravel/vendor/laravel/framework/src/Illuminate/Container/BoundMethod.php(96): Illuminate/Container/Util::unwrapIfClosure(Object(Closure))
#18 C:/Users/Inovacion/Documents/repo/sirpirtt-laravel/vendor/laravel/framework/src/Illuminate/Container/BoundMethod.php(35): Illuminate/Container/BoundMethod::callBoundMethod(Object(Illuminate/Foundation/Application), Array, Object(Closure))
#19 C:/Users/Inovacion/Documents/repo/sirpirtt-laravel/vendor/laravel/framework/src/Illuminate/Container/Container.php(801): Illuminate/Container/BoundMethod::call(Object(Illuminate/Foundation/Application), Array, Array, NULL)
#20 C:/Users/Inovacion/Documents/repo/sirpirtt-laravel/vendor/laravel/framework/src/Illuminate/Console/Command.php(292): Illuminate/Container/Container->call(Array)
#21 C:/Users/Inovacion/Documents/repo/sirpirtt-laravel/vendor/symfony/console/Command/Command.php(341): Illuminate/Console/Command->execute(Object(Symfony/Component/Console/Input/ArgvInput), Object(Illuminate/Console/OutputStyle))
#22 C:/Users/Inovacion/Documents/repo/sirpirtt-laravel/vendor/laravel/framework/src/Illuminate/Console/Command.php(261): Symfony/Component/Console/Command/Command->run(Object(Symfony/Component/Console/Input/ArgvInput), Object(Illuminate/Console/OutputStyle))
#23 C:/Users/Inovacion/Documents/repo/sirpirtt-laravel/vendor/symfony/console/Application.php(1117): Illuminate/Console/Command->run(Object(Symfony/Component/Console/Input/ArgvInput), Object(Symfony/Component/Console/Output/ConsoleOutput))
#24 C:/Users/Inovacion/Documents/repo/sirpirtt-laravel/vendor/symfony/console/Application.php(356): Symfony/Component/Console/Application->doRunCommand(Object(Illuminate/Database/Console/Migrations/MigrateCommand), Object(Symfony/Component/Console/Input/ArgvInput), Object(Symfony/Component/Console/Output/ConsoleOutput))
#25 C:/Users/Inovacion/Documents/repo/sirpirtt-laravel/vendor/symfony/console/Application.php(195): Symfony/Component/Console/Application->doRun(Object(Symfony/Component/Console/Input/ArgvInput), Object(Symfony/Component/Console/Output/ConsoleOutput))
#26 C:/Users/Inovacion/Documents/repo/sirpirtt-laravel/vendor/laravel/framework/src/Illuminate/Foundation/Console/Kernel.php(198): Symfony/Component/Console/Application->run(Object(Symfony/Component/Console/Input/ArgvInput), Object(Symfony/Component/Console/Output/ConsoleOutput))
#27 C:/Users/Inovacion/Documents/repo/sirpirtt-laravel/vendor/laravel/framework/src/Illuminate/Foundation/Application.php(1242): Illuminate/Foundation/Console/Kernel->handle(Object(Symfony/Component/Console/Input/ArgvInput), Object(Symfony/Component/Console/Output/ConsoleOutput))
#28 C:/Users/Inovacion/Documents/repo/sirpirtt-laravel/artisan(16): Illuminate/Foundation/Application->handleCommand(Object(Symfony/Component/Console/Input/ArgvInput))
#29 {main}

[previous exception] [object] (PDOException(code: 7): SQLSTATE[08006] [7] connection to server at \"127.0.0.1\", port 5432 failed: FATAL:  la autentificaciï¿½n password fallï¿½ para el usuario ï¿½reportesï¿½ at C:/Users/Inovacion/Documents/repo/sirpirtt-laravel/vendor/laravel/framework/src/Illuminate/Database/Connectors/Connector.php:66)
[stacktrace]
#0 C:/Users/Inovacion/Documents/repo/sirpirtt-laravel/vendor/laravel/framework/src/Illuminate/Database/Connectors/Connector.php(66): PDO->__construct('pgsql:host=127....', 'reportes', Object(SensitiveParameterValue), Array)
#1 C:/Users/Inovacion/Documents/repo/sirpirtt-laravel/vendor/laravel/framework/src/Illuminate/Database/Connectors/Connector.php(44): Illuminate/Database/Connectors/Connector->createPdoConnection('pgsql:host=127....', 'reportes', Object(SensitiveParameterValue), Array)
#2 C:/Users/Inovacion/Documents/repo/sirpirtt-laravel/vendor/laravel/framework/src/Illuminate/Database/Connectors/PostgresConnector.php(35): Illuminate/Database/Connectors/Connector->createConnection('pgsql:host=127....', Array, Array)
#3 C:/Users/Inovacion/Documents/repo/sirpirtt-laravel/vendor/laravel/framework/src/Illuminate/Database/Connectors/ConnectionFactory.php(220): Illuminate/Database/Connectors/PostgresConnector->connect(Array)
#4 [internal function]: Illuminate/Database/Connectors/ConnectionFactory->Illuminate/Database/Connectors/{closure}()
#5 C:/Users/Inovacion/Documents/repo/sirpirtt-laravel/vendor/laravel/framework/src/Illuminate/Database/Connection.php(1297): call_user_func(Object(Closure))
#6 C:/Users/Inovacion/Documents/repo/sirpirtt-laravel/vendor/laravel/framework/src/Illuminate/Database/Connection.php(1335): Illuminate/Database/Connection->getPdo()
#7 C:/Users/Inovacion/Documents/repo/sirpirtt-laravel/vendor/laravel/framework/src/Illuminate/Database/Connection.php(542): Illuminate/Database/Connection->getReadPdo()
#8 C:/Users/Inovacion/Documents/repo/sirpirtt-laravel/vendor/laravel/framework/src/Illuminate/Database/Connection.php(435): Illuminate/Database/Connection->getPdoForSelect(true)
#9 C:/Users/Inovacion/Documents/repo/sirpirtt-laravel/vendor/laravel/framework/src/Illuminate/Database/Connection.php(846): Illuminate/Database/Connection->Illuminate/Database/{closure}('select exists (...', Array)
#10 C:/Users/Inovacion/Documents/repo/sirpirtt-laravel/vendor/laravel/framework/src/Illuminate/Database/Connection.php(813): Illuminate/Database/Connection->runQueryCallback('select exists (...', Array, Object(Closure))
#11 C:/Users/Inovacion/Documents/repo/sirpirtt-laravel/vendor/laravel/framework/src/Illuminate/Database/Connection.php(426): Illuminate/Database/Connection->run('select exists (...', Array, Object(Closure))
#12 C:/Users/Inovacion/Documents/repo/sirpirtt-laravel/vendor/laravel/framework/src/Illuminate/Database/Connection.php(371): Illuminate/Database/Connection->select('select exists (...', Array, true)
#13 C:/Users/Inovacion/Documents/repo/sirpirtt-laravel/vendor/laravel/framework/src/Illuminate/Database/Connection.php(388): Illuminate/Database/Connection->selectOne('select exists (...', Array, true)
#14 C:/Users/Inovacion/Documents/repo/sirpirtt-laravel/vendor/laravel/framework/src/Illuminate/Database/Schema/Builder.php(176): Illuminate/Database/Connection->scalar('select exists (...')
#15 C:/Users/Inovacion/Documents/repo/sirpirtt-laravel/vendor/laravel/framework/src/Illuminate/Database/Migrations/DatabaseMigrationRepository.php(185): Illuminate/Database/Schema/Builder->hasTable('migrations')
#16 C:/Users/Inovacion/Documents/repo/sirpirtt-laravel/vendor/laravel/framework/src/Illuminate/Database/Migrations/Migrator.php(797): Illuminate/Database/Migrations/DatabaseMigrationRepository->repositoryExists()
#17 C:/Users/Inovacion/Documents/repo/sirpirtt-laravel/vendor/laravel/framework/src/Illuminate/Database/Console/Migrations/MigrateCommand.php(166): Illuminate/Database/Migrations/Migrator->repositoryExists()
#18 C:/Users/Inovacion/Documents/repo/sirpirtt-laravel/vendor/laravel/framework/src/Illuminate/Support/helpers.php(328): Illuminate/Database/Console/Migrations/MigrateCommand->Illuminate/Database/Console/Migrations/{closure}(1)
#19 C:/Users/Inovacion/Documents/repo/sirpirtt-laravel/vendor/laravel/framework/src/Illuminate/Database/Console/Migrations/MigrateCommand.php(166): retry(1, Object(Closure), 0, Object(Closure))
#20 C:/Users/Inovacion/Documents/repo/sirpirtt-laravel/vendor/laravel/framework/src/Illuminate/Database/Console/Migrations/MigrateCommand.php(142): Illuminate/Database/Console/Migrations/MigrateCommand->repositoryExists()
#21 C:/Users/Inovacion/Documents/repo/sirpirtt-laravel/vendor/laravel/framework/src/Illuminate/Database/Console/Migrations/MigrateCommand.php(112): Illuminate/Database/Console/Migrations/MigrateCommand->prepareDatabase()
#22 C:/Users/Inovacion/Documents/repo/sirpirtt-laravel/vendor/laravel/framework/src/Illuminate/Database/Migrations/Migrator.php(672): Illuminate/Database/Console/Migrations/MigrateCommand->Illuminate/Database/Console/Migrations/{closure}()
#23 C:/Users/Inovacion/Documents/repo/sirpirtt-laravel/vendor/laravel/framework/src/Illuminate/Database/Console/Migrations/MigrateCommand.php(111): Illuminate/Database/Migrations/Migrator->usingConnection(NULL, Object(Closure))
#24 C:/Users/Inovacion/Documents/repo/sirpirtt-laravel/vendor/laravel/framework/src/Illuminate/Database/Console/Migrations/MigrateCommand.php(90): Illuminate/Database/Console/Migrations/MigrateCommand->runMigrations()
#25 C:/Users/Inovacion/Documents/repo/sirpirtt-laravel/vendor/laravel/framework/src/Illuminate/Container/BoundMethod.php(36): Illuminate/Database/Console/Migrations/MigrateCommand->handle()
#26 C:/Users/Inovacion/Documents/repo/sirpirtt-laravel/vendor/laravel/framework/src/Illuminate/Container/Util.php(43): Illuminate/Container/BoundMethod::Illuminate/Container/{closure}()
#27 C:/Users/Inovacion/Documents/repo/sirpirtt-laravel/vendor/laravel/framework/src/Illuminate/Container/BoundMethod.php(96): Illuminate/Container/Util::unwrapIfClosure(Object(Closure))
#28 C:/Users/Inovacion/Documents/repo/sirpirtt-laravel/vendor/laravel/framework/src/Illuminate/Container/BoundMethod.php(35): Illuminate/Container/BoundMethod::callBoundMethod(Object(Illuminate/Foundation/Application), Array, Object(Closure))
#29 C:/Users/Inovacion/Documents/repo/sirpirtt-laravel/vendor/laravel/framework/src/Illuminate/Container/Container.php(801): Illuminate/Container/BoundMethod::call(Object(Illuminate/Foundation/Application), Array, Array, NULL)
#30 C:/Users/Inovacion/Documents/repo/sirpirtt-laravel/vendor/laravel/framework/src/Illuminate/Console/Command.php(292): Illuminate/Container/Container->call(Array)
#31 C:/Users/Inovacion/Documents/repo/sirpirtt-laravel/vendor/symfony/console/Command/Command.php(341): Illuminate/Console/Command->execute(Object(Symfony/Component/Console/Input/ArgvInput), Object(Illuminate/Console/OutputStyle))
#32 C:/Users/Inovacion/Documents/repo/sirpirtt-laravel/vendor/laravel/framework/src/Illuminate/Console/Command.php(261): Symfony/Component/Console/Command/Command->run(Object(Symfony/Component/Console/Input/ArgvInput), Object(Illuminate/Console/OutputStyle))
#33 C:/Users/Inovacion/Documents/repo/sirpirtt-laravel/vendor/symfony/console/Application.php(1117): Illuminate/Console/Command->run(Object(Symfony/Component/Console/Input/ArgvInput), Object(Symfony/Component/Console/Output/ConsoleOutput))
#34 C:/Users/Inovacion/Documents/repo/sirpirtt-laravel/vendor/symfony/console/Application.php(356): Symfony/Component/Console/Application->doRunCommand(Object(Illuminate/Database/Console/Migrations/MigrateCommand), Object(Symfony/Component/Console/Input/ArgvInput), Object(Symfony/Component/Console/Output/ConsoleOutput))
#35 C:/Users/Inovacion/Documents/repo/sirpirtt-laravel/vendor/symfony/console/Application.php(195): Symfony/Component/Console/Application->doRun(Object(Symfony/Component/Console/Input/ArgvInput), Object(Symfony/Component/Console/Output/ConsoleOutput))
#36 C:/Users/Inovacion/Documents/repo/sirpirtt-laravel/vendor/laravel/framework/src/Illuminate/Foundation/Console/Kernel.php(198): Symfony/Component/Console/Application->run(Object(Symfony/Component/Console/Input/ArgvInput), Object(Symfony/Component/Console/Output/ConsoleOutput))
#37 C:/Users/Inovacion/Documents/repo/sirpirtt-laravel/vendor/laravel/framework/src/Illuminate/Foundation/Application.php(1242): Illuminate/Foundation/Console/Kernel->handle(Object(Symfony/Component/Console/Input/ArgvInput), Object(Symfony/Component/Console/Output/ConsoleOutput))
#38 C:/Users/Inovacion/Documents/repo/sirpirtt-laravel/artisan(16): Illuminate/Foundation/Application->handleCommand(Object(Symfony/Component/Console/Input/ArgvInput))
#39 {main}
"} 
[2026-08-20 19:49:10] local.ERROR: SQLSTATE[08006] [7] connection to server at "127.0.0.1", port 5432 failed: FATAL:  la autentificación password falló para el usuario «reportes» (Connection: pgsql, Host: 127.0.0.1, Port: 5432, Database: sirpirtt-v2, SQL: select exists (select 1 from pg_class c, pg_namespace n where n.nspname = current_schema() and c.relname = 'migrations' and c.relkind in ('r', 'p') and n.oid = c.relnamespace)) {"exception":"[object] (Illuminate\\Database\\QueryException(code: 7): SQLSTATE[08006] [7] connection to server at \"127.0.0.1\", port 5432 failed: FATAL:  la autentificaciï¿½n password fallï¿½ para el usuario ï¿½reportesï¿½ (Connection: pgsql, Host: 127.0.0.1, Port: 5432, Database: sirpirtt-v2, SQL: select exists (select 1 from pg_class c, pg_namespace n where n.nspname = current_schema() and c.relname = 'migrations' and c.relkind in ('r', 'p') and n.oid = c.relnamespace)) at C:/Users/Inovacion/Documents/repo/sirpirtt-laravel/vendor/laravel/framework/src/Illuminate/Database/Connection.php:857)
[stacktrace]
#0 C:/Users/Inovacion/Documents/repo/sirpirtt-laravel/vendor/laravel/framework/src/Illuminate/Database/Connection.php(813): Illuminate/Database/Connection->runQueryCallback('select exists (...', Array, Object(Closure))
#1 C:/Users/Inovacion/Documents/repo/sirpirtt-laravel/vendor/laravel/framework/src/Illuminate/Database/Connection.php(426): Illuminate/Database/Connection->run('select exists (...', Array, Object(Closure))
#2 C:/Users/Inovacion/Documents/repo/sirpirtt-laravel/vendor/laravel/framework/src/Illuminate/Database/Connection.php(371): Illuminate/Database/Connection->select('select exists (...', Array, true)
#3 C:/Users/Inovacion/Documents/repo/sirpirtt-laravel/vendor/laravel/framework/src/Illuminate/Database/Connection.php(388): Illuminate/Database/Connection->selectOne('select exists (...', Array, true)
#4 C:/Users/Inovacion/Documents/repo/sirpirtt-laravel/vendor/laravel/framework/src/Illuminate/Database/Schema/Builder.php(176): Illuminate/Database/Connection->scalar('select exists (...')
#5 C:/Users/Inovacion/Documents/repo/sirpirtt-laravel/vendor/laravel/framework/src/Illuminate/Database/Migrations/DatabaseMigrationRepository.php(185): Illuminate/Database/Schema/Builder->hasTable('migrations')
#6 C:/Users/Inovacion/Documents/repo/sirpirtt-laravel/vendor/laravel/framework/src/Illuminate/Database/Migrations/Migrator.php(797): Illuminate/Database/Migrations/DatabaseMigrationRepository->repositoryExists()
#7 C:/Users/Inovacion/Documents/repo/sirpirtt-laravel/vendor/laravel/framework/src/Illuminate/Database/Console/Migrations/MigrateCommand.php(166): Illuminate/Database/Migrations/Migrator->repositoryExists()
#8 C:/Users/Inovacion/Documents/repo/sirpirtt-laravel/vendor/laravel/framework/src/Illuminate/Support/helpers.php(328): Illuminate/Database/Console/Migrations/MigrateCommand->Illuminate/Database/Console/Migrations/{closure}(1)
#9 C:/Users/Inovacion/Documents/repo/sirpirtt-laravel/vendor/laravel/framework/src/Illuminate/Database/Console/Migrations/MigrateCommand.php(166): retry(1, Object(Closure), 0, Object(Closure))
#10 C:/Users/Inovacion/Documents/repo/sirpirtt-laravel/vendor/laravel/framework/src/Illuminate/Database/Console/Migrations/MigrateCommand.php(142): Illuminate/Database/Console/Migrations/MigrateCommand->repositoryExists()
#11 C:/Users/Inovacion/Documents/repo/sirpirtt-laravel/vendor/laravel/framework/src/Illuminate/Database/Console/Migrations/MigrateCommand.php(112): Illuminate/Database/Console/Migrations/MigrateCommand->prepareDatabase()
#12 C:/Users/Inovacion/Documents/repo/sirpirtt-laravel/vendor/laravel/framework/src/Illuminate/Database/Migrations/Migrator.php(672): Illuminate/Database/Console/Migrations/MigrateCommand->Illuminate/Database/Console/Migrations/{closure}()
#13 C:/Users/Inovacion/Documents/repo/sirpirtt-laravel/vendor/laravel/framework/src/Illuminate/Database/Console/Migrations/MigrateCommand.php(111): Illuminate/Database/Migrations/Migrator->usingConnection(NULL, Object(Closure))
#14 C:/Users/Inovacion/Documents/repo/sirpirtt-laravel/vendor/laravel/framework/src/Illuminate/Database/Console/Migrations/MigrateCommand.php(90): Illuminate/Database/Console/Migrations/MigrateCommand->runMigrations()
#15 C:/Users/Inovacion/Documents/repo/sirpirtt-laravel/vendor/laravel/framework/src/Illuminate/Container/BoundMethod.php(36): Illuminate/Database/Console/Migrations/MigrateCommand->handle()
#16 C:/Users/Inovacion/Documents/repo/sirpirtt-laravel/vendor/laravel/framework/src/Illuminate/Container/Util.php(43): Illuminate/Container/BoundMethod::Illuminate/Container/{closure}()
#17 C:/Users/Inovacion/Documents/repo/sirpirtt-laravel/vendor/laravel/framework/src/Illuminate/Container/BoundMethod.php(96): Illuminate/Container/Util::unwrapIfClosure(Object(Closure))
#18 C:/Users/Inovacion/Documents/repo/sirpirtt-laravel/vendor/laravel/framework/src/Illuminate/Container/BoundMethod.php(35): Illuminate/Container/BoundMethod::callBoundMethod(Object(Illuminate/Foundation/Application), Array, Object(Closure))
#19 C:/Users/Inovacion/Documents/repo/sirpirtt-laravel/vendor/laravel/framework/src/Illuminate/Container/Container.php(801): Illuminate/Container/BoundMethod::call(Object(Illuminate/Foundation/Application), Array, Array, NULL)
#20 C:/Users/Inovacion/Documents/repo/sirpirtt-laravel/vendor/laravel/framework/src/Illuminate/Console/Command.php(292): Illuminate/Container/Container->call(Array)
#21 C:/Users/Inovacion/Documents/repo/sirpirtt-laravel/vendor/symfony/console/Command/Command.php(341): Illuminate/Console/Command->execute(Object(Symfony/Component/Console/Input/ArgvInput), Object(Illuminate/Console/OutputStyle))
#22 C:/Users/Inovacion/Documents/repo/sirpirtt-laravel/vendor/laravel/framework/src/Illuminate/Console/Command.php(261): Symfony/Component/Console/Command/Command->run(Object(Symfony/Component/Console/Input/ArgvInput), Object(Illuminate/Console/OutputStyle))
#23 C:/Users/Inovacion/Documents/repo/sirpirtt-laravel/vendor/symfony/console/Application.php(1117): Illuminate/Console/Command->run(Object(Symfony/Component/Console/Input/ArgvInput), Object(Symfony/Component/Console/Output/ConsoleOutput))
#24 C:/Users/Inovacion/Documents/repo/sirpirtt-laravel/vendor/symfony/console/Application.php(356): Symfony/Component/Console/Application->doRunCommand(Object(Illuminate/Database/Console/Migrations/MigrateCommand), Object(Symfony/Component/Console/Input/ArgvInput), Object(Symfony/Component/Console/Output/ConsoleOutput))
#25 C:/Users/Inovacion/Documents/repo/sirpirtt-laravel/vendor/symfony/console/Application.php(195): Symfony/Component/Console/Application->doRun(Object(Symfony/Component/Console/Input/ArgvInput), Object(Symfony/Component/Console/Output/ConsoleOutput))
#26 C:/Users/Inovacion/Documents/repo/sirpirtt-laravel/vendor/laravel/framework/src/Illuminate/Foundation/Console/Kernel.php(198): Symfony/Component/Console/Application->run(Object(Symfony/Component/Console/Input/ArgvInput), Object(Symfony/Component/Console/Output/ConsoleOutput))
#27 C:/Users/Inovacion/Documents/repo/sirpirtt-laravel/vendor/laravel/framework/src/Illuminate/Foundation/Application.php(1242): Illuminate/Foundation/Console/Kernel->handle(Object(Symfony/Component/Console/Input/ArgvInput), Object(Symfony/Component/Console/Output/ConsoleOutput))
#28 C:/Users/Inovacion/Documents/repo/sirpirtt-laravel/artisan(16): Illuminate/Foundation/Application->handleCommand(Object(Symfony/Component/Console/Input/ArgvInput))
#29 {main}

[previous exception] [object] (PDOException(code: 7): SQLSTATE[08006] [7] connection to server at \"127.0.0.1\", port 5432 failed: FATAL:  la autentificaciï¿½n password fallï¿½ para el usuario ï¿½reportesï¿½ at C:/Users/Inovacion/Documents/repo/sirpirtt-laravel/vendor/laravel/framework/src/Illuminate/Database/Connectors/Connector.php:66)
[stacktrace]
#0 C:/Users/Inovacion/Documents/repo/sirpirtt-laravel/vendor/laravel/framework/src/Illuminate/Database/Connectors/Connector.php(66): PDO->__construct('pgsql:host=127....', 'reportes', Object(SensitiveParameterValue), Array)
#1 C:/Users/Inovacion/Documents/repo/sirpirtt-laravel/vendor/laravel/framework/src/Illuminate/Database/Connectors/Connector.php(44): Illuminate/Database/Connectors/Connector->createPdoConnection('pgsql:host=127....', 'reportes', Object(SensitiveParameterValue), Array)
#2 C:/Users/Inovacion/Documents/repo/sirpirtt-laravel/vendor/laravel/framework/src/Illuminate/Database/Connectors/PostgresConnector.php(35): Illuminate/Database/Connectors/Connector->createConnection('pgsql:host=127....', Array, Array)
#3 C:/Users/Inovacion/Documents/repo/sirpirtt-laravel/vendor/laravel/framework/src/Illuminate/Database/Connectors/ConnectionFactory.php(220): Illuminate/Database/Connectors/PostgresConnector->connect(Array)
#4 [internal function]: Illuminate/Database/Connectors/ConnectionFactory->Illuminate/Database/Connectors/{closure}()
#5 C:/Users/Inovacion/Documents/repo/sirpirtt-laravel/vendor/laravel/framework/src/Illuminate/Database/Connection.php(1297): call_user_func(Object(Closure))
#6 C:/Users/Inovacion/Documents/repo/sirpirtt-laravel/vendor/laravel/framework/src/Illuminate/Database/Connection.php(1335): Illuminate/Database/Connection->getPdo()
#7 C:/Users/Inovacion/Documents/repo/sirpirtt-laravel/vendor/laravel/framework/src/Illuminate/Database/Connection.php(542): Illuminate/Database/Connection->getReadPdo()
#8 C:/Users/Inovacion/Documents/repo/sirpirtt-laravel/vendor/laravel/framework/src/Illuminate/Database/Connection.php(435): Illuminate/Database/Connection->getPdoForSelect(true)
#9 C:/Users/Inovacion/Documents/repo/sirpirtt-laravel/vendor/laravel/framework/src/Illuminate/Database/Connection.php(846): Illuminate/Database/Connection->Illuminate/Database/{closure}('select exists (...', Array)
#10 C:/Users/Inovacion/Documents/repo/sirpirtt-laravel/vendor/laravel/framework/src/Illuminate/Database/Connection.php(813): Illuminate/Database/Connection->runQueryCallback('select exists (...', Array, Object(Closure))
#11 C:/Users/Inovacion/Documents/repo/sirpirtt-laravel/vendor/laravel/framework/src/Illuminate/Database/Connection.php(426): Illuminate/Database/Connection->run('select exists (...', Array, Object(Closure))
#12 C:/Users/Inovacion/Documents/repo/sirpirtt-laravel/vendor/laravel/framework/src/Illuminate/Database/Connection.php(371): Illuminate/Database/Connection->select('select exists (...', Array, true)
#13 C:/Users/Inovacion/Documents/repo/sirpirtt-laravel/vendor/laravel/framework/src/Illuminate/Database/Connection.php(388): Illuminate/Database/Connection->selectOne('select exists (...', Array, true)
#14 C:/Users/Inovacion/Documents/repo/sirpirtt-laravel/vendor/laravel/framework/src/Illuminate/Database/Schema/Builder.php(176): Illuminate/Database/Connection->scalar('select exists (...')
#15 C:/Users/Inovacion/Documents/repo/sirpirtt-laravel/vendor/laravel/framework/src/Illuminate/Database/Migrations/DatabaseMigrationRepository.php(185): Illuminate/Database/Schema/Builder->hasTable('migrations')
#16 C:/Users/Inovacion/Documents/repo/sirpirtt-laravel/vendor/laravel/framework/src/Illuminate/Database/Migrations/Migrator.php(797): Illuminate/Database/Migrations/DatabaseMigrationRepository->repositoryExists()
#17 C:/Users/Inovacion/Documents/repo/sirpirtt-laravel/vendor/laravel/framework/src/Illuminate/Database/Console/Migrations/MigrateCommand.php(166): Illuminate/Database/Migrations/Migrator->repositoryExists()
#18 C:/Users/Inovacion/Documents/repo/sirpirtt-laravel/vendor/laravel/framework/src/Illuminate/Support/helpers.php(328): Illuminate/Database/Console/Migrations/MigrateCommand->Illuminate/Database/Console/Migrations/{closure}(1)
#19 C:/Users/Inovacion/Documents/repo/sirpirtt-laravel/vendor/laravel/framework/src/Illuminate/Database/Console/Migrations/MigrateCommand.php(166): retry(1, Object(Closure), 0, Object(Closure))
#20 C:/Users/Inovacion/Documents/repo/sirpirtt-laravel/vendor/laravel/framework/src/Illuminate/Database/Console/Migrations/MigrateCommand.php(142): Illuminate/Database/Console/Migrations/MigrateCommand->repositoryExists()
#21 C:/Users/Inovacion/Documents/repo/sirpirtt-laravel/vendor/laravel/framework/src/Illuminate/Database/Console/Migrations/MigrateCommand.php(112): Illuminate/Database/Console/Migrations/MigrateCommand->prepareDatabase()
#22 C:/Users/Inovacion/Documents/repo/sirpirtt-laravel/vendor/laravel/framework/src/Illuminate/Database/Migrations/Migrator.php(672): Illuminate/Database/Console/Migrations/MigrateCommand->Illuminate/Database/Console/Migrations/{closure}()
#23 C:/Users/Inovacion/Documents/repo/sirpirtt-laravel/vendor/laravel/framework/src/Illuminate/Database/Console/Migrations/MigrateCommand.php(111): Illuminate/Database/Migrations/Migrator->usingConnection(NULL, Object(Closure))
#24 C:/Users/Inovacion/Documents/repo/sirpirtt-laravel/vendor/laravel/framework/src/Illuminate/Database/Console/Migrations/MigrateCommand.php(90): Illuminate/Database/Console/Migrations/MigrateCommand->runMigrations()
#25 C:/Users/Inovacion/Documents/repo/sirpirtt-laravel/vendor/laravel/framework/src/Illuminate/Container/BoundMethod.php(36): Illuminate/Database/Console/Migrations/MigrateCommand->handle()
#26 C:/Users/Inovacion/Documents/repo/sirpirtt-laravel/vendor/laravel/framework/src/Illuminate/Container/Util.php(43): Illuminate/Container/BoundMethod::Illuminate/Container/{closure}()
#27 C:/Users/Inovacion/Documents/repo/sirpirtt-laravel/vendor/laravel/framework/src/Illuminate/Container/BoundMethod.php(96): Illuminate/Container/Util::unwrapIfClosure(Object(Closure))
#28 C:/Users/Inovacion/Documents/repo/sirpirtt-laravel/vendor/laravel/framework/src/Illuminate/Container/BoundMethod.php(35): Illuminate/Container/BoundMethod::callBoundMethod(Object(Illuminate/Foundation/Application), Array, Object(Closure))
#29 C:/Users/Inovacion/Documents/repo/sirpirtt-laravel/vendor/laravel/framework/src/Illuminate/Container/Container.php(801): Illuminate/Container/BoundMethod::call(Object(Illuminate/Foundation/Application), Array, Array, NULL)
#30 C:/Users/Inovacion/Documents/repo/sirpirtt-laravel/vendor/laravel/framework/src/Illuminate/Console/Command.php(292): Illuminate/Container/Container->call(Array)
#31 C:/Users/Inovacion/Documents/repo/sirpirtt-laravel/vendor/symfony/console/Command/Command.php(341): Illuminate/Console/Command->execute(Object(Symfony/Component/Console/Input/ArgvInput), Object(Illuminate/Console/OutputStyle))
#32 C:/Users/Inovacion/Documents/repo/sirpirtt-laravel/vendor/laravel/framework/src/Illuminate/Console/Command.php(261): Symfony/Component/Console/Command/Command->run(Object(Symfony/Component/Console/Input/ArgvInput), Object(Illuminate/Console/OutputStyle))
#33 C:/Users/Inovacion/Documents/repo/sirpirtt-laravel/vendor/symfony/console/Application.php(1117): Illuminate/Console/Command->run(Object(Symfony/Component/Console/Input/ArgvInput), Object(Symfony/Component/Console/Output/ConsoleOutput))
#34 C:/Users/Inovacion/Documents/repo/sirpirtt-laravel/vendor/symfony/console/Application.php(356): Symfony/Component/Console/Application->doRunCommand(Object(Illuminate/Database/Console/Migrations/MigrateCommand), Object(Symfony/Component/Console/Input/ArgvInput), Object(Symfony/Component/Console/Output/ConsoleOutput))
#35 C:/Users/Inovacion/Documents/repo/sirpirtt-laravel/vendor/symfony/console/Application.php(195): Symfony/Component/Console/Application->doRun(Object(Symfony/Component/Console/Input/ArgvInput), Object(Symfony/Component/Console/Output/ConsoleOutput))
#36 C:/Users/Inovacion/Documents/repo/sirpirtt-laravel/vendor/laravel/framework/src/Illuminate/Foundation/Console/Kernel.php(198): Symfony/Component/Console/Application->run(Object(Symfony/Component/Console/Input/ArgvInput), Object(Symfony/Component/Console/Output/ConsoleOutput))
#37 C:/Users/Inovacion/Documents/repo/sirpirtt-laravel/vendor/laravel/framework/src/Illuminate/Foundation/Application.php(1242): Illuminate/Foundation/Console/Kernel->handle(Object(Symfony/Component/Console/Input/ArgvInput), Object(Symfony/Component/Console/Output/ConsoleOutput))
#38 C:/Users/Inovacion/Documents/repo/sirpirtt-laravel/artisan(16): Illuminate/Foundation/Application->handleCommand(Object(Symfony/Component/Console/Input/ArgvInput))
#39 {main}
"} 
[2026-08-20 19:50:02] local.ERROR: SQLSTATE[08006] [7] connection to server at "127.0.0.1", port 5432 failed: FATAL:  la autentificación password falló para el usuario «reportes» (Connection: pgsql, Host: 127.0.0.1, Port: 5432, Database: sirpirtt-v2, SQL: select exists (select 1 from pg_class c, pg_namespace n where n.nspname = current_schema() and c.relname = 'migrations' and c.relkind in ('r', 'p') and n.oid = c.relnamespace)) {"exception":"[object] (Illuminate\\Database\\QueryException(code: 7): SQLSTATE[08006] [7] connection to server at \"127.0.0.1\", port 5432 failed: FATAL:  la autentificaciï¿½n password fallï¿½ para el usuario ï¿½reportesï¿½ (Connection: pgsql, Host: 127.0.0.1, Port: 5432, Database: sirpirtt-v2, SQL: select exists (select 1 from pg_class c, pg_namespace n where n.nspname = current_schema() and c.relname = 'migrations' and c.relkind in ('r', 'p') and n.oid = c.relnamespace)) at C:/Users/Inovacion/Documents/repo/sirpirtt-laravel/vendor/laravel/framework/src/Illuminate/Database/Connection.php:857)
[stacktrace]
#0 C:/Users/Inovacion/Documents/repo/sirpirtt-laravel/vendor/laravel/framework/src/Illuminate/Database/Connection.php(813): Illuminate/Database/Connection->runQueryCallback('select exists (...', Array, Object(Closure))
#1 C:/Users/Inovacion/Documents/repo/sirpirtt-laravel/vendor/laravel/framework/src/Illuminate/Database/Connection.php(426): Illuminate/Database/Connection->run('select exists (...', Array, Object(Closure))
#2 C:/Users/Inovacion/Documents/repo/sirpirtt-laravel/vendor/laravel/framework/src/Illuminate/Database/Connection.php(371): Illuminate/Database/Connection->select('select exists (...', Array, true)
#3 C:/Users/Inovacion/Documents/repo/sirpirtt-laravel/vendor/laravel/framework/src/Illuminate/Database/Connection.php(388): Illuminate/Database/Connection->selectOne('select exists (...', Array, true)
#4 C:/Users/Inovacion/Documents/repo/sirpirtt-laravel/vendor/laravel/framework/src/Illuminate/Database/Schema/Builder.php(176): Illuminate/Database/Connection->scalar('select exists (...')
#5 C:/Users/Inovacion/Documents/repo/sirpirtt-laravel/vendor/laravel/framework/src/Illuminate/Database/Migrations/DatabaseMigrationRepository.php(185): Illuminate/Database/Schema/Builder->hasTable('migrations')
#6 C:/Users/Inovacion/Documents/repo/sirpirtt-laravel/vendor/laravel/framework/src/Illuminate/Database/Migrations/Migrator.php(797): Illuminate/Database/Migrations/DatabaseMigrationRepository->repositoryExists()
#7 C:/Users/Inovacion/Documents/repo/sirpirtt-laravel/vendor/laravel/framework/src/Illuminate/Database/Console/Migrations/MigrateCommand.php(166): Illuminate/Database/Migrations/Migrator->repositoryExists()
#8 C:/Users/Inovacion/Documents/repo/sirpirtt-laravel/vendor/laravel/framework/src/Illuminate/Support/helpers.php(328): Illuminate/Database/Console/Migrations/MigrateCommand->Illuminate/Database/Console/Migrations/{closure}(1)
#9 C:/Users/Inovacion/Documents/repo/sirpirtt-laravel/vendor/laravel/framework/src/Illuminate/Database/Console/Migrations/MigrateCommand.php(166): retry(1, Object(Closure), 0, Object(Closure))
#10 C:/Users/Inovacion/Documents/repo/sirpirtt-laravel/vendor/laravel/framework/src/Illuminate/Database/Console/Migrations/MigrateCommand.php(142): Illuminate/Database/Console/Migrations/MigrateCommand->repositoryExists()
#11 C:/Users/Inovacion/Documents/repo/sirpirtt-laravel/vendor/laravel/framework/src/Illuminate/Database/Console/Migrations/MigrateCommand.php(112): Illuminate/Database/Console/Migrations/MigrateCommand->prepareDatabase()
#12 C:/Users/Inovacion/Documents/repo/sirpirtt-laravel/vendor/laravel/framework/src/Illuminate/Database/Migrations/Migrator.php(672): Illuminate/Database/Console/Migrations/MigrateCommand->Illuminate/Database/Console/Migrations/{closure}()
#13 C:/Users/Inovacion/Documents/repo/sirpirtt-laravel/vendor/laravel/framework/src/Illuminate/Database/Console/Migrations/MigrateCommand.php(111): Illuminate/Database/Migrations/Migrator->usingConnection(NULL, Object(Closure))
#14 C:/Users/Inovacion/Documents/repo/sirpirtt-laravel/vendor/laravel/framework/src/Illuminate/Database/Console/Migrations/MigrateCommand.php(90): Illuminate/Database/Console/Migrations/MigrateCommand->runMigrations()
#15 C:/Users/Inovacion/Documents/repo/sirpirtt-laravel/vendor/laravel/framework/src/Illuminate/Container/BoundMethod.php(36): Illuminate/Database/Console/Migrations/MigrateCommand->handle()
#16 C:/Users/Inovacion/Documents/repo/sirpirtt-laravel/vendor/laravel/framework/src/Illuminate/Container/Util.php(43): Illuminate/Container/BoundMethod::Illuminate/Container/{closure}()
#17 C:/Users/Inovacion/Documents/repo/sirpirtt-laravel/vendor/laravel/framework/src/Illuminate/Container/BoundMethod.php(96): Illuminate/Container/Util::unwrapIfClosure(Object(Closure))
#18 C:/Users/Inovacion/Documents/repo/sirpirtt-laravel/vendor/laravel/framework/src/Illuminate/Container/BoundMethod.php(35): Illuminate/Container/BoundMethod::callBoundMethod(Object(Illuminate/Foundation/Application), Array, Object(Closure))
#19 C:/Users/Inovacion/Documents/repo/sirpirtt-laravel/vendor/laravel/framework/src/Illuminate/Container/Container.php(801): Illuminate/Container/BoundMethod::call(Object(Illuminate/Foundation/Application), Array, Array, NULL)
#20 C:/Users/Inovacion/Documents/repo/sirpirtt-laravel/vendor/laravel/framework/src/Illuminate/Console/Command.php(292): Illuminate/Container/Container->call(Array)
#21 C:/Users/Inovacion/Documents/repo/sirpirtt-laravel/vendor/symfony/console/Command/Command.php(341): Illuminate/Console/Command->execute(Object(Symfony/Component/Console/Input/ArgvInput), Object(Illuminate/Console/OutputStyle))
#22 C:/Users/Inovacion/Documents/repo/sirpirtt-laravel/vendor/laravel/framework/src/Illuminate/Console/Command.php(261): Symfony/Component/Console/Command/Command->run(Object(Symfony/Component/Console/Input/ArgvInput), Object(Illuminate/Console/OutputStyle))
#23 C:/Users/Inovacion/Documents/repo/sirpirtt-laravel/vendor/symfony/console/Application.php(1117): Illuminate/Console/Command->run(Object(Symfony/Component/Console/Input/ArgvInput), Object(Symfony/Component/Console/Output/ConsoleOutput))
#24 C:/Users/Inovacion/Documents/repo/sirpirtt-laravel/vendor/symfony/console/Application.php(356): Symfony/Component/Console/Application->doRunCommand(Object(Illuminate/Database/Console/Migrations/MigrateCommand), Object(Symfony/Component/Console/Input/ArgvInput), Object(Symfony/Component/Console/Output/ConsoleOutput))
#25 C:/Users/Inovacion/Documents/repo/sirpirtt-laravel/vendor/symfony/console/Application.php(195): Symfony/Component/Console/Application->doRun(Object(Symfony/Component/Console/Input/ArgvInput), Object(Symfony/Component/Console/Output/ConsoleOutput))
#26 C:/Users/Inovacion/Documents/repo/sirpirtt-laravel/vendor/laravel/framework/src/Illuminate/Foundation/Console/Kernel.php(198): Symfony/Component/Console/Application->run(Object(Symfony/Component/Console/Input/ArgvInput), Object(Symfony/Component/Console/Output/ConsoleOutput))
#27 C:/Users/Inovacion/Documents/repo/sirpirtt-laravel/vendor/laravel/framework/src/Illuminate/Foundation/Application.php(1242): Illuminate/Foundation/Console/Kernel->handle(Object(Symfony/Component/Console/Input/ArgvInput), Object(Symfony/Component/Console/Output/ConsoleOutput))
#28 C:/Users/Inovacion/Documents/repo/sirpirtt-laravel/artisan(16): Illuminate/Foundation/Application->handleCommand(Object(Symfony/Component/Console/Input/ArgvInput))
#29 {main}

[previous exception] [object] (PDOException(code: 7): SQLSTATE[08006] [7] connection to server at \"127.0.0.1\", port 5432 failed: FATAL:  la autentificaciï¿½n password fallï¿½ para el usuario ï¿½reportesï¿½ at C:/Users/Inovacion/Documents/repo/sirpirtt-laravel/vendor/laravel/framework/src/Illuminate/Database/Connectors/Connector.php:66)
[stacktrace]
#0 C:/Users/Inovacion/Documents/repo/sirpirtt-laravel/vendor/laravel/framework/src/Illuminate/Database/Connectors/Connector.php(66): PDO->__construct('pgsql:host=127....', 'reportes', Object(SensitiveParameterValue), Array)
#1 C:/Users/Inovacion/Documents/repo/sirpirtt-laravel/vendor/laravel/framework/src/Illuminate/Database/Connectors/Connector.php(44): Illuminate/Database/Connectors/Connector->createPdoConnection('pgsql:host=127....', 'reportes', Object(SensitiveParameterValue), Array)
#2 C:/Users/Inovacion/Documents/repo/sirpirtt-laravel/vendor/laravel/framework/src/Illuminate/Database/Connectors/PostgresConnector.php(35): Illuminate/Database/Connectors/Connector->createConnection('pgsql:host=127....', Array, Array)
#3 C:/Users/Inovacion/Documents/repo/sirpirtt-laravel/vendor/laravel/framework/src/Illuminate/Database/Connectors/ConnectionFactory.php(220): Illuminate/Database/Connectors/PostgresConnector->connect(Array)
#4 [internal function]: Illuminate/Database/Connectors/ConnectionFactory->Illuminate/Database/Connectors/{closure}()
#5 C:/Users/Inovacion/Documents/repo/sirpirtt-laravel/vendor/laravel/framework/src/Illuminate/Database/Connection.php(1297): call_user_func(Object(Closure))
#6 C:/Users/Inovacion/Documents/repo/sirpirtt-laravel/vendor/laravel/framework/src/Illuminate/Database/Connection.php(1335): Illuminate/Database/Connection->getPdo()
#7 C:/Users/Inovacion/Documents/repo/sirpirtt-laravel/vendor/laravel/framework/src/Illuminate/Database/Connection.php(542): Illuminate/Database/Connection->getReadPdo()
#8 C:/Users/Inovacion/Documents/repo/sirpirtt-laravel/vendor/laravel/framework/src/Illuminate/Database/Connection.php(435): Illuminate/Database/Connection->getPdoForSelect(true)
#9 C:/Users/Inovacion/Documents/repo/sirpirtt-laravel/vendor/laravel/framework/src/Illuminate/Database/Connection.php(846): Illuminate/Database/Connection->Illuminate/Database/{closure}('select exists (...', Array)
#10 C:/Users/Inovacion/Documents/repo/sirpirtt-laravel/vendor/laravel/framework/src/Illuminate/Database/Connection.php(813): Illuminate/Database/Connection->runQueryCallback('select exists (...', Array, Object(Closure))
#11 C:/Users/Inovacion/Documents/repo/sirpirtt-laravel/vendor/laravel/framework/src/Illuminate/Database/Connection.php(426): Illuminate/Database/Connection->run('select exists (...', Array, Object(Closure))
#12 C:/Users/Inovacion/Documents/repo/sirpirtt-laravel/vendor/laravel/framework/src/Illuminate/Database/Connection.php(371): Illuminate/Database/Connection->select('select exists (...', Array, true)
#13 C:/Users/Inovacion/Documents/repo/sirpirtt-laravel/vendor/laravel/framework/src/Illuminate/Database/Connection.php(388): Illuminate/Database/Connection->selectOne('select exists (...', Array, true)
#14 C:/Users/Inovacion/Documents/repo/sirpirtt-laravel/vendor/laravel/framework/src/Illuminate/Database/Schema/Builder.php(176): Illuminate/Database/Connection->scalar('select exists (...')
#15 C:/Users/Inovacion/Documents/repo/sirpirtt-laravel/vendor/laravel/framework/src/Illuminate/Database/Migrations/DatabaseMigrationRepository.php(185): Illuminate/Database/Schema/Builder->hasTable('migrations')
#16 C:/Users/Inovacion/Documents/repo/sirpirtt-laravel/vendor/laravel/framework/src/Illuminate/Database/Migrations/Migrator.php(797): Illuminate/Database/Migrations/DatabaseMigrationRepository->repositoryExists()
#17 C:/Users/Inovacion/Documents/repo/sirpirtt-laravel/vendor/laravel/framework/src/Illuminate/Database/Console/Migrations/MigrateCommand.php(166): Illuminate/Database/Migrations/Migrator->repositoryExists()
#18 C:/Users/Inovacion/Documents/repo/sirpirtt-laravel/vendor/laravel/framework/src/Illuminate/Support/helpers.php(328): Illuminate/Database/Console/Migrations/MigrateCommand->Illuminate/Database/Console/Migrations/{closure}(1)
#19 C:/Users/Inovacion/Documents/repo/sirpirtt-laravel/vendor/laravel/framework/src/Illuminate/Database/Console/Migrations/MigrateCommand.php(166): retry(1, Object(Closure), 0, Object(Closure))
#20 C:/Users/Inovacion/Documents/repo/sirpirtt-laravel/vendor/laravel/framework/src/Illuminate/Database/Console/Migrations/MigrateCommand.php(142): Illuminate/Database/Console/Migrations/MigrateCommand->repositoryExists()
#21 C:/Users/Inovacion/Documents/repo/sirpirtt-laravel/vendor/laravel/framework/src/Illuminate/Database/Console/Migrations/MigrateCommand.php(112): Illuminate/Database/Console/Migrations/MigrateCommand->prepareDatabase()
#22 C:/Users/Inovacion/Documents/repo/sirpirtt-laravel/vendor/laravel/framework/src/Illuminate/Database/Migrations/Migrator.php(672): Illuminate/Database/Console/Migrations/MigrateCommand->Illuminate/Database/Console/Migrations/{closure}()
#23 C:/Users/Inovacion/Documents/repo/sirpirtt-laravel/vendor/laravel/framework/src/Illuminate/Database/Console/Migrations/MigrateCommand.php(111): Illuminate/Database/Migrations/Migrator->usingConnection(NULL, Object(Closure))
#24 C:/Users/Inovacion/Documents/repo/sirpirtt-laravel/vendor/laravel/framework/src/Illuminate/Database/Console/Migrations/MigrateCommand.php(90): Illuminate/Database/Console/Migrations/MigrateCommand->runMigrations()
#25 C:/Users/Inovacion/Documents/repo/sirpirtt-laravel/vendor/laravel/framework/src/Illuminate/Container/BoundMethod.php(36): Illuminate/Database/Console/Migrations/MigrateCommand->handle()
#26 C:/Users/Inovacion/Documents/repo/sirpirtt-laravel/vendor/laravel/framework/src/Illuminate/Container/Util.php(43): Illuminate/Container/BoundMethod::Illuminate/Container/{closure}()
#27 C:/Users/Inovacion/Documents/repo/sirpirtt-laravel/vendor/laravel/framework/src/Illuminate/Container/BoundMethod.php(96): Illuminate/Container/Util::unwrapIfClosure(Object(Closure))
#28 C:/Users/Inovacion/Documents/repo/sirpirtt-laravel/vendor/laravel/framework/src/Illuminate/Container/BoundMethod.php(35): Illuminate/Container/BoundMethod::callBoundMethod(Object(Illuminate/Foundation/Application), Array, Object(Closure))
#29 C:/Users/Inovacion/Documents/repo/sirpirtt-laravel/vendor/laravel/framework/src/Illuminate/Container/Container.php(801): Illuminate/Container/BoundMethod::call(Object(Illuminate/Foundation/Application), Array, Array, NULL)
#30 C:/Users/Inovacion/Documents/repo/sirpirtt-laravel/vendor/laravel/framework/src/Illuminate/Console/Command.php(292): Illuminate/Container/Container->call(Array)
#31 C:/Users/Inovacion/Documents/repo/sirpirtt-laravel/vendor/symfony/console/Command/Command.php(341): Illuminate/Console/Command->execute(Object(Symfony/Component/Console/Input/ArgvInput), Object(Illuminate/Console/OutputStyle))
#32 C:/Users/Inovacion/Documents/repo/sirpirtt-laravel/vendor/laravel/framework/src/Illuminate/Console/Command.php(261): Symfony/Component/Console/Command/Command->run(Object(Symfony/Component/Console/Input/ArgvInput), Object(Illuminate/Console/OutputStyle))
#33 C:/Users/Inovacion/Documents/repo/sirpirtt-laravel/vendor/symfony/console/Application.php(1117): Illuminate/Console/Command->run(Object(Symfony/Component/Console/Input/ArgvInput), Object(Symfony/Component/Console/Output/ConsoleOutput))
#34 C:/Users/Inovacion/Documents/repo/sirpirtt-laravel/vendor/symfony/console/Application.php(356): Symfony/Component/Console/Application->doRunCommand(Object(Illuminate/Database/Console/Migrations/MigrateCommand), Object(Symfony/Component/Console/Input/ArgvInput), Object(Symfony/Component/Console/Output/ConsoleOutput))
#35 C:/Users/Inovacion/Documents/repo/sirpirtt-laravel/vendor/symfony/console/Application.php(195): Symfony/Component/Console/Application->doRun(Object(Symfony/Component/Console/Input/ArgvInput), Object(Symfony/Component/Console/Output/ConsoleOutput))
#36 C:/Users/Inovacion/Documents/repo/sirpirtt-laravel/vendor/laravel/framework/src/Illuminate/Foundation/Console/Kernel.php(198): Symfony/Component/Console/Application->run(Object(Symfony/Component/Console/Input/ArgvInput), Object(Symfony/Component/Console/Output/ConsoleOutput))
#37 C:/Users/Inovacion/Documents/repo/sirpirtt-laravel/vendor/laravel/framework/src/Illuminate/Foundation/Application.php(1242): Illuminate/Foundation/Console/Kernel->handle(Object(Symfony/Component/Console/Input/ArgvInput), Object(Symfony/Component/Console/Output/ConsoleOutput))
#38 C:/Users/Inovacion/Documents/repo/sirpirtt-laravel/artisan(16): Illuminate/Foundation/Application->handleCommand(Object(Symfony/Component/Console/Input/ArgvInput))
#39 {main}
"} 
[2026-08-20 19:50:16] local.ERROR: SQLSTATE[08006] [7] connection to server at "127.0.0.1", port 5432 failed: FATAL:  la autentificación password falló para el usuario «reportes» (Connection: pgsql, Host: 127.0.0.1, Port: 5432, Database: sirpirtt-v2, SQL: select exists (select 1 from pg_class c, pg_namespace n where n.nspname = current_schema() and c.relname = 'migrations' and c.relkind in ('r', 'p') and n.oid = c.relnamespace)) {"exception":"[object] (Illuminate\\Database\\QueryException(code: 7): SQLSTATE[08006] [7] connection to server at \"127.0.0.1\", port 5432 failed: FATAL:  la autentificaciï¿½n password fallï¿½ para el usuario ï¿½reportesï¿½ (Connection: pgsql, Host: 127.0.0.1, Port: 5432, Database: sirpirtt-v2, SQL: select exists (select 1 from pg_class c, pg_namespace n where n.nspname = current_schema() and c.relname = 'migrations' and c.relkind in ('r', 'p') and n.oid = c.relnamespace)) at C:/Users/Inovacion/Documents/repo/sirpirtt-laravel/vendor/laravel/framework/src/Illuminate/Database/Connection.php:857)
[stacktrace]
#0 C:/Users/Inovacion/Documents/repo/sirpirtt-laravel/vendor/laravel/framework/src/Illuminate/Database/Connection.php(813): Illuminate/Database/Connection->runQueryCallback('select exists (...', Array, Object(Closure))
#1 C:/Users/Inovacion/Documents/repo/sirpirtt-laravel/vendor/laravel/framework/src/Illuminate/Database/Connection.php(426): Illuminate/Database/Connection->run('select exists (...', Array, Object(Closure))
#2 C:/Users/Inovacion/Documents/repo/sirpirtt-laravel/vendor/laravel/framework/src/Illuminate/Database/Connection.php(371): Illuminate/Database/Connection->select('select exists (...', Array, true)
#3 C:/Users/Inovacion/Documents/repo/sirpirtt-laravel/vendor/laravel/framework/src/Illuminate/Database/Connection.php(388): Illuminate/Database/Connection->selectOne('select exists (...', Array, true)
#4 C:/Users/Inovacion/Documents/repo/sirpirtt-laravel/vendor/laravel/framework/src/Illuminate/Database/Schema/Builder.php(176): Illuminate/Database/Connection->scalar('select exists (...')
#5 C:/Users/Inovacion/Documents/repo/sirpirtt-laravel/vendor/laravel/framework/src/Illuminate/Database/Migrations/DatabaseMigrationRepository.php(185): Illuminate/Database/Schema/Builder->hasTable('migrations')
#6 C:/Users/Inovacion/Documents/repo/sirpirtt-laravel/vendor/laravel/framework/src/Illuminate/Database/Migrations/Migrator.php(797): Illuminate/Database/Migrations/DatabaseMigrationRepository->repositoryExists()
#7 C:/Users/Inovacion/Documents/repo/sirpirtt-laravel/vendor/laravel/framework/src/Illuminate/Database/Console/Migrations/MigrateCommand.php(166): Illuminate/Database/Migrations/Migrator->repositoryExists()
#8 C:/Users/Inovacion/Documents/repo/sirpirtt-laravel/vendor/laravel/framework/src/Illuminate/Support/helpers.php(328): Illuminate/Database/Console/Migrations/MigrateCommand->Illuminate/Database/Console/Migrations/{closure}(1)
#9 C:/Users/Inovacion/Documents/repo/sirpirtt-laravel/vendor/laravel/framework/src/Illuminate/Database/Console/Migrations/MigrateCommand.php(166): retry(1, Object(Closure), 0, Object(Closure))
#10 C:/Users/Inovacion/Documents/repo/sirpirtt-laravel/vendor/laravel/framework/src/Illuminate/Database/Console/Migrations/MigrateCommand.php(142): Illuminate/Database/Console/Migrations/MigrateCommand->repositoryExists()
#11 C:/Users/Inovacion/Documents/repo/sirpirtt-laravel/vendor/laravel/framework/src/Illuminate/Database/Console/Migrations/MigrateCommand.php(112): Illuminate/Database/Console/Migrations/MigrateCommand->prepareDatabase()
#12 C:/Users/Inovacion/Documents/repo/sirpirtt-laravel/vendor/laravel/framework/src/Illuminate/Database/Migrations/Migrator.php(672): Illuminate/Database/Console/Migrations/MigrateCommand->Illuminate/Database/Console/Migrations/{closure}()
#13 C:/Users/Inovacion/Documents/repo/sirpirtt-laravel/vendor/laravel/framework/src/Illuminate/Database/Console/Migrations/MigrateCommand.php(111): Illuminate/Database/Migrations/Migrator->usingConnection(NULL, Object(Closure))
#14 C:/Users/Inovacion/Documents/repo/sirpirtt-laravel/vendor/laravel/framework/src/Illuminate/Database/Console/Migrations/MigrateCommand.php(90): Illuminate/Database/Console/Migrations/MigrateCommand->runMigrations()
#15 C:/Users/Inovacion/Documents/repo/sirpirtt-laravel/vendor/laravel/framework/src/Illuminate/Container/BoundMethod.php(36): Illuminate/Database/Console/Migrations/MigrateCommand->handle()
#16 C:/Users/Inovacion/Documents/repo/sirpirtt-laravel/vendor/laravel/framework/src/Illuminate/Container/Util.php(43): Illuminate/Container/BoundMethod::Illuminate/Container/{closure}()
#17 C:/Users/Inovacion/Documents/repo/sirpirtt-laravel/vendor/laravel/framework/src/Illuminate/Container/BoundMethod.php(96): Illuminate/Container/Util::unwrapIfClosure(Object(Closure))
#18 C:/Users/Inovacion/Documents/repo/sirpirtt-laravel/vendor/laravel/framework/src/Illuminate/Container/BoundMethod.php(35): Illuminate/Container/BoundMethod::callBoundMethod(Object(Illuminate/Foundation/Application), Array, Object(Closure))
#19 C:/Users/Inovacion/Documents/repo/sirpirtt-laravel/vendor/laravel/framework/src/Illuminate/Container/Container.php(801): Illuminate/Container/BoundMethod::call(Object(Illuminate/Foundation/Application), Array, Array, NULL)
#20 C:/Users/Inovacion/Documents/repo/sirpirtt-laravel/vendor/laravel/framework/src/Illuminate/Console/Command.php(292): Illuminate/Container/Container->call(Array)
#21 C:/Users/Inovacion/Documents/repo/sirpirtt-laravel/vendor/symfony/console/Command/Command.php(341): Illuminate/Console/Command->execute(Object(Symfony/Component/Console/Input/ArgvInput), Object(Illuminate/Console/OutputStyle))
#22 C:/Users/Inovacion/Documents/repo/sirpirtt-laravel/vendor/laravel/framework/src/Illuminate/Console/Command.php(261): Symfony/Component/Console/Command/Command->run(Object(Symfony/Component/Console/Input/ArgvInput), Object(Illuminate/Console/OutputStyle))
#23 C:/Users/Inovacion/Documents/repo/sirpirtt-laravel/vendor/symfony/console/Application.php(1117): Illuminate/Console/Command->run(Object(Symfony/Component/Console/Input/ArgvInput), Object(Symfony/Component/Console/Output/ConsoleOutput))
#24 C:/Users/Inovacion/Documents/repo/sirpirtt-laravel/vendor/symfony/console/Application.php(356): Symfony/Component/Console/Application->doRunCommand(Object(Illuminate/Database/Console/Migrations/MigrateCommand), Object(Symfony/Component/Console/Input/ArgvInput), Object(Symfony/Component/Console/Output/ConsoleOutput))
#25 C:/Users/Inovacion/Documents/repo/sirpirtt-laravel/vendor/symfony/console/Application.php(195): Symfony/Component/Console/Application->doRun(Object(Symfony/Component/Console/Input/ArgvInput), Object(Symfony/Component/Console/Output/ConsoleOutput))
#26 C:/Users/Inovacion/Documents/repo/sirpirtt-laravel/vendor/laravel/framework/src/Illuminate/Foundation/Console/Kernel.php(198): Symfony/Component/Console/Application->run(Object(Symfony/Component/Console/Input/ArgvInput), Object(Symfony/Component/Console/Output/ConsoleOutput))
#27 C:/Users/Inovacion/Documents/repo/sirpirtt-laravel/vendor/laravel/framework/src/Illuminate/Foundation/Application.php(1242): Illuminate/Foundation/Console/Kernel->handle(Object(Symfony/Component/Console/Input/ArgvInput), Object(Symfony/Component/Console/Output/ConsoleOutput))
#28 C:/Users/Inovacion/Documents/repo/sirpirtt-laravel/artisan(16): Illuminate/Foundation/Application->handleCommand(Object(Symfony/Component/Console/Input/ArgvInput))
#29 {main}

[previous exception] [object] (PDOException(code: 7): SQLSTATE[08006] [7] connection to server at \"127.0.0.1\", port 5432 failed: FATAL:  la autentificaciï¿½n password fallï¿½ para el usuario ï¿½reportesï¿½ at C:/Users/Inovacion/Documents/repo/sirpirtt-laravel/vendor/laravel/framework/src/Illuminate/Database/Connectors/Connector.php:66)
[stacktrace]
#0 C:/Users/Inovacion/Documents/repo/sirpirtt-laravel/vendor/laravel/framework/src/Illuminate/Database/Connectors/Connector.php(66): PDO->__construct('pgsql:host=127....', 'reportes', Object(SensitiveParameterValue), Array)
#1 C:/Users/Inovacion/Documents/repo/sirpirtt-laravel/vendor/laravel/framework/src/Illuminate/Database/Connectors/Connector.php(44): Illuminate/Database/Connectors/Connector->createPdoConnection('pgsql:host=127....', 'reportes', Object(SensitiveParameterValue), Array)
#2 C:/Users/Inovacion/Documents/repo/sirpirtt-laravel/vendor/laravel/framework/src/Illuminate/Database/Connectors/PostgresConnector.php(35): Illuminate/Database/Connectors/Connector->createConnection('pgsql:host=127....', Array, Array)
#3 C:/Users/Inovacion/Documents/repo/sirpirtt-laravel/vendor/laravel/framework/src/Illuminate/Database/Connectors/ConnectionFactory.php(220): Illuminate/Database/Connectors/PostgresConnector->connect(Array)
#4 [internal function]: Illuminate/Database/Connectors/ConnectionFactory->Illuminate/Database/Connectors/{closure}()
#5 C:/Users/Inovacion/Documents/repo/sirpirtt-laravel/vendor/laravel/framework/src/Illuminate/Database/Connection.php(1297): call_user_func(Object(Closure))
#6 C:/Users/Inovacion/Documents/repo/sirpirtt-laravel/vendor/laravel/framework/src/Illuminate/Database/Connection.php(1335): Illuminate/Database/Connection->getPdo()
#7 C:/Users/Inovacion/Documents/repo/sirpirtt-laravel/vendor/laravel/framework/src/Illuminate/Database/Connection.php(542): Illuminate/Database/Connection->getReadPdo()
#8 C:/Users/Inovacion/Documents/repo/sirpirtt-laravel/vendor/laravel/framework/src/Illuminate/Database/Connection.php(435): Illuminate/Database/Connection->getPdoForSelect(true)
#9 C:/Users/Inovacion/Documents/repo/sirpirtt-laravel/vendor/laravel/framework/src/Illuminate/Database/Connection.php(846): Illuminate/Database/Connection->Illuminate/Database/{closure}('select exists (...', Array)
#10 C:/Users/Inovacion/Documents/repo/sirpirtt-laravel/vendor/laravel/framework/src/Illuminate/Database/Connection.php(813): Illuminate/Database/Connection->runQueryCallback('select exists (...', Array, Object(Closure))
#11 C:/Users/Inovacion/Documents/repo/sirpirtt-laravel/vendor/laravel/framework/src/Illuminate/Database/Connection.php(426): Illuminate/Database/Connection->run('select exists (...', Array, Object(Closure))
#12 C:/Users/Inovacion/Documents/repo/sirpirtt-laravel/vendor/laravel/framework/src/Illuminate/Database/Connection.php(371): Illuminate/Database/Connection->select('select exists (...', Array, true)
#13 C:/Users/Inovacion/Documents/repo/sirpirtt-laravel/vendor/laravel/framework/src/Illuminate/Database/Connection.php(388): Illuminate/Database/Connection->selectOne('select exists (...', Array, true)
#14 C:/Users/Inovacion/Documents/repo/sirpirtt-laravel/vendor/laravel/framework/src/Illuminate/Database/Schema/Builder.php(176): Illuminate/Database/Connection->scalar('select exists (...')
#15 C:/Users/Inovacion/Documents/repo/sirpirtt-laravel/vendor/laravel/framework/src/Illuminate/Database/Migrations/DatabaseMigrationRepository.php(185): Illuminate/Database/Schema/Builder->hasTable('migrations')
#16 C:/Users/Inovacion/Documents/repo/sirpirtt-laravel/vendor/laravel/framework/src/Illuminate/Database/Migrations/Migrator.php(797): Illuminate/Database/Migrations/DatabaseMigrationRepository->repositoryExists()
#17 C:/Users/Inovacion/Documents/repo/sirpirtt-laravel/vendor/laravel/framework/src/Illuminate/Database/Console/Migrations/MigrateCommand.php(166): Illuminate/Database/Migrations/Migrator->repositoryExists()
#18 C:/Users/Inovacion/Documents/repo/sirpirtt-laravel/vendor/laravel/framework/src/Illuminate/Support/helpers.php(328): Illuminate/Database/Console/Migrations/MigrateCommand->Illuminate/Database/Console/Migrations/{closure}(1)
#19 C:/Users/Inovacion/Documents/repo/sirpirtt-laravel/vendor/laravel/framework/src/Illuminate/Database/Console/Migrations/MigrateCommand.php(166): retry(1, Object(Closure), 0, Object(Closure))
#20 C:/Users/Inovacion/Documents/repo/sirpirtt-laravel/vendor/laravel/framework/src/Illuminate/Database/Console/Migrations/MigrateCommand.php(142): Illuminate/Database/Console/Migrations/MigrateCommand->repositoryExists()
#21 C:/Users/Inovacion/Documents/repo/sirpirtt-laravel/vendor/laravel/framework/src/Illuminate/Database/Console/Migrations/MigrateCommand.php(112): Illuminate/Database/Console/Migrations/MigrateCommand->prepareDatabase()
#22 C:/Users/Inovacion/Documents/repo/sirpirtt-laravel/vendor/laravel/framework/src/Illuminate/Database/Migrations/Migrator.php(672): Illuminate/Database/Console/Migrations/MigrateCommand->Illuminate/Database/Console/Migrations/{closure}()
#23 C:/Users/Inovacion/Documents/repo/sirpirtt-laravel/vendor/laravel/framework/src/Illuminate/Database/Console/Migrations/MigrateCommand.php(111): Illuminate/Database/Migrations/Migrator->usingConnection(NULL, Object(Closure))
#24 C:/Users/Inovacion/Documents/repo/sirpirtt-laravel/vendor/laravel/framework/src/Illuminate/Database/Console/Migrations/MigrateCommand.php(90): Illuminate/Database/Console/Migrations/MigrateCommand->runMigrations()
#25 C:/Users/Inovacion/Documents/repo/sirpirtt-laravel/vendor/laravel/framework/src/Illuminate/Container/BoundMethod.php(36): Illuminate/Database/Console/Migrations/MigrateCommand->handle()
#26 C:/Users/Inovacion/Documents/repo/sirpirtt-laravel/vendor/laravel/framework/src/Illuminate/Container/Util.php(43): Illuminate/Container/BoundMethod::Illuminate/Container/{closure}()
#27 C:/Users/Inovacion/Documents/repo/sirpirtt-laravel/vendor/laravel/framework/src/Illuminate/Container/BoundMethod.php(96): Illuminate/Container/Util::unwrapIfClosure(Object(Closure))
#28 C:/Users/Inovacion/Documents/repo/sirpirtt-laravel/vendor/laravel/framework/src/Illuminate/Container/BoundMethod.php(35): Illuminate/Container/BoundMethod::callBoundMethod(Object(Illuminate/Foundation/Application), Array, Object(Closure))
#29 C:/Users/Inovacion/Documents/repo/sirpirtt-laravel/vendor/laravel/framework/src/Illuminate/Container/Container.php(801): Illuminate/Container/BoundMethod::call(Object(Illuminate/Foundation/Application), Array, Array, NULL)
#30 C:/Users/Inovacion/Documents/repo/sirpirtt-laravel/vendor/laravel/framework/src/Illuminate/Console/Command.php(292): Illuminate/Container/Container->call(Array)
#31 C:/Users/Inovacion/Documents/repo/sirpirtt-laravel/vendor/symfony/console/Command/Command.php(341): Illuminate/Console/Command->execute(Object(Symfony/Component/Console/Input/ArgvInput), Object(Illuminate/Console/OutputStyle))
#32 C:/Users/Inovacion/Documents/repo/sirpirtt-laravel/vendor/laravel/framework/src/Illuminate/Console/Command.php(261): Symfony/Component/Console/Command/Command->run(Object(Symfony/Component/Console/Input/ArgvInput), Object(Illuminate/Console/OutputStyle))
#33 C:/Users/Inovacion/Documents/repo/sirpirtt-laravel/vendor/symfony/console/Application.php(1117): Illuminate/Console/Command->run(Object(Symfony/Component/Console/Input/ArgvInput), Object(Symfony/Component/Console/Output/ConsoleOutput))
#34 C:/Users/Inovacion/Documents/repo/sirpirtt-laravel/vendor/symfony/console/Application.php(356): Symfony/Component/Console/Application->doRunCommand(Object(Illuminate/Database/Console/Migrations/MigrateCommand), Object(Symfony/Component/Console/Input/ArgvInput), Object(Symfony/Component/Console/Output/ConsoleOutput))
#35 C:/Users/Inovacion/Documents/repo/sirpirtt-laravel/vendor/symfony/console/Application.php(195): Symfony/Component/Console/Application->doRun(Object(Symfony/Component/Console/Input/ArgvInput), Object(Symfony/Component/Console/Output/ConsoleOutput))
#36 C:/Users/Inovacion/Documents/repo/sirpirtt-laravel/vendor/laravel/framework/src/Illuminate/Foundation/Console/Kernel.php(198): Symfony/Component/Console/Application->run(Object(Symfony/Component/Console/Input/ArgvInput), Object(Symfony/Component/Console/Output/ConsoleOutput))
#37 C:/Users/Inovacion/Documents/repo/sirpirtt-laravel/vendor/laravel/framework/src/Illuminate/Foundation/Application.php(1242): Illuminate/Foundation/Console/Kernel->handle(Object(Symfony/Component/Console/Input/ArgvInput), Object(Symfony/Component/Console/Output/ConsoleOutput))
#38 C:/Users/Inovacion/Documents/repo/sirpirtt-laravel/artisan(16): Illuminate/Foundation/Application->handleCommand(Object(Symfony/Component/Console/Input/ArgvInput))
#39 {main}
"} 
[2026-08-20 19:51:33] local.ERROR: SQLSTATE[08006] [7] connection to server at "127.0.0.1", port 5432 failed: FATAL:  la autentificación password falló para el usuario «reportes» (Connection: pgsql, Host: 127.0.0.1, Port: 5432, Database: sirpirtt-v2, SQL: select exists (select 1 from pg_class c, pg_namespace n where n.nspname = current_schema() and c.relname = 'migrations' and c.relkind in ('r', 'p') and n.oid = c.relnamespace)) {"exception":"[object] (Illuminate\\Database\\QueryException(code: 7): SQLSTATE[08006] [7] connection to server at \"127.0.0.1\", port 5432 failed: FATAL:  la autentificaciï¿½n password fallï¿½ para el usuario ï¿½reportesï¿½ (Connection: pgsql, Host: 127.0.0.1, Port: 5432, Database: sirpirtt-v2, SQL: select exists (select 1 from pg_class c, pg_namespace n where n.nspname = current_schema() and c.relname = 'migrations' and c.relkind in ('r', 'p') and n.oid = c.relnamespace)) at C:/Users/Inovacion/Documents/repo/sirpirtt-laravel/vendor/laravel/framework/src/Illuminate/Database/Connection.php:857)
[stacktrace]
#0 C:/Users/Inovacion/Documents/repo/sirpirtt-laravel/vendor/laravel/framework/src/Illuminate/Database/Connection.php(813): Illuminate/Database/Connection->runQueryCallback('select exists (...', Array, Object(Closure))
#1 C:/Users/Inovacion/Documents/repo/sirpirtt-laravel/vendor/laravel/framework/src/Illuminate/Database/Connection.php(426): Illuminate/Database/Connection->run('select exists (...', Array, Object(Closure))
#2 C:/Users/Inovacion/Documents/repo/sirpirtt-laravel/vendor/laravel/framework/src/Illuminate/Database/Connection.php(371): Illuminate/Database/Connection->select('select exists (...', Array, true)
#3 C:/Users/Inovacion/Documents/repo/sirpirtt-laravel/vendor/laravel/framework/src/Illuminate/Database/Connection.php(388): Illuminate/Database/Connection->selectOne('select exists (...', Array, true)
#4 C:/Users/Inovacion/Documents/repo/sirpirtt-laravel/vendor/laravel/framework/src/Illuminate/Database/Schema/Builder.php(176): Illuminate/Database/Connection->scalar('select exists (...')
#5 C:/Users/Inovacion/Documents/repo/sirpirtt-laravel/vendor/laravel/framework/src/Illuminate/Database/Migrations/DatabaseMigrationRepository.php(185): Illuminate/Database/Schema/Builder->hasTable('migrations')
#6 C:/Users/Inovacion/Documents/repo/sirpirtt-laravel/vendor/laravel/framework/src/Illuminate/Database/Migrations/Migrator.php(797): Illuminate/Database/Migrations/DatabaseMigrationRepository->repositoryExists()
#7 C:/Users/Inovacion/Documents/repo/sirpirtt-laravel/vendor/laravel/framework/src/Illuminate/Database/Console/Migrations/MigrateCommand.php(166): Illuminate/Database/Migrations/Migrator->repositoryExists()
#8 C:/Users/Inovacion/Documents/repo/sirpirtt-laravel/vendor/laravel/framework/src/Illuminate/Support/helpers.php(328): Illuminate/Database/Console/Migrations/MigrateCommand->Illuminate/Database/Console/Migrations/{closure}(1)
#9 C:/Users/Inovacion/Documents/repo/sirpirtt-laravel/vendor/laravel/framework/src/Illuminate/Database/Console/Migrations/MigrateCommand.php(166): retry(1, Object(Closure), 0, Object(Closure))
#10 C:/Users/Inovacion/Documents/repo/sirpirtt-laravel/vendor/laravel/framework/src/Illuminate/Database/Console/Migrations/MigrateCommand.php(142): Illuminate/Database/Console/Migrations/MigrateCommand->repositoryExists()
#11 C:/Users/Inovacion/Documents/repo/sirpirtt-laravel/vendor/laravel/framework/src/Illuminate/Database/Console/Migrations/MigrateCommand.php(112): Illuminate/Database/Console/Migrations/MigrateCommand->prepareDatabase()
#12 C:/Users/Inovacion/Documents/repo/sirpirtt-laravel/vendor/laravel/framework/src/Illuminate/Database/Migrations/Migrator.php(672): Illuminate/Database/Console/Migrations/MigrateCommand->Illuminate/Database/Console/Migrations/{closure}()
#13 C:/Users/Inovacion/Documents/repo/sirpirtt-laravel/vendor/laravel/framework/src/Illuminate/Database/Console/Migrations/MigrateCommand.php(111): Illuminate/Database/Migrations/Migrator->usingConnection(NULL, Object(Closure))
#14 C:/Users/Inovacion/Documents/repo/sirpirtt-laravel/vendor/laravel/framework/src/Illuminate/Database/Console/Migrations/MigrateCommand.php(90): Illuminate/Database/Console/Migrations/MigrateCommand->runMigrations()
#15 C:/Users/Inovacion/Documents/repo/sirpirtt-laravel/vendor/laravel/framework/src/Illuminate/Container/BoundMethod.php(36): Illuminate/Database/Console/Migrations/MigrateCommand->handle()
#16 C:/Users/Inovacion/Documents/repo/sirpirtt-laravel/vendor/laravel/framework/src/Illuminate/Container/Util.php(43): Illuminate/Container/BoundMethod::Illuminate/Container/{closure}()
#17 C:/Users/Inovacion/Documents/repo/sirpirtt-laravel/vendor/laravel/framework/src/Illuminate/Container/BoundMethod.php(96): Illuminate/Container/Util::unwrapIfClosure(Object(Closure))
#18 C:/Users/Inovacion/Documents/repo/sirpirtt-laravel/vendor/laravel/framework/src/Illuminate/Container/BoundMethod.php(35): Illuminate/Container/BoundMethod::callBoundMethod(Object(Illuminate/Foundation/Application), Array, Object(Closure))
#19 C:/Users/Inovacion/Documents/repo/sirpirtt-laravel/vendor/laravel/framework/src/Illuminate/Container/Container.php(801): Illuminate/Container/BoundMethod::call(Object(Illuminate/Foundation/Application), Array, Array, NULL)
#20 C:/Users/Inovacion/Documents/repo/sirpirtt-laravel/vendor/laravel/framework/src/Illuminate/Console/Command.php(292): Illuminate/Container/Container->call(Array)
#21 C:/Users/Inovacion/Documents/repo/sirpirtt-laravel/vendor/symfony/console/Command/Command.php(341): Illuminate/Console/Command->execute(Object(Symfony/Component/Console/Input/ArgvInput), Object(Illuminate/Console/OutputStyle))
#22 C:/Users/Inovacion/Documents/repo/sirpirtt-laravel/vendor/laravel/framework/src/Illuminate/Console/Command.php(261): Symfony/Component/Console/Command/Command->run(Object(Symfony/Component/Console/Input/ArgvInput), Object(Illuminate/Console/OutputStyle))
#23 C:/Users/Inovacion/Documents/repo/sirpirtt-laravel/vendor/symfony/console/Application.php(1117): Illuminate/Console/Command->run(Object(Symfony/Component/Console/Input/ArgvInput), Object(Symfony/Component/Console/Output/ConsoleOutput))
#24 C:/Users/Inovacion/Documents/repo/sirpirtt-laravel/vendor/symfony/console/Application.php(356): Symfony/Component/Console/Application->doRunCommand(Object(Illuminate/Database/Console/Migrations/MigrateCommand), Object(Symfony/Component/Console/Input/ArgvInput), Object(Symfony/Component/Console/Output/ConsoleOutput))
#25 C:/Users/Inovacion/Documents/repo/sirpirtt-laravel/vendor/symfony/console/Application.php(195): Symfony/Component/Console/Application->doRun(Object(Symfony/Component/Console/Input/ArgvInput), Object(Symfony/Component/Console/Output/ConsoleOutput))
#26 C:/Users/Inovacion/Documents/repo/sirpirtt-laravel/vendor/laravel/framework/src/Illuminate/Foundation/Console/Kernel.php(198): Symfony/Component/Console/Application->run(Object(Symfony/Component/Console/Input/ArgvInput), Object(Symfony/Component/Console/Output/ConsoleOutput))
#27 C:/Users/Inovacion/Documents/repo/sirpirtt-laravel/vendor/laravel/framework/src/Illuminate/Foundation/Application.php(1242): Illuminate/Foundation/Console/Kernel->handle(Object(Symfony/Component/Console/Input/ArgvInput), Object(Symfony/Component/Console/Output/ConsoleOutput))
#28 C:/Users/Inovacion/Documents/repo/sirpirtt-laravel/artisan(16): Illuminate/Foundation/Application->handleCommand(Object(Symfony/Component/Console/Input/ArgvInput))
#29 {main}

[previous exception] [object] (PDOException(code: 7): SQLSTATE[08006] [7] connection to server at \"127.0.0.1\", port 5432 failed: FATAL:  la autentificaciï¿½n password fallï¿½ para el usuario ï¿½reportesï¿½ at C:/Users/Inovacion/Documents/repo/sirpirtt-laravel/vendor/laravel/framework/src/Illuminate/Database/Connectors/Connector.php:66)
[stacktrace]
#0 C:/Users/Inovacion/Documents/repo/sirpirtt-laravel/vendor/laravel/framework/src/Illuminate/Database/Connectors/Connector.php(66): PDO->__construct('pgsql:host=127....', 'reportes', Object(SensitiveParameterValue), Array)
#1 C:/Users/Inovacion/Documents/repo/sirpirtt-laravel/vendor/laravel/framework/src/Illuminate/Database/Connectors/Connector.php(44): Illuminate/Database/Connectors/Connector->createPdoConnection('pgsql:host=127....', 'reportes', Object(SensitiveParameterValue), Array)
#2 C:/Users/Inovacion/Documents/repo/sirpirtt-laravel/vendor/laravel/framework/src/Illuminate/Database/Connectors/PostgresConnector.php(35): Illuminate/Database/Connectors/Connector->createConnection('pgsql:host=127....', Array, Array)
#3 C:/Users/Inovacion/Documents/repo/sirpirtt-laravel/vendor/laravel/framework/src/Illuminate/Database/Connectors/ConnectionFactory.php(220): Illuminate/Database/Connectors/PostgresConnector->connect(Array)
#4 [internal function]: Illuminate/Database/Connectors/ConnectionFactory->Illuminate/Database/Connectors/{closure}()
#5 C:/Users/Inovacion/Documents/repo/sirpirtt-laravel/vendor/laravel/framework/src/Illuminate/Database/Connection.php(1297): call_user_func(Object(Closure))
#6 C:/Users/Inovacion/Documents/repo/sirpirtt-laravel/vendor/laravel/framework/src/Illuminate/Database/Connection.php(1335): Illuminate/Database/Connection->getPdo()
#7 C:/Users/Inovacion/Documents/repo/sirpirtt-laravel/vendor/laravel/framework/src/Illuminate/Database/Connection.php(542): Illuminate/Database/Connection->getReadPdo()
#8 C:/Users/Inovacion/Documents/repo/sirpirtt-laravel/vendor/laravel/framework/src/Illuminate/Database/Connection.php(435): Illuminate/Database/Connection->getPdoForSelect(true)
#9 C:/Users/Inovacion/Documents/repo/sirpirtt-laravel/vendor/laravel/framework/src/Illuminate/Database/Connection.php(846): Illuminate/Database/Connection->Illuminate/Database/{closure}('select exists (...', Array)
#10 C:/Users/Inovacion/Documents/repo/sirpirtt-laravel/vendor/laravel/framework/src/Illuminate/Database/Connection.php(813): Illuminate/Database/Connection->runQueryCallback('select exists (...', Array, Object(Closure))
#11 C:/Users/Inovacion/Documents/repo/sirpirtt-laravel/vendor/laravel/framework/src/Illuminate/Database/Connection.php(426): Illuminate/Database/Connection->run('select exists (...', Array, Object(Closure))
#12 C:/Users/Inovacion/Documents/repo/sirpirtt-laravel/vendor/laravel/framework/src/Illuminate/Database/Connection.php(371): Illuminate/Database/Connection->select('select exists (...', Array, true)
#13 C:/Users/Inovacion/Documents/repo/sirpirtt-laravel/vendor/laravel/framework/src/Illuminate/Database/Connection.php(388): Illuminate/Database/Connection->selectOne('select exists (...', Array, true)
#14 C:/Users/Inovacion/Documents/repo/sirpirtt-laravel/vendor/laravel/framework/src/Illuminate/Database/Schema/Builder.php(176): Illuminate/Database/Connection->scalar('select exists (...')
#15 C:/Users/Inovacion/Documents/repo/sirpirtt-laravel/vendor/laravel/framework/src/Illuminate/Database/Migrations/DatabaseMigrationRepository.php(185): Illuminate/Database/Schema/Builder->hasTable('migrations')
#16 C:/Users/Inovacion/Documents/repo/sirpirtt-laravel/vendor/laravel/framework/src/Illuminate/Database/Migrations/Migrator.php(797): Illuminate/Database/Migrations/DatabaseMigrationRepository->repositoryExists()
#17 C:/Users/Inovacion/Documents/repo/sirpirtt-laravel/vendor/laravel/framework/src/Illuminate/Database/Console/Migrations/MigrateCommand.php(166): Illuminate/Database/Migrations/Migrator->repositoryExists()
#18 C:/Users/Inovacion/Documents/repo/sirpirtt-laravel/vendor/laravel/framework/src/Illuminate/Support/helpers.php(328): Illuminate/Database/Console/Migrations/MigrateCommand->Illuminate/Database/Console/Migrations/{closure}(1)
#19 C:/Users/Inovacion/Documents/repo/sirpirtt-laravel/vendor/laravel/framework/src/Illuminate/Database/Console/Migrations/MigrateCommand.php(166): retry(1, Object(Closure), 0, Object(Closure))
#20 C:/Users/Inovacion/Documents/repo/sirpirtt-laravel/vendor/laravel/framework/src/Illuminate/Database/Console/Migrations/MigrateCommand.php(142): Illuminate/Database/Console/Migrations/MigrateCommand->repositoryExists()
#21 C:/Users/Inovacion/Documents/repo/sirpirtt-laravel/vendor/laravel/framework/src/Illuminate/Database/Console/Migrations/MigrateCommand.php(112): Illuminate/Database/Console/Migrations/MigrateCommand->prepareDatabase()
#22 C:/Users/Inovacion/Documents/repo/sirpirtt-laravel/vendor/laravel/framework/src/Illuminate/Database/Migrations/Migrator.php(672): Illuminate/Database/Console/Migrations/MigrateCommand->Illuminate/Database/Console/Migrations/{closure}()
#23 C:/Users/Inovacion/Documents/repo/sirpirtt-laravel/vendor/laravel/framework/src/Illuminate/Database/Console/Migrations/MigrateCommand.php(111): Illuminate/Database/Migrations/Migrator->usingConnection(NULL, Object(Closure))
#24 C:/Users/Inovacion/Documents/repo/sirpirtt-laravel/vendor/laravel/framework/src/Illuminate/Database/Console/Migrations/MigrateCommand.php(90): Illuminate/Database/Console/Migrations/MigrateCommand->runMigrations()
#25 C:/Users/Inovacion/Documents/repo/sirpirtt-laravel/vendor/laravel/framework/src/Illuminate/Container/BoundMethod.php(36): Illuminate/Database/Console/Migrations/MigrateCommand->handle()
#26 C:/Users/Inovacion/Documents/repo/sirpirtt-laravel/vendor/laravel/framework/src/Illuminate/Container/Util.php(43): Illuminate/Container/BoundMethod::Illuminate/Container/{closure}()
#27 C:/Users/Inovacion/Documents/repo/sirpirtt-laravel/vendor/laravel/framework/src/Illuminate/Container/BoundMethod.php(96): Illuminate/Container/Util::unwrapIfClosure(Object(Closure))
#28 C:/Users/Inovacion/Documents/repo/sirpirtt-laravel/vendor/laravel/framework/src/Illuminate/Container/BoundMethod.php(35): Illuminate/Container/BoundMethod::callBoundMethod(Object(Illuminate/Foundation/Application), Array, Object(Closure))
#29 C:/Users/Inovacion/Documents/repo/sirpirtt-laravel/vendor/laravel/framework/src/Illuminate/Container/Container.php(801): Illuminate/Container/BoundMethod::call(Object(Illuminate/Foundation/Application), Array, Array, NULL)
#30 C:/Users/Inovacion/Documents/repo/sirpirtt-laravel/vendor/laravel/framework/src/Illuminate/Console/Command.php(292): Illuminate/Container/Container->call(Array)
#31 C:/Users/Inovacion/Documents/repo/sirpirtt-laravel/vendor/symfony/console/Command/Command.php(341): Illuminate/Console/Command->execute(Object(Symfony/Component/Console/Input/ArgvInput), Object(Illuminate/Console/OutputStyle))
#32 C:/Users/Inovacion/Documents/repo/sirpirtt-laravel/vendor/laravel/framework/src/Illuminate/Console/Command.php(261): Symfony/Component/Console/Command/Command->run(Object(Symfony/Component/Console/Input/ArgvInput), Object(Illuminate/Console/OutputStyle))
#33 C:/Users/Inovacion/Documents/repo/sirpirtt-laravel/vendor/symfony/console/Application.php(1117): Illuminate/Console/Command->run(Object(Symfony/Component/Console/Input/ArgvInput), Object(Symfony/Component/Console/Output/ConsoleOutput))
#34 C:/Users/Inovacion/Documents/repo/sirpirtt-laravel/vendor/symfony/console/Application.php(356): Symfony/Component/Console/Application->doRunCommand(Object(Illuminate/Database/Console/Migrations/MigrateCommand), Object(Symfony/Component/Console/Input/ArgvInput), Object(Symfony/Component/Console/Output/ConsoleOutput))
#35 C:/Users/Inovacion/Documents/repo/sirpirtt-laravel/vendor/symfony/console/Application.php(195): Symfony/Component/Console/Application->doRun(Object(Symfony/Component/Console/Input/ArgvInput), Object(Symfony/Component/Console/Output/ConsoleOutput))
#36 C:/Users/Inovacion/Documents/repo/sirpirtt-laravel/vendor/laravel/framework/src/Illuminate/Foundation/Console/Kernel.php(198): Symfony/Component/Console/Application->run(Object(Symfony/Component/Console/Input/ArgvInput), Object(Symfony/Component/Console/Output/ConsoleOutput))
#37 C:/Users/Inovacion/Documents/repo/sirpirtt-laravel/vendor/laravel/framework/src/Illuminate/Foundation/Application.php(1242): Illuminate/Foundation/Console/Kernel->handle(Object(Symfony/Component/Console/Input/ArgvInput), Object(Symfony/Component/Console/Output/ConsoleOutput))
#38 C:/Users/Inovacion/Documents/repo/sirpirtt-laravel/artisan(16): Illuminate/Foundation/Application->handleCommand(Object(Symfony/Component/Console/Input/ArgvInput))
#39 {main}
"} 
[2026-08-20 19:57:54] local.ERROR: SQLSTATE[08006] [7] connection to server at "127.0.0.1", port 5404 failed: Connection refused (0x0000274D/10061)
	Is the server running on that host and accepting TCP/IP connections? (Connection: pgsql, Host: 127.0.0.1, Port: 5404, Database: sirpirtt-v2, SQL: select exists (select 1 from pg_class c, pg_namespace n where n.nspname = current_schema() and c.relname = 'migrations' and c.relkind in ('r', 'p') and n.oid = c.relnamespace)) {"exception":"[object] (Illuminate\\Database\\QueryException(code: 7): SQLSTATE[08006] [7] connection to server at \"127.0.0.1\", port 5404 failed: Connection refused (0x0000274D/10061)
\tIs the server running on that host and accepting TCP/IP connections? (Connection: pgsql, Host: 127.0.0.1, Port: 5404, Database: sirpirtt-v2, SQL: select exists (select 1 from pg_class c, pg_namespace n where n.nspname = current_schema() and c.relname = 'migrations' and c.relkind in ('r', 'p') and n.oid = c.relnamespace)) at C:/Users/Inovacion/Documents/repo/sirpirtt-laravel/vendor/laravel/framework/src/Illuminate/Database/Connection.php:857)
[stacktrace]
#0 C:/Users/Inovacion/Documents/repo/sirpirtt-laravel/vendor/laravel/framework/src/Illuminate/Database/Connection.php(1037): Illuminate/Database/Connection->runQueryCallback('select exists (...', Array, Object(Closure))
#1 C:/Users/Inovacion/Documents/repo/sirpirtt-laravel/vendor/laravel/framework/src/Illuminate/Database/Connection.php(1016): Illuminate/Database/Connection->tryAgainIfCausedByLostConnection(Object(Illuminate/Database/QueryException), 'select exists (...', Array, Object(Closure))
#2 C:/Users/Inovacion/Documents/repo/sirpirtt-laravel/vendor/laravel/framework/src/Illuminate/Database/Connection.php(815): Illuminate/Database/Connection->handleQueryException(Object(Illuminate/Database/QueryException), 'select exists (...', Array, Object(Closure))
#3 C:/Users/Inovacion/Documents/repo/sirpirtt-laravel/vendor/laravel/framework/src/Illuminate/Database/Connection.php(426): Illuminate/Database/Connection->run('select exists (...', Array, Object(Closure))
#4 C:/Users/Inovacion/Documents/repo/sirpirtt-laravel/vendor/laravel/framework/src/Illuminate/Database/Connection.php(371): Illuminate/Database/Connection->select('select exists (...', Array, true)
#5 C:/Users/Inovacion/Documents/repo/sirpirtt-laravel/vendor/laravel/framework/src/Illuminate/Database/Connection.php(388): Illuminate/Database/Connection->selectOne('select exists (...', Array, true)
#6 C:/Users/Inovacion/Documents/repo/sirpirtt-laravel/vendor/laravel/framework/src/Illuminate/Database/Schema/Builder.php(176): Illuminate/Database/Connection->scalar('select exists (...')
#7 C:/Users/Inovacion/Documents/repo/sirpirtt-laravel/vendor/laravel/framework/src/Illuminate/Database/Migrations/DatabaseMigrationRepository.php(185): Illuminate/Database/Schema/Builder->hasTable('migrations')
#8 C:/Users/Inovacion/Documents/repo/sirpirtt-laravel/vendor/laravel/framework/src/Illuminate/Database/Migrations/Migrator.php(797): Illuminate/Database/Migrations/DatabaseMigrationRepository->repositoryExists()
#9 C:/Users/Inovacion/Documents/repo/sirpirtt-laravel/vendor/laravel/framework/src/Illuminate/Database/Console/Migrations/MigrateCommand.php(166): Illuminate/Database/Migrations/Migrator->repositoryExists()
#10 C:/Users/Inovacion/Documents/repo/sirpirtt-laravel/vendor/laravel/framework/src/Illuminate/Support/helpers.php(328): Illuminate/Database/Console/Migrations/MigrateCommand->Illuminate/Database/Console/Migrations/{closure}(1)
#11 C:/Users/Inovacion/Documents/repo/sirpirtt-laravel/vendor/laravel/framework/src/Illuminate/Database/Console/Migrations/MigrateCommand.php(166): retry(1, Object(Closure), 0, Object(Closure))
#12 C:/Users/Inovacion/Documents/repo/sirpirtt-laravel/vendor/laravel/framework/src/Illuminate/Database/Console/Migrations/MigrateCommand.php(142): Illuminate/Database/Console/Migrations/MigrateCommand->repositoryExists()
#13 C:/Users/Inovacion/Documents/repo/sirpirtt-laravel/vendor/laravel/framework/src/Illuminate/Database/Console/Migrations/MigrateCommand.php(112): Illuminate/Database/Console/Migrations/MigrateCommand->prepareDatabase()
#14 C:/Users/Inovacion/Documents/repo/sirpirtt-laravel/vendor/laravel/framework/src/Illuminate/Database/Migrations/Migrator.php(672): Illuminate/Database/Console/Migrations/MigrateCommand->Illuminate/Database/Console/Migrations/{closure}()
#15 C:/Users/Inovacion/Documents/repo/sirpirtt-laravel/vendor/laravel/framework/src/Illuminate/Database/Console/Migrations/MigrateCommand.php(111): Illuminate/Database/Migrations/Migrator->usingConnection(NULL, Object(Closure))
#16 C:/Users/Inovacion/Documents/repo/sirpirtt-laravel/vendor/laravel/framework/src/Illuminate/Database/Console/Migrations/MigrateCommand.php(90): Illuminate/Database/Console/Migrations/MigrateCommand->runMigrations()
#17 C:/Users/Inovacion/Documents/repo/sirpirtt-laravel/vendor/laravel/framework/src/Illuminate/Container/BoundMethod.php(36): Illuminate/Database/Console/Migrations/MigrateCommand->handle()
#18 C:/Users/Inovacion/Documents/repo/sirpirtt-laravel/vendor/laravel/framework/src/Illuminate/Container/Util.php(43): Illuminate/Container/BoundMethod::Illuminate/Container/{closure}()
#19 C:/Users/Inovacion/Documents/repo/sirpirtt-laravel/vendor/laravel/framework/src/Illuminate/Container/BoundMethod.php(96): Illuminate/Container/Util::unwrapIfClosure(Object(Closure))
#20 C:/Users/Inovacion/Documents/repo/sirpirtt-laravel/vendor/laravel/framework/src/Illuminate/Container/BoundMethod.php(35): Illuminate/Container/BoundMethod::callBoundMethod(Object(Illuminate/Foundation/Application), Array, Object(Closure))
#21 C:/Users/Inovacion/Documents/repo/sirpirtt-laravel/vendor/laravel/framework/src/Illuminate/Container/Container.php(801): Illuminate/Container/BoundMethod::call(Object(Illuminate/Foundation/Application), Array, Array, NULL)
#22 C:/Users/Inovacion/Documents/repo/sirpirtt-laravel/vendor/laravel/framework/src/Illuminate/Console/Command.php(292): Illuminate/Container/Container->call(Array)
#23 C:/Users/Inovacion/Documents/repo/sirpirtt-laravel/vendor/symfony/console/Command/Command.php(341): Illuminate/Console/Command->execute(Object(Symfony/Component/Console/Input/ArgvInput), Object(Illuminate/Console/OutputStyle))
#24 C:/Users/Inovacion/Documents/repo/sirpirtt-laravel/vendor/laravel/framework/src/Illuminate/Console/Command.php(261): Symfony/Component/Console/Command/Command->run(Object(Symfony/Component/Console/Input/ArgvInput), Object(Illuminate/Console/OutputStyle))
#25 C:/Users/Inovacion/Documents/repo/sirpirtt-laravel/vendor/symfony/console/Application.php(1117): Illuminate/Console/Command->run(Object(Symfony/Component/Console/Input/ArgvInput), Object(Symfony/Component/Console/Output/ConsoleOutput))
#26 C:/Users/Inovacion/Documents/repo/sirpirtt-laravel/vendor/symfony/console/Application.php(356): Symfony/Component/Console/Application->doRunCommand(Object(Illuminate/Database/Console/Migrations/MigrateCommand), Object(Symfony/Component/Console/Input/ArgvInput), Object(Symfony/Component/Console/Output/ConsoleOutput))
#27 C:/Users/Inovacion/Documents/repo/sirpirtt-laravel/vendor/symfony/console/Application.php(195): Symfony/Component/Console/Application->doRun(Object(Symfony/Component/Console/Input/ArgvInput), Object(Symfony/Component/Console/Output/ConsoleOutput))
#28 C:/Users/Inovacion/Documents/repo/sirpirtt-laravel/vendor/laravel/framework/src/Illuminate/Foundation/Console/Kernel.php(198): Symfony/Component/Console/Application->run(Object(Symfony/Component/Console/Input/ArgvInput), Object(Symfony/Component/Console/Output/ConsoleOutput))
#29 C:/Users/Inovacion/Documents/repo/sirpirtt-laravel/vendor/laravel/framework/src/Illuminate/Foundation/Application.php(1242): Illuminate/Foundation/Console/Kernel->handle(Object(Symfony/Component/Console/Input/ArgvInput), Object(Symfony/Component/Console/Output/ConsoleOutput))
#30 C:/Users/Inovacion/Documents/repo/sirpirtt-laravel/artisan(16): Illuminate/Foundation/Application->handleCommand(Object(Symfony/Component/Console/Input/ArgvInput))
#31 {main}

[previous exception] [object] (PDOException(code: 7): SQLSTATE[08006] [7] connection to server at \"127.0.0.1\", port 5404 failed: Connection refused (0x0000274D/10061)
\tIs the server running on that host and accepting TCP/IP connections? at C:/Users/Inovacion/Documents/repo/sirpirtt-laravel/vendor/laravel/framework/src/Illuminate/Database/Connectors/Connector.php:66)
[stacktrace]
#0 C:/Users/Inovacion/Documents/repo/sirpirtt-laravel/vendor/laravel/framework/src/Illuminate/Database/Connectors/Connector.php(66): PDO->__construct('pgsql:host=127....', 'reportes', Object(SensitiveParameterValue), Array)
#1 C:/Users/Inovacion/Documents/repo/sirpirtt-laravel/vendor/laravel/framework/src/Illuminate/Database/Connectors/Connector.php(85): Illuminate/Database/Connectors/Connector->createPdoConnection('pgsql:host=127....', 'reportes', Object(SensitiveParameterValue), Array)
#2 C:/Users/Inovacion/Documents/repo/sirpirtt-laravel/vendor/laravel/framework/src/Illuminate/Database/Connectors/Connector.php(48): Illuminate/Database/Connectors/Connector->tryAgainIfCausedByLostConnection(Object(PDOException), 'pgsql:host=127....', 'reportes', Object(SensitiveParameterValue), Array)
#3 C:/Users/Inovacion/Documents/repo/sirpirtt-laravel/vendor/laravel/framework/src/Illuminate/Database/Connectors/PostgresConnector.php(35): Illuminate/Database/Connectors/Connector->createConnection('pgsql:host=127....', Array, Array)
#4 C:/Users/Inovacion/Documents/repo/sirpirtt-laravel/vendor/laravel/framework/src/Illuminate/Database/Connectors/ConnectionFactory.php(220): Illuminate/Database/Connectors/PostgresConnector->connect(Array)
#5 [internal function]: Illuminate/Database/Connectors/ConnectionFactory->Illuminate/Database/Connectors/{closure}()
#6 C:/Users/Inovacion/Documents/repo/sirpirtt-laravel/vendor/laravel/framework/src/Illuminate/Database/Connection.php(1297): call_user_func(Object(Closure))
#7 C:/Users/Inovacion/Documents/repo/sirpirtt-laravel/vendor/laravel/framework/src/Illuminate/Database/Connection.php(1335): Illuminate/Database/Connection->getPdo()
#8 C:/Users/Inovacion/Documents/repo/sirpirtt-laravel/vendor/laravel/framework/src/Illuminate/Database/Connection.php(542): Illuminate/Database/Connection->getReadPdo()
#9 C:/Users/Inovacion/Documents/repo/sirpirtt-laravel/vendor/laravel/framework/src/Illuminate/Database/Connection.php(435): Illuminate/Database/Connection->getPdoForSelect(true)
#10 C:/Users/Inovacion/Documents/repo/sirpirtt-laravel/vendor/laravel/framework/src/Illuminate/Database/Connection.php(846): Illuminate/Database/Connection->Illuminate/Database/{closure}('select exists (...', Array)
#11 C:/Users/Inovacion/Documents/repo/sirpirtt-laravel/vendor/laravel/framework/src/Illuminate/Database/Connection.php(1037): Illuminate/Database/Connection->runQueryCallback('select exists (...', Array, Object(Closure))
#12 C:/Users/Inovacion/Documents/repo/sirpirtt-laravel/vendor/laravel/framework/src/Illuminate/Database/Connection.php(1016): Illuminate/Database/Connection->tryAgainIfCausedByLostConnection(Object(Illuminate/Database/QueryException), 'select exists (...', Array, Object(Closure))
#13 C:/Users/Inovacion/Documents/repo/sirpirtt-laravel/vendor/laravel/framework/src/Illuminate/Database/Connection.php(815): Illuminate/Database/Connection->handleQueryException(Object(Illuminate/Database/QueryException), 'select exists (...', Array, Object(Closure))
#14 C:/Users/Inovacion/Documents/repo/sirpirtt-laravel/vendor/laravel/framework/src/Illuminate/Database/Connection.php(426): Illuminate/Database/Connection->run('select exists (...', Array, Object(Closure))
#15 C:/Users/Inovacion/Documents/repo/sirpirtt-laravel/vendor/laravel/framework/src/Illuminate/Database/Connection.php(371): Illuminate/Database/Connection->select('select exists (...', Array, true)
#16 C:/Users/Inovacion/Documents/repo/sirpirtt-laravel/vendor/laravel/framework/src/Illuminate/Database/Connection.php(388): Illuminate/Database/Connection->selectOne('select exists (...', Array, true)
#17 C:/Users/Inovacion/Documents/repo/sirpirtt-laravel/vendor/laravel/framework/src/Illuminate/Database/Schema/Builder.php(176): Illuminate/Database/Connection->scalar('select exists (...')
#18 C:/Users/Inovacion/Documents/repo/sirpirtt-laravel/vendor/laravel/framework/src/Illuminate/Database/Migrations/DatabaseMigrationRepository.php(185): Illuminate/Database/Schema/Builder->hasTable('migrations')
#19 C:/Users/Inovacion/Documents/repo/sirpirtt-laravel/vendor/laravel/framework/src/Illuminate/Database/Migrations/Migrator.php(797): Illuminate/Database/Migrations/DatabaseMigrationRepository->repositoryExists()
#20 C:/Users/Inovacion/Documents/repo/sirpirtt-laravel/vendor/laravel/framework/src/Illuminate/Database/Console/Migrations/MigrateCommand.php(166): Illuminate/Database/Migrations/Migrator->repositoryExists()
#21 C:/Users/Inovacion/Documents/repo/sirpirtt-laravel/vendor/laravel/framework/src/Illuminate/Support/helpers.php(328): Illuminate/Database/Console/Migrations/MigrateCommand->Illuminate/Database/Console/Migrations/{closure}(1)
#22 C:/Users/Inovacion/Documents/repo/sirpirtt-laravel/vendor/laravel/framework/src/Illuminate/Database/Console/Migrations/MigrateCommand.php(166): retry(1, Object(Closure), 0, Object(Closure))
#23 C:/Users/Inovacion/Documents/repo/sirpirtt-laravel/vendor/laravel/framework/src/Illuminate/Database/Console/Migrations/MigrateCommand.php(142): Illuminate/Database/Console/Migrations/MigrateCommand->repositoryExists()
#24 C:/Users/Inovacion/Documents/repo/sirpirtt-laravel/vendor/laravel/framework/src/Illuminate/Database/Console/Migrations/MigrateCommand.php(112): Illuminate/Database/Console/Migrations/MigrateCommand->prepareDatabase()
#25 C:/Users/Inovacion/Documents/repo/sirpirtt-laravel/vendor/laravel/framework/src/Illuminate/Database/Migrations/Migrator.php(672): Illuminate/Database/Console/Migrations/MigrateCommand->Illuminate/Database/Console/Migrations/{closure}()
#26 C:/Users/Inovacion/Documents/repo/sirpirtt-laravel/vendor/laravel/framework/src/Illuminate/Database/Console/Migrations/MigrateCommand.php(111): Illuminate/Database/Migrations/Migrator->usingConnection(NULL, Object(Closure))
#27 C:/Users/Inovacion/Documents/repo/sirpirtt-laravel/vendor/laravel/framework/src/Illuminate/Database/Console/Migrations/MigrateCommand.php(90): Illuminate/Database/Console/Migrations/MigrateCommand->runMigrations()
#28 C:/Users/Inovacion/Documents/repo/sirpirtt-laravel/vendor/laravel/framework/src/Illuminate/Container/BoundMethod.php(36): Illuminate/Database/Console/Migrations/MigrateCommand->handle()
#29 C:/Users/Inovacion/Documents/repo/sirpirtt-laravel/vendor/laravel/framework/src/Illuminate/Container/Util.php(43): Illuminate/Container/BoundMethod::Illuminate/Container/{closure}()
#30 C:/Users/Inovacion/Documents/repo/sirpirtt-laravel/vendor/laravel/framework/src/Illuminate/Container/BoundMethod.php(96): Illuminate/Container/Util::unwrapIfClosure(Object(Closure))
#31 C:/Users/Inovacion/Documents/repo/sirpirtt-laravel/vendor/laravel/framework/src/Illuminate/Container/BoundMethod.php(35): Illuminate/Container/BoundMethod::callBoundMethod(Object(Illuminate/Foundation/Application), Array, Object(Closure))
#32 C:/Users/Inovacion/Documents/repo/sirpirtt-laravel/vendor/laravel/framework/src/Illuminate/Container/Container.php(801): Illuminate/Container/BoundMethod::call(Object(Illuminate/Foundation/Application), Array, Array, NULL)
#33 C:/Users/Inovacion/Documents/repo/sirpirtt-laravel/vendor/laravel/framework/src/Illuminate/Console/Command.php(292): Illuminate/Container/Container->call(Array)
#34 C:/Users/Inovacion/Documents/repo/sirpirtt-laravel/vendor/symfony/console/Command/Command.php(341): Illuminate/Console/Command->execute(Object(Symfony/Component/Console/Input/ArgvInput), Object(Illuminate/Console/OutputStyle))
#35 C:/Users/Inovacion/Documents/repo/sirpirtt-laravel/vendor/laravel/framework/src/Illuminate/Console/Command.php(261): Symfony/Component/Console/Command/Command->run(Object(Symfony/Component/Console/Input/ArgvInput), Object(Illuminate/Console/OutputStyle))
#36 C:/Users/Inovacion/Documents/repo/sirpirtt-laravel/vendor/symfony/console/Application.php(1117): Illuminate/Console/Command->run(Object(Symfony/Component/Console/Input/ArgvInput), Object(Symfony/Component/Console/Output/ConsoleOutput))
#37 C:/Users/Inovacion/Documents/repo/sirpirtt-laravel/vendor/symfony/console/Application.php(356): Symfony/Component/Console/Application->doRunCommand(Object(Illuminate/Database/Console/Migrations/MigrateCommand), Object(Symfony/Component/Console/Input/ArgvInput), Object(Symfony/Component/Console/Output/ConsoleOutput))
#38 C:/Users/Inovacion/Documents/repo/sirpirtt-laravel/vendor/symfony/console/Application.php(195): Symfony/Component/Console/Application->doRun(Object(Symfony/Component/Console/Input/ArgvInput), Object(Symfony/Component/Console/Output/ConsoleOutput))
#39 C:/Users/Inovacion/Documents/repo/sirpirtt-laravel/vendor/laravel/framework/src/Illuminate/Foundation/Console/Kernel.php(198): Symfony/Component/Console/Application->run(Object(Symfony/Component/Console/Input/ArgvInput), Object(Symfony/Component/Console/Output/ConsoleOutput))
#40 C:/Users/Inovacion/Documents/repo/sirpirtt-laravel/vendor/laravel/framework/src/Illuminate/Foundation/Application.php(1242): Illuminate/Foundation/Console/Kernel->handle(Object(Symfony/Component/Console/Input/ArgvInput), Object(Symfony/Component/Console/Output/ConsoleOutput))
#41 C:/Users/Inovacion/Documents/repo/sirpirtt-laravel/artisan(16): Illuminate/Foundation/Application->handleCommand(Object(Symfony/Component/Console/Input/ArgvInput))
#42 {main}
"} 
[2026-08-20 20:57:53] local.ERROR: Command "make:migrate" is not defined.

Did you mean one of these?
    make:cache-table
    make:cast
    make:channel
    make:class
    make:command
    make:component
    make:config
    make:controller
    make:enum
    make:event
    make:exception
    make:factory
    make:interface
    make:job
    make:job-middleware
    make:listener
    make:mail
    make:middleware
    make:migration
    make:model
    make:notification
    make:notifications-table
    make:observer
    make:policy
    make:provider
    make:queue-batches-table
    make:queue-failed-table
    make:queue-table
    make:request
    make:resource
    make:rule
    make:scope
    make:seeder
    make:session-table
    make:test
    make:trait
    make:view {"exception":"[object] (Symfony\\Component\\Console\\Exception\\CommandNotFoundException(code: 0): Command \"make:migrate\" is not defined.

Did you mean one of these?
    make:cache-table
    make:cast
    make:channel
    make:class
    make:command
    make:component
    make:config
    make:controller
    make:enum
    make:event
    make:exception
    make:factory
    make:interface
    make:job
    make:job-middleware
    make:listener
    make:mail
    make:middleware
    make:migration
    make:model
    make:notification
    make:notifications-table
    make:observer
    make:policy
    make:provider
    make:queue-batches-table
    make:queue-failed-table
    make:queue-table
    make:request
    make:resource
    make:rule
    make:scope
    make:seeder
    make:session-table
    make:test
    make:trait
    make:view at C:/Users/Inovacion/Documents/repo/sirpirtt-laravel/vendor/symfony/console/Application.php:759)
[stacktrace]
#0 C:/Users/Inovacion/Documents/repo/sirpirtt-laravel/vendor/symfony/console/Application.php(298): Symfony/Component/Console/Application->find('make:migrate')
#1 C:/Users/Inovacion/Documents/repo/sirpirtt-laravel/vendor/symfony/console/Application.php(195): Symfony/Component/Console/Application->doRun(Object(Symfony/Component/Console/Input/ArgvInput), Object(Symfony/Component/Console/Output/ConsoleOutput))
#2 C:/Users/Inovacion/Documents/repo/sirpirtt-laravel/vendor/laravel/framework/src/Illuminate/Foundation/Console/Kernel.php(198): Symfony/Component/Console/Application->run(Object(Symfony/Component/Console/Input/ArgvInput), Object(Symfony/Component/Console/Output/ConsoleOutput))
#3 C:/Users/Inovacion/Documents/repo/sirpirtt-laravel/vendor/laravel/framework/src/Illuminate/Foundation/Application.php(1242): Illuminate/Foundation/Console/Kernel->handle(Object(Symfony/Component/Console/Input/ArgvInput), Object(Symfony/Component/Console/Output/ConsoleOutput))
#4 C:/Users/Inovacion/Documents/repo/sirpirtt-laravel/artisan(16): Illuminate/Foundation/Application->handleCommand(Object(Symfony/Component/Console/Input/ArgvInput))
#5 {main}
"} 
[2026-08-20 20:58:04] local.ERROR: The "-f" option does not exist. {"exception":"[object] (Symfony\\Component\\Console\\Exception\\RuntimeException(code: 0): The \"-f\" option does not exist. at C:/Users/Inovacion/Documents/repo/sirpirtt-laravel/vendor/symfony/console/Input/ArgvInput.php:128)
[stacktrace]
#0 C:/Users/Inovacion/Documents/repo/sirpirtt-laravel/vendor/symfony/console/Input/ArgvInput.php(110): Symfony/Component/Console/Input/ArgvInput->parseShortOptionSet('fresh')
#1 C:/Users/Inovacion/Documents/repo/sirpirtt-laravel/vendor/symfony/console/Input/ArgvInput.php(90): Symfony/Component/Console/Input/ArgvInput->parseShortOption('-fresh')
#2 C:/Users/Inovacion/Documents/repo/sirpirtt-laravel/vendor/symfony/console/Input/ArgvInput.php(77): Symfony/Component/Console/Input/ArgvInput->parseToken('-fresh', true)
#3 C:/Users/Inovacion/Documents/repo/sirpirtt-laravel/vendor/symfony/console/Input/Input.php(53): Symfony/Component/Console/Input/ArgvInput->parse()
#4 C:/Users/Inovacion/Documents/repo/sirpirtt-laravel/vendor/symfony/console/Command/Command.php(295): Symfony/Component/Console/Input/Input->bind(Object(Symfony/Component/Console/Input/InputDefinition))
#5 C:/Users/Inovacion/Documents/repo/sirpirtt-laravel/vendor/laravel/framework/src/Illuminate/Console/Command.php(261): Symfony/Component/Console/Command/Command->run(Object(Symfony/Component/Console/Input/ArgvInput), Object(Illuminate/Console/OutputStyle))
#6 C:/Users/Inovacion/Documents/repo/sirpirtt-laravel/vendor/symfony/console/Application.php(1117): Illuminate/Console/Command->run(Object(Symfony/Component/Console/Input/ArgvInput), Object(Symfony/Component/Console/Output/ConsoleOutput))
#7 C:/Users/Inovacion/Documents/repo/sirpirtt-laravel/vendor/symfony/console/Application.php(356): Symfony/Component/Console/Application->doRunCommand(Object(Illuminate/Database/Console/Migrations/MigrateCommand), Object(Symfony/Component/Console/Input/ArgvInput), Object(Symfony/Component/Console/Output/ConsoleOutput))
#8 C:/Users/Inovacion/Documents/repo/sirpirtt-laravel/vendor/symfony/console/Application.php(195): Symfony/Component/Console/Application->doRun(Object(Symfony/Component/Console/Input/ArgvInput), Object(Symfony/Component/Console/Output/ConsoleOutput))
#9 C:/Users/Inovacion/Documents/repo/sirpirtt-laravel/vendor/laravel/framework/src/Illuminate/Foundation/Console/Kernel.php(198): Symfony/Component/Console/Application->run(Object(Symfony/Component/Console/Input/ArgvInput), Object(Symfony/Component/Console/Output/ConsoleOutput))
#10 C:/Users/Inovacion/Documents/repo/sirpirtt-laravel/vendor/laravel/framework/src/Illuminate/Foundation/Application.php(1242): Illuminate/Foundation/Console/Kernel->handle(Object(Symfony/Component/Console/Input/ArgvInput), Object(Symfony/Component/Console/Output/ConsoleOutput))
#11 C:/Users/Inovacion/Documents/repo/sirpirtt-laravel/artisan(16): Illuminate/Foundation/Application->handleCommand(Object(Symfony/Component/Console/Input/ArgvInput))
#12 {main}
"} 
[2026-08-27 17:57:54] production.ERROR: Uncaught InvalidArgumentException: Please provide a valid cache path. in C:\Users\Inovacion\Documents\repo\sirpirtt-laravel\vendor\laravel\framework\src\Illuminate\View\Compilers\Compiler.php:75
Stack trace:
#0 C:\Users\Inovacion\Documents\repo\sirpirtt-laravel\vendor\laravel\framework\src\Illuminate\View\ViewServiceProvider.php(97): Illuminate\View\Compilers\Compiler->__construct(Object(Illuminate\Filesystem\Filesystem), false, '', true, 'php', true)
#1 C:\Users\Inovacion\Documents\repo\sirpirtt-laravel\vendor\laravel\framework\src\Illuminate\Container\Container.php(1138): Illuminate\View\ViewServiceProvider->Illuminate\View\{closure}(Object(Illuminate\Foundation\Application), Array)
#2 C:\Users\Inovacion\Documents\repo\sirpirtt-laravel\vendor\laravel\framework\src\Illuminate\Container\Container.php(937): Illuminate\Container\Container->build(Object(Closure))
#3 C:\Users\Inovacion\Documents\repo\sirpirtt-laravel\vendor\laravel\framework\src\Illuminate\Foundation\Application.php(1085): Illuminate\Container\Container->resolve('blade.compiler', Array, true)
#4 C:\Users\Inovacion\Documents\repo\sirpirtt-laravel\vendor\laravel\framework\src\Illuminate\Container\Container.php(865): Illuminate\Foundation\Application->resolve('blade.compiler', Array)
#5 C:\Users\Inovacion\Documents\repo\sirpirtt-laravel\vendor\laravel\framework\src\Illuminate\Foundation\Application.php(1065): Illuminate\Container\Container->make('blade.compiler', Array)
#6 C:\Users\Inovacion\Documents\repo\sirpirtt-laravel\vendor\laravel\framework\src\Illuminate\Foundation\helpers.php(138): Illuminate\Foundation\Application->make('blade.compiler', Array)
#7 Command line code(1): app('Illuminate\\View...')
#8 {main}
  thrown {"exception":"[object] (Symfony\\Component\\ErrorHandler\\Error\\FatalError(code: 0): Uncaught InvalidArgumentException: Please provide a valid cache path. in C:\\Users\\Inovacion\\Documents\\repo\\sirpirtt-laravel\\vendor\\laravel\\framework\\src\\Illuminate\\View\\Compilers\\Compiler.php:75
Stack trace:
#0 C:\\Users\\Inovacion\\Documents\\repo\\sirpirtt-laravel\\vendor\\laravel\\framework\\src\\Illuminate\\View\\ViewServiceProvider.php(97): Illuminate\\View\\Compilers\\Compiler->__construct(Object(Illuminate\\Filesystem\\Filesystem), false, '', true, 'php', true)
#1 C:\\Users\\Inovacion\\Documents\\repo\\sirpirtt-laravel\\vendor\\laravel\\framework\\src\\Illuminate\\Container\\Container.php(1138): Illuminate\\View\\ViewServiceProvider->Illuminate\\View\\{closure}(Object(Illuminate\\Foundation\\Application), Array)
#2 C:\\Users\\Inovacion\\Documents\\repo\\sirpirtt-laravel\\vendor\\laravel\\framework\\src\\Illuminate\\Container\\Container.php(937): Illuminate\\Container\\Container->build(Object(Closure))
#3 C:\\Users\\Inovacion\\Documents\\repo\\sirpirtt-laravel\\vendor\\laravel\\framework\\src\\Illuminate\\Foundation\\Application.php(1085): Illuminate\\Container\\Container->resolve('blade.compiler', Array, true)
#4 C:\\Users\\Inovacion\\Documents\\repo\\sirpirtt-laravel\\vendor\\laravel\\framework\\src\\Illuminate\\Container\\Container.php(865): Illuminate\\Foundation\\Application->resolve('blade.compiler', Array)
#5 C:\\Users\\Inovacion\\Documents\\repo\\sirpirtt-laravel\\vendor\\laravel\\framework\\src\\Illuminate\\Foundation\\Application.php(1065): Illuminate\\Container\\Container->make('blade.compiler', Array)
#6 C:\\Users\\Inovacion\\Documents\\repo\\sirpirtt-laravel\\vendor\\laravel\\framework\\src\\Illuminate\\Foundation\\helpers.php(138): Illuminate\\Foundation\\Application->make('blade.compiler', Array)
#7 Command line code(1): app('Illuminate\\\\View...')
#8 {main}
  thrown at C:/Users/Inovacion/Documents/repo/sirpirtt-laravel/vendor/laravel/framework/src/Illuminate/View/Compilers/Compiler.php:75)
[stacktrace]
#0 {main}
"} 
[2026-08-27 18:07:54] production.ERROR: Uncaught InvalidArgumentException: Please provide a valid cache path. in C:\Users\Inovacion\Documents\repo\sirpirtt-laravel\vendor\laravel\framework\src\Illuminate\View\Compilers\Compiler.php:75
Stack trace:
#0 C:\Users\Inovacion\Documents\repo\sirpirtt-laravel\vendor\laravel\framework\src\Illuminate\View\ViewServiceProvider.php(97): Illuminate\View\Compilers\Compiler->__construct(Object(Illuminate\Filesystem\Filesystem), false, '', true, 'php', true)
#1 C:\Users\Inovacion\Documents\repo\sirpirtt-laravel\vendor\laravel\framework\src\Illuminate\Container\Container.php(1138): Illuminate\View\ViewServiceProvider->Illuminate\View\{closure}(Object(Illuminate\Foundation\Application), Array)
#2 C:\Users\Inovacion\Documents\repo\sirpirtt-laravel\vendor\laravel\framework\src\Illuminate\Container\Container.php(937): Illuminate\Container\Container->build(Object(Closure))
#3 C:\Users\Inovacion\Documents\repo\sirpirtt-laravel\vendor\laravel\framework\src\Illuminate\Foundation\Application.php(1085): Illuminate\Container\Container->resolve('blade.compiler', Array, true)
#4 C:\Users\Inovacion\Documents\repo\sirpirtt-laravel\vendor\laravel\framework\src\Illuminate\Container\Container.php(865): Illuminate\Foundation\Application->resolve('blade.compiler', Array)
#5 C:\Users\Inovacion\Documents\repo\sirpirtt-laravel\vendor\laravel\framework\src\Illuminate\Foundation\Application.php(1065): Illuminate\Container\Container->make('blade.compiler', Array)
#6 C:\Users\Inovacion\Documents\repo\sirpirtt-laravel\vendor\laravel\framework\src\Illuminate\Foundation\helpers.php(138): Illuminate\Foundation\Application->make('blade.compiler', Array)
#7 Command line code(1): app('Illuminate\\View...')
#8 {main}
  thrown {"exception":"[object] (Symfony\\Component\\ErrorHandler\\Error\\FatalError(code: 0): Uncaught InvalidArgumentException: Please provide a valid cache path. in C:\\Users\\Inovacion\\Documents\\repo\\sirpirtt-laravel\\vendor\\laravel\\framework\\src\\Illuminate\\View\\Compilers\\Compiler.php:75
Stack trace:
#0 C:\\Users\\Inovacion\\Documents\\repo\\sirpirtt-laravel\\vendor\\laravel\\framework\\src\\Illuminate\\View\\ViewServiceProvider.php(97): Illuminate\\View\\Compilers\\Compiler->__construct(Object(Illuminate\\Filesystem\\Filesystem), false, '', true, 'php', true)
#1 C:\\Users\\Inovacion\\Documents\\repo\\sirpirtt-laravel\\vendor\\laravel\\framework\\src\\Illuminate\\Container\\Container.php(1138): Illuminate\\View\\ViewServiceProvider->Illuminate\\View\\{closure}(Object(Illuminate\\Foundation\\Application), Array)
#2 C:\\Users\\Inovacion\\Documents\\repo\\sirpirtt-laravel\\vendor\\laravel\\framework\\src\\Illuminate\\Container\\Container.php(937): Illuminate\\Container\\Container->build(Object(Closure))
#3 C:\\Users\\Inovacion\\Documents\\repo\\sirpirtt-laravel\\vendor\\laravel\\framework\\src\\Illuminate\\Foundation\\Application.php(1085): Illuminate\\Container\\Container->resolve('blade.compiler', Array, true)
#4 C:\\Users\\Inovacion\\Documents\\repo\\sirpirtt-laravel\\vendor\\laravel\\framework\\src\\Illuminate\\Container\\Container.php(865): Illuminate\\Foundation\\Application->resolve('blade.compiler', Array)
#5 C:\\Users\\Inovacion\\Documents\\repo\\sirpirtt-laravel\\vendor\\laravel\\framework\\src\\Illuminate\\Foundation\\Application.php(1065): Illuminate\\Container\\Container->make('blade.compiler', Array)
#6 C:\\Users\\Inovacion\\Documents\\repo\\sirpirtt-laravel\\vendor\\laravel\\framework\\src\\Illuminate\\Foundation\\helpers.php(138): Illuminate\\Foundation\\Application->make('blade.compiler', Array)
#7 Command line code(1): app('Illuminate\\\\View...')
#8 {main}
  thrown at C:/Users/Inovacion/Documents/repo/sirpirtt-laravel/vendor/laravel/framework/src/Illuminate/View/Compilers/Compiler.php:75)
[stacktrace]
#0 {main}
"} 
[2026-08-27 18:17:55] production.ERROR: Uncaught InvalidArgumentException: Please provide a valid cache path. in C:\Users\Inovacion\Documents\repo\sirpirtt-laravel\vendor\laravel\framework\src\Illuminate\View\Compilers\Compiler.php:75
Stack trace:
#0 C:\Users\Inovacion\Documents\repo\sirpirtt-laravel\vendor\laravel\framework\src\Illuminate\View\ViewServiceProvider.php(97): Illuminate\View\Compilers\Compiler->__construct(Object(Illuminate\Filesystem\Filesystem), false, '', true, 'php', true)
#1 C:\Users\Inovacion\Documents\repo\sirpirtt-laravel\vendor\laravel\framework\src\Illuminate\Container\Container.php(1138): Illuminate\View\ViewServiceProvider->Illuminate\View\{closure}(Object(Illuminate\Foundation\Application), Array)
#2 C:\Users\Inovacion\Documents\repo\sirpirtt-laravel\vendor\laravel\framework\src\Illuminate\Container\Container.php(937): Illuminate\Container\Container->build(Object(Closure))
#3 C:\Users\Inovacion\Documents\repo\sirpirtt-laravel\vendor\laravel\framework\src\Illuminate\Foundation\Application.php(1085): Illuminate\Container\Container->resolve('blade.compiler', Array, true)
#4 C:\Users\Inovacion\Documents\repo\sirpirtt-laravel\vendor\laravel\framework\src\Illuminate\Container\Container.php(865): Illuminate\Foundation\Application->resolve('blade.compiler', Array)
#5 C:\Users\Inovacion\Documents\repo\sirpirtt-laravel\vendor\laravel\framework\src\Illuminate\Foundation\Application.php(1065): Illuminate\Container\Container->make('blade.compiler', Array)
#6 C:\Users\Inovacion\Documents\repo\sirpirtt-laravel\vendor\laravel\framework\src\Illuminate\Foundation\helpers.php(138): Illuminate\Foundation\Application->make('blade.compiler', Array)
#7 Command line code(1): app('Illuminate\\View...')
#8 {main}
  thrown {"exception":"[object] (Symfony\\Component\\ErrorHandler\\Error\\FatalError(code: 0): Uncaught InvalidArgumentException: Please provide a valid cache path. in C:\\Users\\Inovacion\\Documents\\repo\\sirpirtt-laravel\\vendor\\laravel\\framework\\src\\Illuminate\\View\\Compilers\\Compiler.php:75
Stack trace:
#0 C:\\Users\\Inovacion\\Documents\\repo\\sirpirtt-laravel\\vendor\\laravel\\framework\\src\\Illuminate\\View\\ViewServiceProvider.php(97): Illuminate\\View\\Compilers\\Compiler->__construct(Object(Illuminate\\Filesystem\\Filesystem), false, '', true, 'php', true)
#1 C:\\Users\\Inovacion\\Documents\\repo\\sirpirtt-laravel\\vendor\\laravel\\framework\\src\\Illuminate\\Container\\Container.php(1138): Illuminate\\View\\ViewServiceProvider->Illuminate\\View\\{closure}(Object(Illuminate\\Foundation\\Application), Array)
#2 C:\\Users\\Inovacion\\Documents\\repo\\sirpirtt-laravel\\vendor\\laravel\\framework\\src\\Illuminate\\Container\\Container.php(937): Illuminate\\Container\\Container->build(Object(Closure))
#3 C:\\Users\\Inovacion\\Documents\\repo\\sirpirtt-laravel\\vendor\\laravel\\framework\\src\\Illuminate\\Foundation\\Application.php(1085): Illuminate\\Container\\Container->resolve('blade.compiler', Array, true)
#4 C:\\Users\\Inovacion\\Documents\\repo\\sirpirtt-laravel\\vendor\\laravel\\framework\\src\\Illuminate\\Container\\Container.php(865): Illuminate\\Foundation\\Application->resolve('blade.compiler', Array)
#5 C:\\Users\\Inovacion\\Documents\\repo\\sirpirtt-laravel\\vendor\\laravel\\framework\\src\\Illuminate\\Foundation\\Application.php(1065): Illuminate\\Container\\Container->make('blade.compiler', Array)
#6 C:\\Users\\Inovacion\\Documents\\repo\\sirpirtt-laravel\\vendor\\laravel\\framework\\src\\Illuminate\\Foundation\\helpers.php(138): Illuminate\\Foundation\\Application->make('blade.compiler', Array)
#7 Command line code(1): app('Illuminate\\\\View...')
#8 {main}
  thrown at C:/Users/Inovacion/Documents/repo/sirpirtt-laravel/vendor/laravel/framework/src/Illuminate/View/Compilers/Compiler.php:75)
[stacktrace]
#0 {main}
"} 
[2026-08-27 18:27:55] production.ERROR: Uncaught InvalidArgumentException: Please provide a valid cache path. in C:\Users\Inovacion\Documents\repo\sirpirtt-laravel\vendor\laravel\framework\src\Illuminate\View\Compilers\Compiler.php:75
Stack trace:
#0 C:\Users\Inovacion\Documents\repo\sirpirtt-laravel\vendor\laravel\framework\src\Illuminate\View\ViewServiceProvider.php(97): Illuminate\View\Compilers\Compiler->__construct(Object(Illuminate\Filesystem\Filesystem), false, '', true, 'php', true)
#1 C:\Users\Inovacion\Documents\repo\sirpirtt-laravel\vendor\laravel\framework\src\Illuminate\Container\Container.php(1138): Illuminate\View\ViewServiceProvider->Illuminate\View\{closure}(Object(Illuminate\Foundation\Application), Array)
#2 C:\Users\Inovacion\Documents\repo\sirpirtt-laravel\vendor\laravel\framework\src\Illuminate\Container\Container.php(937): Illuminate\Container\Container->build(Object(Closure))
#3 C:\Users\Inovacion\Documents\repo\sirpirtt-laravel\vendor\laravel\framework\src\Illuminate\Foundation\Application.php(1085): Illuminate\Container\Container->resolve('blade.compiler', Array, true)
#4 C:\Users\Inovacion\Documents\repo\sirpirtt-laravel\vendor\laravel\framework\src\Illuminate\Container\Container.php(865): Illuminate\Foundation\Application->resolve('blade.compiler', Array)
#5 C:\Users\Inovacion\Documents\repo\sirpirtt-laravel\vendor\laravel\framework\src\Illuminate\Foundation\Application.php(1065): Illuminate\Container\Container->make('blade.compiler', Array)
#6 C:\Users\Inovacion\Documents\repo\sirpirtt-laravel\vendor\laravel\framework\src\Illuminate\Foundation\helpers.php(138): Illuminate\Foundation\Application->make('blade.compiler', Array)
#7 Command line code(1): app('Illuminate\\View...')
#8 {main}
  thrown {"exception":"[object] (Symfony\\Component\\ErrorHandler\\Error\\FatalError(code: 0): Uncaught InvalidArgumentException: Please provide a valid cache path. in C:\\Users\\Inovacion\\Documents\\repo\\sirpirtt-laravel\\vendor\\laravel\\framework\\src\\Illuminate\\View\\Compilers\\Compiler.php:75
Stack trace:
#0 C:\\Users\\Inovacion\\Documents\\repo\\sirpirtt-laravel\\vendor\\laravel\\framework\\src\\Illuminate\\View\\ViewServiceProvider.php(97): Illuminate\\View\\Compilers\\Compiler->__construct(Object(Illuminate\\Filesystem\\Filesystem), false, '', true, 'php', true)
#1 C:\\Users\\Inovacion\\Documents\\repo\\sirpirtt-laravel\\vendor\\laravel\\framework\\src\\Illuminate\\Container\\Container.php(1138): Illuminate\\View\\ViewServiceProvider->Illuminate\\View\\{closure}(Object(Illuminate\\Foundation\\Application), Array)
#2 C:\\Users\\Inovacion\\Documents\\repo\\sirpirtt-laravel\\vendor\\laravel\\framework\\src\\Illuminate\\Container\\Container.php(937): Illuminate\\Container\\Container->build(Object(Closure))
#3 C:\\Users\\Inovacion\\Documents\\repo\\sirpirtt-laravel\\vendor\\laravel\\framework\\src\\Illuminate\\Foundation\\Application.php(1085): Illuminate\\Container\\Container->resolve('blade.compiler', Array, true)
#4 C:\\Users\\Inovacion\\Documents\\repo\\sirpirtt-laravel\\vendor\\laravel\\framework\\src\\Illuminate\\Container\\Container.php(865): Illuminate\\Foundation\\Application->resolve('blade.compiler', Array)
#5 C:\\Users\\Inovacion\\Documents\\repo\\sirpirtt-laravel\\vendor\\laravel\\framework\\src\\Illuminate\\Foundation\\Application.php(1065): Illuminate\\Container\\Container->make('blade.compiler', Array)
#6 C:\\Users\\Inovacion\\Documents\\repo\\sirpirtt-laravel\\vendor\\laravel\\framework\\src\\Illuminate\\Foundation\\helpers.php(138): Illuminate\\Foundation\\Application->make('blade.compiler', Array)
#7 Command line code(1): app('Illuminate\\\\View...')
#8 {main}
  thrown at C:/Users/Inovacion/Documents/repo/sirpirtt-laravel/vendor/laravel/framework/src/Illuminate/View/Compilers/Compiler.php:75)
[stacktrace]
#0 {main}
"} 
[2026-08-27 18:37:54] production.ERROR: Uncaught InvalidArgumentException: Please provide a valid cache path. in C:\Users\Inovacion\Documents\repo\sirpirtt-laravel\vendor\laravel\framework\src\Illuminate\View\Compilers\Compiler.php:75
Stack trace:
#0 C:\Users\Inovacion\Documents\repo\sirpirtt-laravel\vendor\laravel\framework\src\Illuminate\View\ViewServiceProvider.php(97): Illuminate\View\Compilers\Compiler->__construct(Object(Illuminate\Filesystem\Filesystem), false, '', true, 'php', true)
#1 C:\Users\Inovacion\Documents\repo\sirpirtt-laravel\vendor\laravel\framework\src\Illuminate\Container\Container.php(1138): Illuminate\View\ViewServiceProvider->Illuminate\View\{closure}(Object(Illuminate\Foundation\Application), Array)
#2 C:\Users\Inovacion\Documents\repo\sirpirtt-laravel\vendor\laravel\framework\src\Illuminate\Container\Container.php(937): Illuminate\Container\Container->build(Object(Closure))
#3 C:\Users\Inovacion\Documents\repo\sirpirtt-laravel\vendor\laravel\framework\src\Illuminate\Foundation\Application.php(1085): Illuminate\Container\Container->resolve('blade.compiler', Array, true)
#4 C:\Users\Inovacion\Documents\repo\sirpirtt-laravel\vendor\laravel\framework\src\Illuminate\Container\Container.php(865): Illuminate\Foundation\Application->resolve('blade.compiler', Array)
#5 C:\Users\Inovacion\Documents\repo\sirpirtt-laravel\vendor\laravel\framework\src\Illuminate\Foundation\Application.php(1065): Illuminate\Container\Container->make('blade.compiler', Array)
#6 C:\Users\Inovacion\Documents\repo\sirpirtt-laravel\vendor\laravel\framework\src\Illuminate\Foundation\helpers.php(138): Illuminate\Foundation\Application->make('blade.compiler', Array)
#7 Command line code(1): app('Illuminate\\View...')
#8 {main}
  thrown {"exception":"[object] (Symfony\\Component\\ErrorHandler\\Error\\FatalError(code: 0): Uncaught InvalidArgumentException: Please provide a valid cache path. in C:\\Users\\Inovacion\\Documents\\repo\\sirpirtt-laravel\\vendor\\laravel\\framework\\src\\Illuminate\\View\\Compilers\\Compiler.php:75
Stack trace:
#0 C:\\Users\\Inovacion\\Documents\\repo\\sirpirtt-laravel\\vendor\\laravel\\framework\\src\\Illuminate\\View\\ViewServiceProvider.php(97): Illuminate\\View\\Compilers\\Compiler->__construct(Object(Illuminate\\Filesystem\\Filesystem), false, '', true, 'php', true)
#1 C:\\Users\\Inovacion\\Documents\\repo\\sirpirtt-laravel\\vendor\\laravel\\framework\\src\\Illuminate\\Container\\Container.php(1138): Illuminate\\View\\ViewServiceProvider->Illuminate\\View\\{closure}(Object(Illuminate\\Foundation\\Application), Array)
#2 C:\\Users\\Inovacion\\Documents\\repo\\sirpirtt-laravel\\vendor\\laravel\\framework\\src\\Illuminate\\Container\\Container.php(937): Illuminate\\Container\\Container->build(Object(Closure))
#3 C:\\Users\\Inovacion\\Documents\\repo\\sirpirtt-laravel\\vendor\\laravel\\framework\\src\\Illuminate\\Foundation\\Application.php(1085): Illuminate\\Container\\Container->resolve('blade.compiler', Array, true)
#4 C:\\Users\\Inovacion\\Documents\\repo\\sirpirtt-laravel\\vendor\\laravel\\framework\\src\\Illuminate\\Container\\Container.php(865): Illuminate\\Foundation\\Application->resolve('blade.compiler', Array)
#5 C:\\Users\\Inovacion\\Documents\\repo\\sirpirtt-laravel\\vendor\\laravel\\framework\\src\\Illuminate\\Foundation\\Application.php(1065): Illuminate\\Container\\Container->make('blade.compiler', Array)
#6 C:\\Users\\Inovacion\\Documents\\repo\\sirpirtt-laravel\\vendor\\laravel\\framework\\src\\Illuminate\\Foundation\\helpers.php(138): Illuminate\\Foundation\\Application->make('blade.compiler', Array)
#7 Command line code(1): app('Illuminate\\\\View...')
#8 {main}
  thrown at C:/Users/Inovacion/Documents/repo/sirpirtt-laravel/vendor/laravel/framework/src/Illuminate/View/Compilers/Compiler.php:75)
[stacktrace]
#0 {main}
"} 
[2026-08-27 18:47:54] production.ERROR: Uncaught InvalidArgumentException: Please provide a valid cache path. in C:\Users\Inovacion\Documents\repo\sirpirtt-laravel\vendor\laravel\framework\src\Illuminate\View\Compilers\Compiler.php:75
Stack trace:
#0 C:\Users\Inovacion\Documents\repo\sirpirtt-laravel\vendor\laravel\framework\src\Illuminate\View\ViewServiceProvider.php(97): Illuminate\View\Compilers\Compiler->__construct(Object(Illuminate\Filesystem\Filesystem), false, '', true, 'php', true)
#1 C:\Users\Inovacion\Documents\repo\sirpirtt-laravel\vendor\laravel\framework\src\Illuminate\Container\Container.php(1138): Illuminate\View\ViewServiceProvider->Illuminate\View\{closure}(Object(Illuminate\Foundation\Application), Array)
#2 C:\Users\Inovacion\Documents\repo\sirpirtt-laravel\vendor\laravel\framework\src\Illuminate\Container\Container.php(937): Illuminate\Container\Container->build(Object(Closure))
#3 C:\Users\Inovacion\Documents\repo\sirpirtt-laravel\vendor\laravel\framework\src\Illuminate\Foundation\Application.php(1085): Illuminate\Container\Container->resolve('blade.compiler', Array, true)
#4 C:\Users\Inovacion\Documents\repo\sirpirtt-laravel\vendor\laravel\framework\src\Illuminate\Container\Container.php(865): Illuminate\Foundation\Application->resolve('blade.compiler', Array)
#5 C:\Users\Inovacion\Documents\repo\sirpirtt-laravel\vendor\laravel\framework\src\Illuminate\Foundation\Application.php(1065): Illuminate\Container\Container->make('blade.compiler', Array)
#6 C:\Users\Inovacion\Documents\repo\sirpirtt-laravel\vendor\laravel\framework\src\Illuminate\Foundation\helpers.php(138): Illuminate\Foundation\Application->make('blade.compiler', Array)
#7 Command line code(1): app('Illuminate\\View...')
#8 {main}
  thrown {"exception":"[object] (Symfony\\Component\\ErrorHandler\\Error\\FatalError(code: 0): Uncaught InvalidArgumentException: Please provide a valid cache path. in C:\\Users\\Inovacion\\Documents\\repo\\sirpirtt-laravel\\vendor\\laravel\\framework\\src\\Illuminate\\View\\Compilers\\Compiler.php:75
Stack trace:
#0 C:\\Users\\Inovacion\\Documents\\repo\\sirpirtt-laravel\\vendor\\laravel\\framework\\src\\Illuminate\\View\\ViewServiceProvider.php(97): Illuminate\\View\\Compilers\\Compiler->__construct(Object(Illuminate\\Filesystem\\Filesystem), false, '', true, 'php', true)
#1 C:\\Users\\Inovacion\\Documents\\repo\\sirpirtt-laravel\\vendor\\laravel\\framework\\src\\Illuminate\\Container\\Container.php(1138): Illuminate\\View\\ViewServiceProvider->Illuminate\\View\\{closure}(Object(Illuminate\\Foundation\\Application), Array)
#2 C:\\Users\\Inovacion\\Documents\\repo\\sirpirtt-laravel\\vendor\\laravel\\framework\\src\\Illuminate\\Container\\Container.php(937): Illuminate\\Container\\Container->build(Object(Closure))
#3 C:\\Users\\Inovacion\\Documents\\repo\\sirpirtt-laravel\\vendor\\laravel\\framework\\src\\Illuminate\\Foundation\\Application.php(1085): Illuminate\\Container\\Container->resolve('blade.compiler', Array, true)
#4 C:\\Users\\Inovacion\\Documents\\repo\\sirpirtt-laravel\\vendor\\laravel\\framework\\src\\Illuminate\\Container\\Container.php(865): Illuminate\\Foundation\\Application->resolve('blade.compiler', Array)
#5 C:\\Users\\Inovacion\\Documents\\repo\\sirpirtt-laravel\\vendor\\laravel\\framework\\src\\Illuminate\\Foundation\\Application.php(1065): Illuminate\\Container\\Container->make('blade.compiler', Array)
#6 C:\\Users\\Inovacion\\Documents\\repo\\sirpirtt-laravel\\vendor\\laravel\\framework\\src\\Illuminate\\Foundation\\helpers.php(138): Illuminate\\Foundation\\Application->make('blade.compiler', Array)
#7 Command line code(1): app('Illuminate\\\\View...')
#8 {main}
  thrown at C:/Users/Inovacion/Documents/repo/sirpirtt-laravel/vendor/laravel/framework/src/Illuminate/View/Compilers/Compiler.php:75)
[stacktrace]
#0 {main}
"} 
[2026-08-27 18:53:54] local.ERROR: SQLSTATE[08006] [7] could not translate host name "contenedores0.bcs.gob.mx" to address: Unknown host (Connection: pgsql, Host: contenedores0.bcs.gob.mx, Port: 5404, Database: Sirpirtt, SQL: select exists (select 1 from pg_class c, pg_namespace n where n.nspname = current_schema() and c.relname = 'migrations' and c.relkind in ('r', 'p') and n.oid = c.relnamespace)) {"exception":"[object] (Illuminate\\Database\\QueryException(code: 7): SQLSTATE[08006] [7] could not translate host name \"contenedores0.bcs.gob.mx\" to address: Unknown host (Connection: pgsql, Host: contenedores0.bcs.gob.mx, Port: 5404, Database: Sirpirtt, SQL: select exists (select 1 from pg_class c, pg_namespace n where n.nspname = current_schema() and c.relname = 'migrations' and c.relkind in ('r', 'p') and n.oid = c.relnamespace)) at C:/Users/Inovacion/Documents/repo/sirpirtt-laravel/vendor/laravel/framework/src/Illuminate/Database/Connection.php:857)
[stacktrace]
#0 C:/Users/Inovacion/Documents/repo/sirpirtt-laravel/vendor/laravel/framework/src/Illuminate/Database/Connection.php(1037): Illuminate/Database/Connection->runQueryCallback('select exists (...', Array, Object(Closure))
#1 C:/Users/Inovacion/Documents/repo/sirpirtt-laravel/vendor/laravel/framework/src/Illuminate/Database/Connection.php(1016): Illuminate/Database/Connection->tryAgainIfCausedByLostConnection(Object(Illuminate/Database/QueryException), 'select exists (...', Array, Object(Closure))
#2 C:/Users/Inovacion/Documents/repo/sirpirtt-laravel/vendor/laravel/framework/src/Illuminate/Database/Connection.php(815): Illuminate/Database/Connection->handleQueryException(Object(Illuminate/Database/QueryException), 'select exists (...', Array, Object(Closure))
#3 C:/Users/Inovacion/Documents/repo/sirpirtt-laravel/vendor/laravel/framework/src/Illuminate/Database/Connection.php(426): Illuminate/Database/Connection->run('select exists (...', Array, Object(Closure))
#4 C:/Users/Inovacion/Documents/repo/sirpirtt-laravel/vendor/laravel/framework/src/Illuminate/Database/Connection.php(371): Illuminate/Database/Connection->select('select exists (...', Array, true)
#5 C:/Users/Inovacion/Documents/repo/sirpirtt-laravel/vendor/laravel/framework/src/Illuminate/Database/Connection.php(388): Illuminate/Database/Connection->selectOne('select exists (...', Array, true)
#6 C:/Users/Inovacion/Documents/repo/sirpirtt-laravel/vendor/laravel/framework/src/Illuminate/Database/Schema/Builder.php(176): Illuminate/Database/Connection->scalar('select exists (...')
#7 C:/Users/Inovacion/Documents/repo/sirpirtt-laravel/vendor/laravel/framework/src/Illuminate/Database/Migrations/DatabaseMigrationRepository.php(185): Illuminate/Database/Schema/Builder->hasTable('migrations')
#8 C:/Users/Inovacion/Documents/repo/sirpirtt-laravel/vendor/laravel/framework/src/Illuminate/Database/Migrations/Migrator.php(797): Illuminate/Database/Migrations/DatabaseMigrationRepository->repositoryExists()
#9 C:/Users/Inovacion/Documents/repo/sirpirtt-laravel/vendor/laravel/framework/src/Illuminate/Database/Console/Migrations/MigrateCommand.php(166): Illuminate/Database/Migrations/Migrator->repositoryExists()
#10 C:/Users/Inovacion/Documents/repo/sirpirtt-laravel/vendor/laravel/framework/src/Illuminate/Support/helpers.php(328): Illuminate/Database/Console/Migrations/MigrateCommand->Illuminate/Database/Console/Migrations/{closure}(1)
#11 C:/Users/Inovacion/Documents/repo/sirpirtt-laravel/vendor/laravel/framework/src/Illuminate/Database/Console/Migrations/MigrateCommand.php(166): retry(1, Object(Closure), 0, Object(Closure))
#12 C:/Users/Inovacion/Documents/repo/sirpirtt-laravel/vendor/laravel/framework/src/Illuminate/Database/Console/Migrations/MigrateCommand.php(142): Illuminate/Database/Console/Migrations/MigrateCommand->repositoryExists()
#13 C:/Users/Inovacion/Documents/repo/sirpirtt-laravel/vendor/laravel/framework/src/Illuminate/Database/Console/Migrations/MigrateCommand.php(112): Illuminate/Database/Console/Migrations/MigrateCommand->prepareDatabase()
#14 C:/Users/Inovacion/Documents/repo/sirpirtt-laravel/vendor/laravel/framework/src/Illuminate/Database/Migrations/Migrator.php(672): Illuminate/Database/Console/Migrations/MigrateCommand->Illuminate/Database/Console/Migrations/{closure}()
#15 C:/Users/Inovacion/Documents/repo/sirpirtt-laravel/vendor/laravel/framework/src/Illuminate/Database/Console/Migrations/MigrateCommand.php(111): Illuminate/Database/Migrations/Migrator->usingConnection(NULL, Object(Closure))
#16 C:/Users/Inovacion/Documents/repo/sirpirtt-laravel/vendor/laravel/framework/src/Illuminate/Database/Console/Migrations/MigrateCommand.php(90): Illuminate/Database/Console/Migrations/MigrateCommand->runMigrations()
#17 C:/Users/Inovacion/Documents/repo/sirpirtt-laravel/vendor/laravel/framework/src/Illuminate/Container/BoundMethod.php(36): Illuminate/Database/Console/Migrations/MigrateCommand->handle()
#18 C:/Users/Inovacion/Documents/repo/sirpirtt-laravel/vendor/laravel/framework/src/Illuminate/Container/Util.php(43): Illuminate/Container/BoundMethod::Illuminate/Container/{closure}()
#19 C:/Users/Inovacion/Documents/repo/sirpirtt-laravel/vendor/laravel/framework/src/Illuminate/Container/BoundMethod.php(96): Illuminate/Container/Util::unwrapIfClosure(Object(Closure))
#20 C:/Users/Inovacion/Documents/repo/sirpirtt-laravel/vendor/laravel/framework/src/Illuminate/Container/BoundMethod.php(35): Illuminate/Container/BoundMethod::callBoundMethod(Object(Illuminate/Foundation/Application), Array, Object(Closure))
#21 C:/Users/Inovacion/Documents/repo/sirpirtt-laravel/vendor/laravel/framework/src/Illuminate/Container/Container.php(801): Illuminate/Container/BoundMethod::call(Object(Illuminate/Foundation/Application), Array, Array, NULL)
#22 C:/Users/Inovacion/Documents/repo/sirpirtt-laravel/vendor/laravel/framework/src/Illuminate/Console/Command.php(292): Illuminate/Container/Container->call(Array)
#23 C:/Users/Inovacion/Documents/repo/sirpirtt-laravel/vendor/symfony/console/Command/Command.php(341): Illuminate/Console/Command->execute(Object(Symfony/Component/Console/Input/ArrayInput), Object(Illuminate/Console/OutputStyle))
#24 C:/Users/Inovacion/Documents/repo/sirpirtt-laravel/vendor/laravel/framework/src/Illuminate/Console/Command.php(261): Symfony/Component/Console/Command/Command->run(Object(Symfony/Component/Console/Input/ArrayInput), Object(Illuminate/Console/OutputStyle))
#25 C:/Users/Inovacion/Documents/repo/sirpirtt-laravel/vendor/laravel/framework/src/Illuminate/Console/Concerns/CallsCommands.php(68): Illuminate/Console/Command->run(Object(Symfony/Component/Console/Input/ArrayInput), Object(Illuminate/Console/OutputStyle))
#26 C:/Users/Inovacion/Documents/repo/sirpirtt-laravel/vendor/laravel/framework/src/Illuminate/Console/Concerns/CallsCommands.php(29): Illuminate/Console/Command->runCommand('migrate', Array, Object(Illuminate/Console/OutputStyle))
#27 C:/Users/Inovacion/Documents/repo/sirpirtt-laravel/vendor/laravel/framework/src/Illuminate/Database/Console/Migrations/FreshCommand.php(96): Illuminate/Console/Command->call('migrate', Array)
#28 C:/Users/Inovacion/Documents/repo/sirpirtt-laravel/vendor/laravel/framework/src/Illuminate/Container/BoundMethod.php(36): Illuminate/Database/Console/Migrations/FreshCommand->handle()
#29 C:/Users/Inovacion/Documents/repo/sirpirtt-laravel/vendor/laravel/framework/src/Illuminate/Container/Util.php(43): Illuminate/Container/BoundMethod::Illuminate/Container/{closure}()
#30 C:/Users/Inovacion/Documents/repo/sirpirtt-laravel/vendor/laravel/framework/src/Illuminate/Container/BoundMethod.php(96): Illuminate/Container/Util::unwrapIfClosure(Object(Closure))
#31 C:/Users/Inovacion/Documents/repo/sirpirtt-laravel/vendor/laravel/framework/src/Illuminate/Container/BoundMethod.php(35): Illuminate/Container/BoundMethod::callBoundMethod(Object(Illuminate/Foundation/Application), Array, Object(Closure))
#32 C:/Users/Inovacion/Documents/repo/sirpirtt-laravel/vendor/laravel/framework/src/Illuminate/Container/Container.php(801): Illuminate/Container/BoundMethod::call(Object(Illuminate/Foundation/Application), Array, Array, NULL)
#33 C:/Users/Inovacion/Documents/repo/sirpirtt-laravel/vendor/laravel/framework/src/Illuminate/Console/Command.php(292): Illuminate/Container/Container->call(Array)
#34 C:/Users/Inovacion/Documents/repo/sirpirtt-laravel/vendor/symfony/console/Command/Command.php(341): Illuminate/Console/Command->execute(Object(Symfony/Component/Console/Input/ArgvInput), Object(Illuminate/Console/OutputStyle))
#35 C:/Users/Inovacion/Documents/repo/sirpirtt-laravel/vendor/laravel/framework/src/Illuminate/Console/Command.php(261): Symfony/Component/Console/Command/Command->run(Object(Symfony/Component/Console/Input/ArgvInput), Object(Illuminate/Console/OutputStyle))
#36 C:/Users/Inovacion/Documents/repo/sirpirtt-laravel/vendor/symfony/console/Application.php(1117): Illuminate/Console/Command->run(Object(Symfony/Component/Console/Input/ArgvInput), Object(Symfony/Component/Console/Output/ConsoleOutput))
#37 C:/Users/Inovacion/Documents/repo/sirpirtt-laravel/vendor/symfony/console/Application.php(356): Symfony/Component/Console/Application->doRunCommand(Object(Illuminate/Database/Console/Migrations/FreshCommand), Object(Symfony/Component/Console/Input/ArgvInput), Object(Symfony/Component/Console/Output/ConsoleOutput))
#38 C:/Users/Inovacion/Documents/repo/sirpirtt-laravel/vendor/symfony/console/Application.php(195): Symfony/Component/Console/Application->doRun(Object(Symfony/Component/Console/Input/ArgvInput), Object(Symfony/Component/Console/Output/ConsoleOutput))
#39 C:/Users/Inovacion/Documents/repo/sirpirtt-laravel/vendor/laravel/framework/src/Illuminate/Foundation/Console/Kernel.php(198): Symfony/Component/Console/Application->run(Object(Symfony/Component/Console/Input/ArgvInput), Object(Symfony/Component/Console/Output/ConsoleOutput))
#40 C:/Users/Inovacion/Documents/repo/sirpirtt-laravel/vendor/laravel/framework/src/Illuminate/Foundation/Application.php(1242): Illuminate/Foundation/Console/Kernel->handle(Object(Symfony/Component/Console/Input/ArgvInput), Object(Symfony/Component/Console/Output/ConsoleOutput))
#41 C:/Users/Inovacion/Documents/repo/sirpirtt-laravel/artisan(16): Illuminate/Foundation/Application->handleCommand(Object(Symfony/Component/Console/Input/ArgvInput))
#42 {main}

[previous exception] [object] (PDOException(code: 7): SQLSTATE[08006] [7] could not translate host name \"contenedores0.bcs.gob.mx\" to address: Unknown host at C:/Users/Inovacion/Documents/repo/sirpirtt-laravel/vendor/laravel/framework/src/Illuminate/Database/Connectors/Connector.php:66)
[stacktrace]
#0 C:/Users/Inovacion/Documents/repo/sirpirtt-laravel/vendor/laravel/framework/src/Illuminate/Database/Connectors/Connector.php(66): PDO->__construct('pgsql:host=cont...', 'reportes', Object(SensitiveParameterValue), Array)
#1 C:/Users/Inovacion/Documents/repo/sirpirtt-laravel/vendor/laravel/framework/src/Illuminate/Database/Connectors/Connector.php(85): Illuminate/Database/Connectors/Connector->createPdoConnection('pgsql:host=cont...', 'reportes', Object(SensitiveParameterValue), Array)
#2 C:/Users/Inovacion/Documents/repo/sirpirtt-laravel/vendor/laravel/framework/src/Illuminate/Database/Connectors/Connector.php(48): Illuminate/Database/Connectors/Connector->tryAgainIfCausedByLostConnection(Object(PDOException), 'pgsql:host=cont...', 'reportes', Object(SensitiveParameterValue), Array)
#3 C:/Users/Inovacion/Documents/repo/sirpirtt-laravel/vendor/laravel/framework/src/Illuminate/Database/Connectors/PostgresConnector.php(35): Illuminate/Database/Connectors/Connector->createConnection('pgsql:host=cont...', Array, Array)
#4 C:/Users/Inovacion/Documents/repo/sirpirtt-laravel/vendor/laravel/framework/src/Illuminate/Database/Connectors/ConnectionFactory.php(220): Illuminate/Database/Connectors/PostgresConnector->connect(Array)
#5 [internal function]: Illuminate/Database/Connectors/ConnectionFactory->Illuminate/Database/Connectors/{closure}()
#6 C:/Users/Inovacion/Documents/repo/sirpirtt-laravel/vendor/laravel/framework/src/Illuminate/Database/Connection.php(1297): call_user_func(Object(Closure))
#7 C:/Users/Inovacion/Documents/repo/sirpirtt-laravel/vendor/laravel/framework/src/Illuminate/Database/Connection.php(1335): Illuminate/Database/Connection->getPdo()
#8 C:/Users/Inovacion/Documents/repo/sirpirtt-laravel/vendor/laravel/framework/src/Illuminate/Database/Connection.php(542): Illuminate/Database/Connection->getReadPdo()
#9 C:/Users/Inovacion/Documents/repo/sirpirtt-laravel/vendor/laravel/framework/src/Illuminate/Database/Connection.php(435): Illuminate/Database/Connection->getPdoForSelect(true)
#10 C:/Users/Inovacion/Documents/repo/sirpirtt-laravel/vendor/laravel/framework/src/Illuminate/Database/Connection.php(846): Illuminate/Database/Connection->Illuminate/Database/{closure}('select exists (...', Array)
#11 C:/Users/Inovacion/Documents/repo/sirpirtt-laravel/vendor/laravel/framework/src/Illuminate/Database/Connection.php(1037): Illuminate/Database/Connection->runQueryCallback('select exists (...', Array, Object(Closure))
#12 C:/Users/Inovacion/Documents/repo/sirpirtt-laravel/vendor/laravel/framework/src/Illuminate/Database/Connection.php(1016): Illuminate/Database/Connection->tryAgainIfCausedByLostConnection(Object(Illuminate/Database/QueryException), 'select exists (...', Array, Object(Closure))
#13 C:/Users/Inovacion/Documents/repo/sirpirtt-laravel/vendor/laravel/framework/src/Illuminate/Database/Connection.php(815): Illuminate/Database/Connection->handleQueryException(Object(Illuminate/Database/QueryException), 'select exists (...', Array, Object(Closure))
#14 C:/Users/Inovacion/Documents/repo/sirpirtt-laravel/vendor/laravel/framework/src/Illuminate/Database/Connection.php(426): Illuminate/Database/Connection->run('select exists (...', Array, Object(Closure))
#15 C:/Users/Inovacion/Documents/repo/sirpirtt-laravel/vendor/laravel/framework/src/Illuminate/Database/Connection.php(371): Illuminate/Database/Connection->select('select exists (...', Array, true)
#16 C:/Users/Inovacion/Documents/repo/sirpirtt-laravel/vendor/laravel/framework/src/Illuminate/Database/Connection.php(388): Illuminate/Database/Connection->selectOne('select exists (...', Array, true)
#17 C:/Users/Inovacion/Documents/repo/sirpirtt-laravel/vendor/laravel/framework/src/Illuminate/Database/Schema/Builder.php(176): Illuminate/Database/Connection->scalar('select exists (...')
#18 C:/Users/Inovacion/Documents/repo/sirpirtt-laravel/vendor/laravel/framework/src/Illuminate/Database/Migrations/DatabaseMigrationRepository.php(185): Illuminate/Database/Schema/Builder->hasTable('migrations')
#19 C:/Users/Inovacion/Documents/repo/sirpirtt-laravel/vendor/laravel/framework/src/Illuminate/Database/Migrations/Migrator.php(797): Illuminate/Database/Migrations/DatabaseMigrationRepository->repositoryExists()
#20 C:/Users/Inovacion/Documents/repo/sirpirtt-laravel/vendor/laravel/framework/src/Illuminate/Database/Console/Migrations/MigrateCommand.php(166): Illuminate/Database/Migrations/Migrator->repositoryExists()
#21 C:/Users/Inovacion/Documents/repo/sirpirtt-laravel/vendor/laravel/framework/src/Illuminate/Support/helpers.php(328): Illuminate/Database/Console/Migrations/MigrateCommand->Illuminate/Database/Console/Migrations/{closure}(1)
#22 C:/Users/Inovacion/Documents/repo/sirpirtt-laravel/vendor/laravel/framework/src/Illuminate/Database/Console/Migrations/MigrateCommand.php(166): retry(1, Object(Closure), 0, Object(Closure))
#23 C:/Users/Inovacion/Documents/repo/sirpirtt-laravel/vendor/laravel/framework/src/Illuminate/Database/Console/Migrations/MigrateCommand.php(142): Illuminate/Database/Console/Migrations/MigrateCommand->repositoryExists()
#24 C:/Users/Inovacion/Documents/repo/sirpirtt-laravel/vendor/laravel/framework/src/Illuminate/Database/Console/Migrations/MigrateCommand.php(112): Illuminate/Database/Console/Migrations/MigrateCommand->prepareDatabase()
#25 C:/Users/Inovacion/Documents/repo/sirpirtt-laravel/vendor/laravel/framework/src/Illuminate/Database/Migrations/Migrator.php(672): Illuminate/Database/Console/Migrations/MigrateCommand->Illuminate/Database/Console/Migrations/{closure}()
#26 C:/Users/Inovacion/Documents/repo/sirpirtt-laravel/vendor/laravel/framework/src/Illuminate/Database/Console/Migrations/MigrateCommand.php(111): Illuminate/Database/Migrations/Migrator->usingConnection(NULL, Object(Closure))
#27 C:/Users/Inovacion/Documents/repo/sirpirtt-laravel/vendor/laravel/framework/src/Illuminate/Database/Console/Migrations/MigrateCommand.php(90): Illuminate/Database/Console/Migrations/MigrateCommand->runMigrations()
#28 C:/Users/Inovacion/Documents/repo/sirpirtt-laravel/vendor/laravel/framework/src/Illuminate/Container/BoundMethod.php(36): Illuminate/Database/Console/Migrations/MigrateCommand->handle()
#29 C:/Users/Inovacion/Documents/repo/sirpirtt-laravel/vendor/laravel/framework/src/Illuminate/Container/Util.php(43): Illuminate/Container/BoundMethod::Illuminate/Container/{closure}()
#30 C:/Users/Inovacion/Documents/repo/sirpirtt-laravel/vendor/laravel/framework/src/Illuminate/Container/BoundMethod.php(96): Illuminate/Container/Util::unwrapIfClosure(Object(Closure))
#31 C:/Users/Inovacion/Documents/repo/sirpirtt-laravel/vendor/laravel/framework/src/Illuminate/Container/BoundMethod.php(35): Illuminate/Container/BoundMethod::callBoundMethod(Object(Illuminate/Foundation/Application), Array, Object(Closure))
#32 C:/Users/Inovacion/Documents/repo/sirpirtt-laravel/vendor/laravel/framework/src/Illuminate/Container/Container.php(801): Illuminate/Container/BoundMethod::call(Object(Illuminate/Foundation/Application), Array, Array, NULL)
#33 C:/Users/Inovacion/Documents/repo/sirpirtt-laravel/vendor/laravel/framework/src/Illuminate/Console/Command.php(292): Illuminate/Container/Container->call(Array)
#34 C:/Users/Inovacion/Documents/repo/sirpirtt-laravel/vendor/symfony/console/Command/Command.php(341): Illuminate/Console/Command->execute(Object(Symfony/Component/Console/Input/ArrayInput), Object(Illuminate/Console/OutputStyle))
#35 C:/Users/Inovacion/Documents/repo/sirpirtt-laravel/vendor/laravel/framework/src/Illuminate/Console/Command.php(261): Symfony/Component/Console/Command/Command->run(Object(Symfony/Component/Console/Input/ArrayInput), Object(Illuminate/Console/OutputStyle))
#36 C:/Users/Inovacion/Documents/repo/sirpirtt-laravel/vendor/laravel/framework/src/Illuminate/Console/Concerns/CallsCommands.php(68): Illuminate/Console/Command->run(Object(Symfony/Component/Console/Input/ArrayInput), Object(Illuminate/Console/OutputStyle))
#37 C:/Users/Inovacion/Documents/repo/sirpirtt-laravel/vendor/laravel/framework/src/Illuminate/Console/Concerns/CallsCommands.php(29): Illuminate/Console/Command->runCommand('migrate', Array, Object(Illuminate/Console/OutputStyle))
#38 C:/Users/Inovacion/Documents/repo/sirpirtt-laravel/vendor/laravel/framework/src/Illuminate/Database/Console/Migrations/FreshCommand.php(96): Illuminate/Console/Command->call('migrate', Array)
#39 C:/Users/Inovacion/Documents/repo/sirpirtt-laravel/vendor/laravel/framework/src/Illuminate/Container/BoundMethod.php(36): Illuminate/Database/Console/Migrations/FreshCommand->handle()
#40 C:/Users/Inovacion/Documents/repo/sirpirtt-laravel/vendor/laravel/framework/src/Illuminate/Container/Util.php(43): Illuminate/Container/BoundMethod::Illuminate/Container/{closure}()
#41 C:/Users/Inovacion/Documents/repo/sirpirtt-laravel/vendor/laravel/framework/src/Illuminate/Container/BoundMethod.php(96): Illuminate/Container/Util::unwrapIfClosure(Object(Closure))
#42 C:/Users/Inovacion/Documents/repo/sirpirtt-laravel/vendor/laravel/framework/src/Illuminate/Container/BoundMethod.php(35): Illuminate/Container/BoundMethod::callBoundMethod(Object(Illuminate/Foundation/Application), Array, Object(Closure))
#43 C:/Users/Inovacion/Documents/repo/sirpirtt-laravel/vendor/laravel/framework/src/Illuminate/Container/Container.php(801): Illuminate/Container/BoundMethod::call(Object(Illuminate/Foundation/Application), Array, Array, NULL)
#44 C:/Users/Inovacion/Documents/repo/sirpirtt-laravel/vendor/laravel/framework/src/Illuminate/Console/Command.php(292): Illuminate/Container/Container->call(Array)
#45 C:/Users/Inovacion/Documents/repo/sirpirtt-laravel/vendor/symfony/console/Command/Command.php(341): Illuminate/Console/Command->execute(Object(Symfony/Component/Console/Input/ArgvInput), Object(Illuminate/Console/OutputStyle))
#46 C:/Users/Inovacion/Documents/repo/sirpirtt-laravel/vendor/laravel/framework/src/Illuminate/Console/Command.php(261): Symfony/Component/Console/Command/Command->run(Object(Symfony/Component/Console/Input/ArgvInput), Object(Illuminate/Console/OutputStyle))
#47 C:/Users/Inovacion/Documents/repo/sirpirtt-laravel/vendor/symfony/console/Application.php(1117): Illuminate/Console/Command->run(Object(Symfony/Component/Console/Input/ArgvInput), Object(Symfony/Component/Console/Output/ConsoleOutput))
#48 C:/Users/Inovacion/Documents/repo/sirpirtt-laravel/vendor/symfony/console/Application.php(356): Symfony/Component/Console/Application->doRunCommand(Object(Illuminate/Database/Console/Migrations/FreshCommand), Object(Symfony/Component/Console/Input/ArgvInput), Object(Symfony/Component/Console/Output/ConsoleOutput))
#49 C:/Users/Inovacion/Documents/repo/sirpirtt-laravel/vendor/symfony/console/Application.php(195): Symfony/Component/Console/Application->doRun(Object(Symfony/Component/Console/Input/ArgvInput), Object(Symfony/Component/Console/Output/ConsoleOutput))
#50 C:/Users/Inovacion/Documents/repo/sirpirtt-laravel/vendor/laravel/framework/src/Illuminate/Foundation/Console/Kernel.php(198): Symfony/Component/Console/Application->run(Object(Symfony/Component/Console/Input/ArgvInput), Object(Symfony/Component/Console/Output/ConsoleOutput))
#51 C:/Users/Inovacion/Documents/repo/sirpirtt-laravel/vendor/laravel/framework/src/Illuminate/Foundation/Application.php(1242): Illuminate/Foundation/Console/Kernel->handle(Object(Symfony/Component/Console/Input/ArgvInput), Object(Symfony/Component/Console/Output/ConsoleOutput))
#52 C:/Users/Inovacion/Documents/repo/sirpirtt-laravel/artisan(16): Illuminate/Foundation/Application->handleCommand(Object(Symfony/Component/Console/Input/ArgvInput))
#53 {main}
"} 
[2026-08-27 18:57:54] local.ERROR: Uncaught InvalidArgumentException: Please provide a valid cache path. in C:\Users\Inovacion\Documents\repo\sirpirtt-laravel\vendor\laravel\framework\src\Illuminate\View\Compilers\Compiler.php:75
Stack trace:
#0 C:\Users\Inovacion\Documents\repo\sirpirtt-laravel\vendor\laravel\framework\src\Illuminate\View\ViewServiceProvider.php(97): Illuminate\View\Compilers\Compiler->__construct(Object(Illuminate\Filesystem\Filesystem), false, '', true, 'php', true)
#1 C:\Users\Inovacion\Documents\repo\sirpirtt-laravel\vendor\laravel\framework\src\Illuminate\Container\Container.php(1138): Illuminate\View\ViewServiceProvider->Illuminate\View\{closure}(Object(Illuminate\Foundation\Application), Array)
#2 C:\Users\Inovacion\Documents\repo\sirpirtt-laravel\vendor\laravel\framework\src\Illuminate\Container\Container.php(937): Illuminate\Container\Container->build(Object(Closure))
#3 C:\Users\Inovacion\Documents\repo\sirpirtt-laravel\vendor\laravel\framework\src\Illuminate\Foundation\Application.php(1085): Illuminate\Container\Container->resolve('blade.compiler', Array, true)
#4 C:\Users\Inovacion\Documents\repo\sirpirtt-laravel\vendor\laravel\framework\src\Illuminate\Container\Container.php(865): Illuminate\Foundation\Application->resolve('blade.compiler', Array)
#5 C:\Users\Inovacion\Documents\repo\sirpirtt-laravel\vendor\laravel\framework\src\Illuminate\Foundation\Application.php(1065): Illuminate\Container\Container->make('blade.compiler', Array)
#6 C:\Users\Inovacion\Documents\repo\sirpirtt-laravel\vendor\laravel\framework\src\Illuminate\Foundation\helpers.php(138): Illuminate\Foundation\Application->make('blade.compiler', Array)
#7 Command line code(1): app('Illuminate\\View...')
#8 {main}
  thrown {"exception":"[object] (Symfony\\Component\\ErrorHandler\\Error\\FatalError(code: 0): Uncaught InvalidArgumentException: Please provide a valid cache path. in C:\\Users\\Inovacion\\Documents\\repo\\sirpirtt-laravel\\vendor\\laravel\\framework\\src\\Illuminate\\View\\Compilers\\Compiler.php:75
Stack trace:
#0 C:\\Users\\Inovacion\\Documents\\repo\\sirpirtt-laravel\\vendor\\laravel\\framework\\src\\Illuminate\\View\\ViewServiceProvider.php(97): Illuminate\\View\\Compilers\\Compiler->__construct(Object(Illuminate\\Filesystem\\Filesystem), false, '', true, 'php', true)
#1 C:\\Users\\Inovacion\\Documents\\repo\\sirpirtt-laravel\\vendor\\laravel\\framework\\src\\Illuminate\\Container\\Container.php(1138): Illuminate\\View\\ViewServiceProvider->Illuminate\\View\\{closure}(Object(Illuminate\\Foundation\\Application), Array)
#2 C:\\Users\\Inovacion\\Documents\\repo\\sirpirtt-laravel\\vendor\\laravel\\framework\\src\\Illuminate\\Container\\Container.php(937): Illuminate\\Container\\Container->build(Object(Closure))
#3 C:\\Users\\Inovacion\\Documents\\repo\\sirpirtt-laravel\\vendor\\laravel\\framework\\src\\Illuminate\\Foundation\\Application.php(1085): Illuminate\\Container\\Container->resolve('blade.compiler', Array, true)
#4 C:\\Users\\Inovacion\\Documents\\repo\\sirpirtt-laravel\\vendor\\laravel\\framework\\src\\Illuminate\\Container\\Container.php(865): Illuminate\\Foundation\\Application->resolve('blade.compiler', Array)
#5 C:\\Users\\Inovacion\\Documents\\repo\\sirpirtt-laravel\\vendor\\laravel\\framework\\src\\Illuminate\\Foundation\\Application.php(1065): Illuminate\\Container\\Container->make('blade.compiler', Array)
#6 C:\\Users\\Inovacion\\Documents\\repo\\sirpirtt-laravel\\vendor\\laravel\\framework\\src\\Illuminate\\Foundation\\helpers.php(138): Illuminate\\Foundation\\Application->make('blade.compiler', Array)
#7 Command line code(1): app('Illuminate\\\\View...')
#8 {main}
  thrown at C:/Users/Inovacion/Documents/repo/sirpirtt-laravel/vendor/laravel/framework/src/Illuminate/View/Compilers/Compiler.php:75)
[stacktrace]
#0 {main}
"} 
[2026-08-27 19:07:54] local.ERROR: Uncaught InvalidArgumentException: Please provide a valid cache path. in C:\Users\Inovacion\Documents\repo\sirpirtt-laravel\vendor\laravel\framework\src\Illuminate\View\Compilers\Compiler.php:75
Stack trace:
#0 C:\Users\Inovacion\Documents\repo\sirpirtt-laravel\vendor\laravel\framework\src\Illuminate\View\ViewServiceProvider.php(97): Illuminate\View\Compilers\Compiler->__construct(Object(Illuminate\Filesystem\Filesystem), false, '', true, 'php', true)
#1 C:\Users\Inovacion\Documents\repo\sirpirtt-laravel\vendor\laravel\framework\src\Illuminate\Container\Container.php(1138): Illuminate\View\ViewServiceProvider->Illuminate\View\{closure}(Object(Illuminate\Foundation\Application), Array)
#2 C:\Users\Inovacion\Documents\repo\sirpirtt-laravel\vendor\laravel\framework\src\Illuminate\Container\Container.php(937): Illuminate\Container\Container->build(Object(Closure))
#3 C:\Users\Inovacion\Documents\repo\sirpirtt-laravel\vendor\laravel\framework\src\Illuminate\Foundation\Application.php(1085): Illuminate\Container\Container->resolve('blade.compiler', Array, true)
#4 C:\Users\Inovacion\Documents\repo\sirpirtt-laravel\vendor\laravel\framework\src\Illuminate\Container\Container.php(865): Illuminate\Foundation\Application->resolve('blade.compiler', Array)
#5 C:\Users\Inovacion\Documents\repo\sirpirtt-laravel\vendor\laravel\framework\src\Illuminate\Foundation\Application.php(1065): Illuminate\Container\Container->make('blade.compiler', Array)
#6 C:\Users\Inovacion\Documents\repo\sirpirtt-laravel\vendor\laravel\framework\src\Illuminate\Foundation\helpers.php(138): Illuminate\Foundation\Application->make('blade.compiler', Array)
#7 Command line code(1): app('Illuminate\\View...')
#8 {main}
  thrown {"exception":"[object] (Symfony\\Component\\ErrorHandler\\Error\\FatalError(code: 0): Uncaught InvalidArgumentException: Please provide a valid cache path. in C:\\Users\\Inovacion\\Documents\\repo\\sirpirtt-laravel\\vendor\\laravel\\framework\\src\\Illuminate\\View\\Compilers\\Compiler.php:75
Stack trace:
#0 C:\\Users\\Inovacion\\Documents\\repo\\sirpirtt-laravel\\vendor\\laravel\\framework\\src\\Illuminate\\View\\ViewServiceProvider.php(97): Illuminate\\View\\Compilers\\Compiler->__construct(Object(Illuminate\\Filesystem\\Filesystem), false, '', true, 'php', true)
#1 C:\\Users\\Inovacion\\Documents\\repo\\sirpirtt-laravel\\vendor\\laravel\\framework\\src\\Illuminate\\Container\\Container.php(1138): Illuminate\\View\\ViewServiceProvider->Illuminate\\View\\{closure}(Object(Illuminate\\Foundation\\Application), Array)
#2 C:\\Users\\Inovacion\\Documents\\repo\\sirpirtt-laravel\\vendor\\laravel\\framework\\src\\Illuminate\\Container\\Container.php(937): Illuminate\\Container\\Container->build(Object(Closure))
#3 C:\\Users\\Inovacion\\Documents\\repo\\sirpirtt-laravel\\vendor\\laravel\\framework\\src\\Illuminate\\Foundation\\Application.php(1085): Illuminate\\Container\\Container->resolve('blade.compiler', Array, true)
#4 C:\\Users\\Inovacion\\Documents\\repo\\sirpirtt-laravel\\vendor\\laravel\\framework\\src\\Illuminate\\Container\\Container.php(865): Illuminate\\Foundation\\Application->resolve('blade.compiler', Array)
#5 C:\\Users\\Inovacion\\Documents\\repo\\sirpirtt-laravel\\vendor\\laravel\\framework\\src\\Illuminate\\Foundation\\Application.php(1065): Illuminate\\Container\\Container->make('blade.compiler', Array)
#6 C:\\Users\\Inovacion\\Documents\\repo\\sirpirtt-laravel\\vendor\\laravel\\framework\\src\\Illuminate\\Foundation\\helpers.php(138): Illuminate\\Foundation\\Application->make('blade.compiler', Array)
#7 Command line code(1): app('Illuminate\\\\View...')
#8 {main}
  thrown at C:/Users/Inovacion/Documents/repo/sirpirtt-laravel/vendor/laravel/framework/src/Illuminate/View/Compilers/Compiler.php:75)
[stacktrace]
#0 {main}
"} 
[2026-08-27 19:17:54] local.ERROR: Uncaught InvalidArgumentException: Please provide a valid cache path. in C:\Users\Inovacion\Documents\repo\sirpirtt-laravel\vendor\laravel\framework\src\Illuminate\View\Compilers\Compiler.php:75
Stack trace:
#0 C:\Users\Inovacion\Documents\repo\sirpirtt-laravel\vendor\laravel\framework\src\Illuminate\View\ViewServiceProvider.php(97): Illuminate\View\Compilers\Compiler->__construct(Object(Illuminate\Filesystem\Filesystem), false, '', true, 'php', true)
#1 C:\Users\Inovacion\Documents\repo\sirpirtt-laravel\vendor\laravel\framework\src\Illuminate\Container\Container.php(1138): Illuminate\View\ViewServiceProvider->Illuminate\View\{closure}(Object(Illuminate\Foundation\Application), Array)
#2 C:\Users\Inovacion\Documents\repo\sirpirtt-laravel\vendor\laravel\framework\src\Illuminate\Container\Container.php(937): Illuminate\Container\Container->build(Object(Closure))
#3 C:\Users\Inovacion\Documents\repo\sirpirtt-laravel\vendor\laravel\framework\src\Illuminate\Foundation\Application.php(1085): Illuminate\Container\Container->resolve('blade.compiler', Array, true)
#4 C:\Users\Inovacion\Documents\repo\sirpirtt-laravel\vendor\laravel\framework\src\Illuminate\Container\Container.php(865): Illuminate\Foundation\Application->resolve('blade.compiler', Array)
#5 C:\Users\Inovacion\Documents\repo\sirpirtt-laravel\vendor\laravel\framework\src\Illuminate\Foundation\Application.php(1065): Illuminate\Container\Container->make('blade.compiler', Array)
#6 C:\Users\Inovacion\Documents\repo\sirpirtt-laravel\vendor\laravel\framework\src\Illuminate\Foundation\helpers.php(138): Illuminate\Foundation\Application->make('blade.compiler', Array)
#7 Command line code(1): app('Illuminate\\View...')
#8 {main}
  thrown {"exception":"[object] (Symfony\\Component\\ErrorHandler\\Error\\FatalError(code: 0): Uncaught InvalidArgumentException: Please provide a valid cache path. in C:\\Users\\Inovacion\\Documents\\repo\\sirpirtt-laravel\\vendor\\laravel\\framework\\src\\Illuminate\\View\\Compilers\\Compiler.php:75
Stack trace:
#0 C:\\Users\\Inovacion\\Documents\\repo\\sirpirtt-laravel\\vendor\\laravel\\framework\\src\\Illuminate\\View\\ViewServiceProvider.php(97): Illuminate\\View\\Compilers\\Compiler->__construct(Object(Illuminate\\Filesystem\\Filesystem), false, '', true, 'php', true)
#1 C:\\Users\\Inovacion\\Documents\\repo\\sirpirtt-laravel\\vendor\\laravel\\framework\\src\\Illuminate\\Container\\Container.php(1138): Illuminate\\View\\ViewServiceProvider->Illuminate\\View\\{closure}(Object(Illuminate\\Foundation\\Application), Array)
#2 C:\\Users\\Inovacion\\Documents\\repo\\sirpirtt-laravel\\vendor\\laravel\\framework\\src\\Illuminate\\Container\\Container.php(937): Illuminate\\Container\\Container->build(Object(Closure))
#3 C:\\Users\\Inovacion\\Documents\\repo\\sirpirtt-laravel\\vendor\\laravel\\framework\\src\\Illuminate\\Foundation\\Application.php(1085): Illuminate\\Container\\Container->resolve('blade.compiler', Array, true)
#4 C:\\Users\\Inovacion\\Documents\\repo\\sirpirtt-laravel\\vendor\\laravel\\framework\\src\\Illuminate\\Container\\Container.php(865): Illuminate\\Foundation\\Application->resolve('blade.compiler', Array)
#5 C:\\Users\\Inovacion\\Documents\\repo\\sirpirtt-laravel\\vendor\\laravel\\framework\\src\\Illuminate\\Foundation\\Application.php(1065): Illuminate\\Container\\Container->make('blade.compiler', Array)
#6 C:\\Users\\Inovacion\\Documents\\repo\\sirpirtt-laravel\\vendor\\laravel\\framework\\src\\Illuminate\\Foundation\\helpers.php(138): Illuminate\\Foundation\\Application->make('blade.compiler', Array)
#7 Command line code(1): app('Illuminate\\\\View...')
#8 {main}
  thrown at C:/Users/Inovacion/Documents/repo/sirpirtt-laravel/vendor/laravel/framework/src/Illuminate/View/Compilers/Compiler.php:75)
[stacktrace]
#0 {main}
"} 
[2026-08-27 19:27:54] local.ERROR: Uncaught InvalidArgumentException: Please provide a valid cache path. in C:\Users\Inovacion\Documents\repo\sirpirtt-laravel\vendor\laravel\framework\src\Illuminate\View\Compilers\Compiler.php:75
Stack trace:
#0 C:\Users\Inovacion\Documents\repo\sirpirtt-laravel\vendor\laravel\framework\src\Illuminate\View\ViewServiceProvider.php(97): Illuminate\View\Compilers\Compiler->__construct(Object(Illuminate\Filesystem\Filesystem), false, '', true, 'php', true)
#1 C:\Users\Inovacion\Documents\repo\sirpirtt-laravel\vendor\laravel\framework\src\Illuminate\Container\Container.php(1138): Illuminate\View\ViewServiceProvider->Illuminate\View\{closure}(Object(Illuminate\Foundation\Application), Array)
#2 C:\Users\Inovacion\Documents\repo\sirpirtt-laravel\vendor\laravel\framework\src\Illuminate\Container\Container.php(937): Illuminate\Container\Container->build(Object(Closure))
#3 C:\Users\Inovacion\Documents\repo\sirpirtt-laravel\vendor\laravel\framework\src\Illuminate\Foundation\Application.php(1085): Illuminate\Container\Container->resolve('blade.compiler', Array, true)
#4 C:\Users\Inovacion\Documents\repo\sirpirtt-laravel\vendor\laravel\framework\src\Illuminate\Container\Container.php(865): Illuminate\Foundation\Application->resolve('blade.compiler', Array)
#5 C:\Users\Inovacion\Documents\repo\sirpirtt-laravel\vendor\laravel\framework\src\Illuminate\Foundation\Application.php(1065): Illuminate\Container\Container->make('blade.compiler', Array)
#6 C:\Users\Inovacion\Documents\repo\sirpirtt-laravel\vendor\laravel\framework\src\Illuminate\Foundation\helpers.php(138): Illuminate\Foundation\Application->make('blade.compiler', Array)
#7 Command line code(1): app('Illuminate\\View...')
#8 {main}
  thrown {"exception":"[object] (Symfony\\Component\\ErrorHandler\\Error\\FatalError(code: 0): Uncaught InvalidArgumentException: Please provide a valid cache path. in C:\\Users\\Inovacion\\Documents\\repo\\sirpirtt-laravel\\vendor\\laravel\\framework\\src\\Illuminate\\View\\Compilers\\Compiler.php:75
Stack trace:
#0 C:\\Users\\Inovacion\\Documents\\repo\\sirpirtt-laravel\\vendor\\laravel\\framework\\src\\Illuminate\\View\\ViewServiceProvider.php(97): Illuminate\\View\\Compilers\\Compiler->__construct(Object(Illuminate\\Filesystem\\Filesystem), false, '', true, 'php', true)
#1 C:\\Users\\Inovacion\\Documents\\repo\\sirpirtt-laravel\\vendor\\laravel\\framework\\src\\Illuminate\\Container\\Container.php(1138): Illuminate\\View\\ViewServiceProvider->Illuminate\\View\\{closure}(Object(Illuminate\\Foundation\\Application), Array)
#2 C:\\Users\\Inovacion\\Documents\\repo\\sirpirtt-laravel\\vendor\\laravel\\framework\\src\\Illuminate\\Container\\Container.php(937): Illuminate\\Container\\Container->build(Object(Closure))
#3 C:\\Users\\Inovacion\\Documents\\repo\\sirpirtt-laravel\\vendor\\laravel\\framework\\src\\Illuminate\\Foundation\\Application.php(1085): Illuminate\\Container\\Container->resolve('blade.compiler', Array, true)
#4 C:\\Users\\Inovacion\\Documents\\repo\\sirpirtt-laravel\\vendor\\laravel\\framework\\src\\Illuminate\\Container\\Container.php(865): Illuminate\\Foundation\\Application->resolve('blade.compiler', Array)
#5 C:\\Users\\Inovacion\\Documents\\repo\\sirpirtt-laravel\\vendor\\laravel\\framework\\src\\Illuminate\\Foundation\\Application.php(1065): Illuminate\\Container\\Container->make('blade.compiler', Array)
#6 C:\\Users\\Inovacion\\Documents\\repo\\sirpirtt-laravel\\vendor\\laravel\\framework\\src\\Illuminate\\Foundation\\helpers.php(138): Illuminate\\Foundation\\Application->make('blade.compiler', Array)
#7 Command line code(1): app('Illuminate\\\\View...')
#8 {main}
  thrown at C:/Users/Inovacion/Documents/repo/sirpirtt-laravel/vendor/laravel/framework/src/Illuminate/View/Compilers/Compiler.php:75)
[stacktrace]
#0 {main}
"} 
[2026-08-27 19:34:06] local.ERROR: SQLSTATE[42P07]: Duplicate table: 7 ERROR:  relation "usuarios" already exists (Connection: pgsql, Host: contenedores06.bcs.gob.mx, Port: 5404, Database: Sirpirtt, SQL: create table "auth"."usuarios" ("id" bigserial not null primary key, "nombre" text null, "apellidos" text null, "email" text null, "telefono" text null, "sig_id" integer null, "created_at" timestamp(0) without time zone null, "updated_at" timestamp(0) without time zone null, "deleted_at" timestamp(0) without time zone null)) {"exception":"[object] (Illuminate\\Database\\QueryException(code: 42P07): SQLSTATE[42P07]: Duplicate table: 7 ERROR:  relation \"usuarios\" already exists (Connection: pgsql, Host: contenedores06.bcs.gob.mx, Port: 5404, Database: Sirpirtt, SQL: create table \"auth\".\"usuarios\" (\"id\" bigserial not null primary key, \"nombre\" text null, \"apellidos\" text null, \"email\" text null, \"telefono\" text null, \"sig_id\" integer null, \"created_at\" timestamp(0) without time zone null, \"updated_at\" timestamp(0) without time zone null, \"deleted_at\" timestamp(0) without time zone null)) at C:/Users/Inovacion/Documents/repo/sirpirtt-laravel/vendor/laravel/framework/src/Illuminate/Database/Connection.php:857)
[stacktrace]
#0 C:/Users/Inovacion/Documents/repo/sirpirtt-laravel/vendor/laravel/framework/src/Illuminate/Database/Connection.php(813): Illuminate/Database/Connection->runQueryCallback('create table \"a...', Array, Object(Closure))
#1 C:/Users/Inovacion/Documents/repo/sirpirtt-laravel/vendor/laravel/framework/src/Illuminate/Database/Connection.php(590): Illuminate/Database/Connection->run('create table \"a...', Array, Object(Closure))
#2 C:/Users/Inovacion/Documents/repo/sirpirtt-laravel/vendor/laravel/framework/src/Illuminate/Database/Schema/Blueprint.php(122): Illuminate/Database/Connection->statement('create table \"a...')
#3 C:/Users/Inovacion/Documents/repo/sirpirtt-laravel/vendor/laravel/framework/src/Illuminate/Database/Schema/Builder.php(702): Illuminate/Database/Schema/Blueprint->build()
#4 C:/Users/Inovacion/Documents/repo/sirpirtt-laravel/vendor/laravel/framework/src/Illuminate/Database/Schema/Builder.php(520): Illuminate/Database/Schema/Builder->build(Object(Illuminate/Database/Schema/Blueprint))
#5 C:/Users/Inovacion/Documents/repo/sirpirtt-laravel/vendor/laravel/framework/src/Illuminate/Support/Facades/Facade.php(364): Illuminate/Database/Schema/Builder->create('auth.usuarios', Object(Closure))
#6 C:/Users/Inovacion/Documents/repo/sirpirtt-laravel/database/migrations/2026_08_20_205430_create_table_auth_usuarios.php(14): Illuminate/Support/Facades/Facade::__callStatic('create', Array)
#7 C:/Users/Inovacion/Documents/repo/sirpirtt-laravel/vendor/laravel/framework/src/Illuminate/Database/Migrations/Migrator.php(517): Illuminate/Database/Migrations/Migration@anonymous->up()
#8 C:/Users/Inovacion/Documents/repo/sirpirtt-laravel/vendor/laravel/framework/src/Illuminate/Database/Migrations/Migrator.php(442): Illuminate/Database/Migrations/Migrator->runMethod(Object(Illuminate/Database/PostgresConnection), Object(Illuminate/Database/Migrations/Migration@anonymous), 'up')
#9 C:/Users/Inovacion/Documents/repo/sirpirtt-laravel/vendor/laravel/framework/src/Illuminate/Database/Concerns/ManagesTransactions.php(35): Illuminate/Database/Migrations/Migrator->Illuminate/Database/Migrations/{closure}(Object(Illuminate/Database/PostgresConnection))
#10 C:/Users/Inovacion/Documents/repo/sirpirtt-laravel/vendor/laravel/framework/src/Illuminate/Database/Migrations/Migrator.php(450): Illuminate/Database/Connection->transaction(Object(Closure))
#11 C:/Users/Inovacion/Documents/repo/sirpirtt-laravel/vendor/laravel/framework/src/Illuminate/Database/Migrations/Migrator.php(253): Illuminate/Database/Migrations/Migrator->runMigration(Object(Illuminate/Database/Migrations/Migration@anonymous), 'up', '2026_08_20_2054...')
#12 C:/Users/Inovacion/Documents/repo/sirpirtt-laravel/vendor/laravel/framework/src/Illuminate/Console/View/Components/Task.php(43): Illuminate/Database/Migrations/Migrator->Illuminate/Database/Migrations/{closure}()
#13 C:/Users/Inovacion/Documents/repo/sirpirtt-laravel/vendor/laravel/framework/src/Illuminate/Database/Migrations/Migrator.php(853): Illuminate/Console/View/Components/Task->render('2026_08_20_2054...', Object(Closure))
#14 C:/Users/Inovacion/Documents/repo/sirpirtt-laravel/vendor/laravel/framework/src/Illuminate/Database/Migrations/Migrator.php(253): Illuminate/Database/Migrations/Migrator->write('Illuminate//Cons...', '2026_08_20_2054...', Object(Closure))
#15 C:/Users/Inovacion/Documents/repo/sirpirtt-laravel/vendor/laravel/framework/src/Illuminate/Database/Migrations/Migrator.php(211): Illuminate/Database/Migrations/Migrator->runUp('C://Users//Inovac...', 1, false)
#16 C:/Users/Inovacion/Documents/repo/sirpirtt-laravel/vendor/laravel/framework/src/Illuminate/Database/Migrations/Migrator.php(138): Illuminate/Database/Migrations/Migrator->runPending(Array, Array)
#17 C:/Users/Inovacion/Documents/repo/sirpirtt-laravel/vendor/laravel/framework/src/Illuminate/Database/Console/Migrations/MigrateCommand.php(118): Illuminate/Database/Migrations/Migrator->run(Array, Array)
#18 C:/Users/Inovacion/Documents/repo/sirpirtt-laravel/vendor/laravel/framework/src/Illuminate/Database/Migrations/Migrator.php(672): Illuminate/Database/Console/Migrations/MigrateCommand->Illuminate/Database/Console/Migrations/{closure}()
#19 C:/Users/Inovacion/Documents/repo/sirpirtt-laravel/vendor/laravel/framework/src/Illuminate/Database/Console/Migrations/MigrateCommand.php(111): Illuminate/Database/Migrations/Migrator->usingConnection(NULL, Object(Closure))
#20 C:/Users/Inovacion/Documents/repo/sirpirtt-laravel/vendor/laravel/framework/src/Illuminate/Database/Console/Migrations/MigrateCommand.php(90): Illuminate/Database/Console/Migrations/MigrateCommand->runMigrations()
#21 C:/Users/Inovacion/Documents/repo/sirpirtt-laravel/vendor/laravel/framework/src/Illuminate/Container/BoundMethod.php(36): Illuminate/Database/Console/Migrations/MigrateCommand->handle()
#22 C:/Users/Inovacion/Documents/repo/sirpirtt-laravel/vendor/laravel/framework/src/Illuminate/Container/Util.php(43): Illuminate/Container/BoundMethod::Illuminate/Container/{closure}()
#23 C:/Users/Inovacion/Documents/repo/sirpirtt-laravel/vendor/laravel/framework/src/Illuminate/Container/BoundMethod.php(96): Illuminate/Container/Util::unwrapIfClosure(Object(Closure))
#24 C:/Users/Inovacion/Documents/repo/sirpirtt-laravel/vendor/laravel/framework/src/Illuminate/Container/BoundMethod.php(35): Illuminate/Container/BoundMethod::callBoundMethod(Object(Illuminate/Foundation/Application), Array, Object(Closure))
#25 C:/Users/Inovacion/Documents/repo/sirpirtt-laravel/vendor/laravel/framework/src/Illuminate/Container/Container.php(801): Illuminate/Container/BoundMethod::call(Object(Illuminate/Foundation/Application), Array, Array, NULL)
#26 C:/Users/Inovacion/Documents/repo/sirpirtt-laravel/vendor/laravel/framework/src/Illuminate/Console/Command.php(292): Illuminate/Container/Container->call(Array)
#27 C:/Users/Inovacion/Documents/repo/sirpirtt-laravel/vendor/symfony/console/Command/Command.php(341): Illuminate/Console/Command->execute(Object(Symfony/Component/Console/Input/ArrayInput), Object(Illuminate/Console/OutputStyle))
#28 C:/Users/Inovacion/Documents/repo/sirpirtt-laravel/vendor/laravel/framework/src/Illuminate/Console/Command.php(261): Symfony/Component/Console/Command/Command->run(Object(Symfony/Component/Console/Input/ArrayInput), Object(Illuminate/Console/OutputStyle))
#29 C:/Users/Inovacion/Documents/repo/sirpirtt-laravel/vendor/laravel/framework/src/Illuminate/Console/Concerns/CallsCommands.php(68): Illuminate/Console/Command->run(Object(Symfony/Component/Console/Input/ArrayInput), Object(Illuminate/Console/OutputStyle))
#30 C:/Users/Inovacion/Documents/repo/sirpirtt-laravel/vendor/laravel/framework/src/Illuminate/Console/Concerns/CallsCommands.php(29): Illuminate/Console/Command->runCommand('migrate', Array, Object(Illuminate/Console/OutputStyle))
#31 C:/Users/Inovacion/Documents/repo/sirpirtt-laravel/vendor/laravel/framework/src/Illuminate/Database/Console/Migrations/FreshCommand.php(96): Illuminate/Console/Command->call('migrate', Array)
#32 C:/Users/Inovacion/Documents/repo/sirpirtt-laravel/vendor/laravel/framework/src/Illuminate/Container/BoundMethod.php(36): Illuminate/Database/Console/Migrations/FreshCommand->handle()
#33 C:/Users/Inovacion/Documents/repo/sirpirtt-laravel/vendor/laravel/framework/src/Illuminate/Container/Util.php(43): Illuminate/Container/BoundMethod::Illuminate/Container/{closure}()
#34 C:/Users/Inovacion/Documents/repo/sirpirtt-laravel/vendor/laravel/framework/src/Illuminate/Container/BoundMethod.php(96): Illuminate/Container/Util::unwrapIfClosure(Object(Closure))
#35 C:/Users/Inovacion/Documents/repo/sirpirtt-laravel/vendor/laravel/framework/src/Illuminate/Container/BoundMethod.php(35): Illuminate/Container/BoundMethod::callBoundMethod(Object(Illuminate/Foundation/Application), Array, Object(Closure))
#36 C:/Users/Inovacion/Documents/repo/sirpirtt-laravel/vendor/laravel/framework/src/Illuminate/Container/Container.php(801): Illuminate/Container/BoundMethod::call(Object(Illuminate/Foundation/Application), Array, Array, NULL)
#37 C:/Users/Inovacion/Documents/repo/sirpirtt-laravel/vendor/laravel/framework/src/Illuminate/Console/Command.php(292): Illuminate/Container/Container->call(Array)
#38 C:/Users/Inovacion/Documents/repo/sirpirtt-laravel/vendor/symfony/console/Command/Command.php(341): Illuminate/Console/Command->execute(Object(Symfony/Component/Console/Input/ArgvInput), Object(Illuminate/Console/OutputStyle))
#39 C:/Users/Inovacion/Documents/repo/sirpirtt-laravel/vendor/laravel/framework/src/Illuminate/Console/Command.php(261): Symfony/Component/Console/Command/Command->run(Object(Symfony/Component/Console/Input/ArgvInput), Object(Illuminate/Console/OutputStyle))
#40 C:/Users/Inovacion/Documents/repo/sirpirtt-laravel/vendor/symfony/console/Application.php(1117): Illuminate/Console/Command->run(Object(Symfony/Component/Console/Input/ArgvInput), Object(Symfony/Component/Console/Output/ConsoleOutput))
#41 C:/Users/Inovacion/Documents/repo/sirpirtt-laravel/vendor/symfony/console/Application.php(356): Symfony/Component/Console/Application->doRunCommand(Object(Illuminate/Database/Console/Migrations/FreshCommand), Object(Symfony/Component/Console/Input/ArgvInput), Object(Symfony/Component/Console/Output/ConsoleOutput))
#42 C:/Users/Inovacion/Documents/repo/sirpirtt-laravel/vendor/symfony/console/Application.php(195): Symfony/Component/Console/Application->doRun(Object(Symfony/Component/Console/Input/ArgvInput), Object(Symfony/Component/Console/Output/ConsoleOutput))
#43 C:/Users/Inovacion/Documents/repo/sirpirtt-laravel/vendor/laravel/framework/src/Illuminate/Foundation/Console/Kernel.php(198): Symfony/Component/Console/Application->run(Object(Symfony/Component/Console/Input/ArgvInput), Object(Symfony/Component/Console/Output/ConsoleOutput))
#44 C:/Users/Inovacion/Documents/repo/sirpirtt-laravel/vendor/laravel/framework/src/Illuminate/Foundation/Application.php(1242): Illuminate/Foundation/Console/Kernel->handle(Object(Symfony/Component/Console/Input/ArgvInput), Object(Symfony/Component/Console/Output/ConsoleOutput))
#45 C:/Users/Inovacion/Documents/repo/sirpirtt-laravel/artisan(16): Illuminate/Foundation/Application->handleCommand(Object(Symfony/Component/Console/Input/ArgvInput))
#46 {main}

[previous exception] [object] (PDOException(code: 42P07): SQLSTATE[42P07]: Duplicate table: 7 ERROR:  relation \"usuarios\" already exists at C:/Users/Inovacion/Documents/repo/sirpirtt-laravel/vendor/laravel/framework/src/Illuminate/Database/Connection.php:601)
[stacktrace]
#0 C:/Users/Inovacion/Documents/repo/sirpirtt-laravel/vendor/laravel/framework/src/Illuminate/Database/Connection.php(601): PDOStatement->execute()
#1 C:/Users/Inovacion/Documents/repo/sirpirtt-laravel/vendor/laravel/framework/src/Illuminate/Database/Connection.php(846): Illuminate/Database/Connection->Illuminate/Database/{closure}('create table \"a...', Array)
#2 C:/Users/Inovacion/Documents/repo/sirpirtt-laravel/vendor/laravel/framework/src/Illuminate/Database/Connection.php(813): Illuminate/Database/Connection->runQueryCallback('create table \"a...', Array, Object(Closure))
#3 C:/Users/Inovacion/Documents/repo/sirpirtt-laravel/vendor/laravel/framework/src/Illuminate/Database/Connection.php(590): Illuminate/Database/Connection->run('create table \"a...', Array, Object(Closure))
#4 C:/Users/Inovacion/Documents/repo/sirpirtt-laravel/vendor/laravel/framework/src/Illuminate/Database/Schema/Blueprint.php(122): Illuminate/Database/Connection->statement('create table \"a...')
#5 C:/Users/Inovacion/Documents/repo/sirpirtt-laravel/vendor/laravel/framework/src/Illuminate/Database/Schema/Builder.php(702): Illuminate/Database/Schema/Blueprint->build()
#6 C:/Users/Inovacion/Documents/repo/sirpirtt-laravel/vendor/laravel/framework/src/Illuminate/Database/Schema/Builder.php(520): Illuminate/Database/Schema/Builder->build(Object(Illuminate/Database/Schema/Blueprint))
#7 C:/Users/Inovacion/Documents/repo/sirpirtt-laravel/vendor/laravel/framework/src/Illuminate/Support/Facades/Facade.php(364): Illuminate/Database/Schema/Builder->create('auth.usuarios', Object(Closure))
#8 C:/Users/Inovacion/Documents/repo/sirpirtt-laravel/database/migrations/2026_08_20_205430_create_table_auth_usuarios.php(14): Illuminate/Support/Facades/Facade::__callStatic('create', Array)
#9 C:/Users/Inovacion/Documents/repo/sirpirtt-laravel/vendor/laravel/framework/src/Illuminate/Database/Migrations/Migrator.php(517): Illuminate/Database/Migrations/Migration@anonymous->up()
#10 C:/Users/Inovacion/Documents/repo/sirpirtt-laravel/vendor/laravel/framework/src/Illuminate/Database/Migrations/Migrator.php(442): Illuminate/Database/Migrations/Migrator->runMethod(Object(Illuminate/Database/PostgresConnection), Object(Illuminate/Database/Migrations/Migration@anonymous), 'up')
#11 C:/Users/Inovacion/Documents/repo/sirpirtt-laravel/vendor/laravel/framework/src/Illuminate/Database/Concerns/ManagesTransactions.php(35): Illuminate/Database/Migrations/Migrator->Illuminate/Database/Migrations/{closure}(Object(Illuminate/Database/PostgresConnection))
#12 C:/Users/Inovacion/Documents/repo/sirpirtt-laravel/vendor/laravel/framework/src/Illuminate/Database/Migrations/Migrator.php(450): Illuminate/Database/Connection->transaction(Object(Closure))
#13 C:/Users/Inovacion/Documents/repo/sirpirtt-laravel/vendor/laravel/framework/src/Illuminate/Database/Migrations/Migrator.php(253): Illuminate/Database/Migrations/Migrator->runMigration(Object(Illuminate/Database/Migrations/Migration@anonymous), 'up', '2026_08_20_2054...')
#14 C:/Users/Inovacion/Documents/repo/sirpirtt-laravel/vendor/laravel/framework/src/Illuminate/Console/View/Components/Task.php(43): Illuminate/Database/Migrations/Migrator->Illuminate/Database/Migrations/{closure}()
#15 C:/Users/Inovacion/Documents/repo/sirpirtt-laravel/vendor/laravel/framework/src/Illuminate/Database/Migrations/Migrator.php(853): Illuminate/Console/View/Components/Task->render('2026_08_20_2054...', Object(Closure))
#16 C:/Users/Inovacion/Documents/repo/sirpirtt-laravel/vendor/laravel/framework/src/Illuminate/Database/Migrations/Migrator.php(253): Illuminate/Database/Migrations/Migrator->write('Illuminate//Cons...', '2026_08_20_2054...', Object(Closure))
#17 C:/Users/Inovacion/Documents/repo/sirpirtt-laravel/vendor/laravel/framework/src/Illuminate/Database/Migrations/Migrator.php(211): Illuminate/Database/Migrations/Migrator->runUp('C://Users//Inovac...', 1, false)
#18 C:/Users/Inovacion/Documents/repo/sirpirtt-laravel/vendor/laravel/framework/src/Illuminate/Database/Migrations/Migrator.php(138): Illuminate/Database/Migrations/Migrator->runPending(Array, Array)
#19 C:/Users/Inovacion/Documents/repo/sirpirtt-laravel/vendor/laravel/framework/src/Illuminate/Database/Console/Migrations/MigrateCommand.php(118): Illuminate/Database/Migrations/Migrator->run(Array, Array)
#20 C:/Users/Inovacion/Documents/repo/sirpirtt-laravel/vendor/laravel/framework/src/Illuminate/Database/Migrations/Migrator.php(672): Illuminate/Database/Console/Migrations/MigrateCommand->Illuminate/Database/Console/Migrations/{closure}()
#21 C:/Users/Inovacion/Documents/repo/sirpirtt-laravel/vendor/laravel/framework/src/Illuminate/Database/Console/Migrations/MigrateCommand.php(111): Illuminate/Database/Migrations/Migrator->usingConnection(NULL, Object(Closure))
#22 C:/Users/Inovacion/Documents/repo/sirpirtt-laravel/vendor/laravel/framework/src/Illuminate/Database/Console/Migrations/MigrateCommand.php(90): Illuminate/Database/Console/Migrations/MigrateCommand->runMigrations()
#23 C:/Users/Inovacion/Documents/repo/sirpirtt-laravel/vendor/laravel/framework/src/Illuminate/Container/BoundMethod.php(36): Illuminate/Database/Console/Migrations/MigrateCommand->handle()
#24 C:/Users/Inovacion/Documents/repo/sirpirtt-laravel/vendor/laravel/framework/src/Illuminate/Container/Util.php(43): Illuminate/Container/BoundMethod::Illuminate/Container/{closure}()
#25 C:/Users/Inovacion/Documents/repo/sirpirtt-laravel/vendor/laravel/framework/src/Illuminate/Container/BoundMethod.php(96): Illuminate/Container/Util::unwrapIfClosure(Object(Closure))
#26 C:/Users/Inovacion/Documents/repo/sirpirtt-laravel/vendor/laravel/framework/src/Illuminate/Container/BoundMethod.php(35): Illuminate/Container/BoundMethod::callBoundMethod(Object(Illuminate/Foundation/Application), Array, Object(Closure))
#27 C:/Users/Inovacion/Documents/repo/sirpirtt-laravel/vendor/laravel/framework/src/Illuminate/Container/Container.php(801): Illuminate/Container/BoundMethod::call(Object(Illuminate/Foundation/Application), Array, Array, NULL)
#28 C:/Users/Inovacion/Documents/repo/sirpirtt-laravel/vendor/laravel/framework/src/Illuminate/Console/Command.php(292): Illuminate/Container/Container->call(Array)
#29 C:/Users/Inovacion/Documents/repo/sirpirtt-laravel/vendor/symfony/console/Command/Command.php(341): Illuminate/Console/Command->execute(Object(Symfony/Component/Console/Input/ArrayInput), Object(Illuminate/Console/OutputStyle))
#30 C:/Users/Inovacion/Documents/repo/sirpirtt-laravel/vendor/laravel/framework/src/Illuminate/Console/Command.php(261): Symfony/Component/Console/Command/Command->run(Object(Symfony/Component/Console/Input/ArrayInput), Object(Illuminate/Console/OutputStyle))
#31 C:/Users/Inovacion/Documents/repo/sirpirtt-laravel/vendor/laravel/framework/src/Illuminate/Console/Concerns/CallsCommands.php(68): Illuminate/Console/Command->run(Object(Symfony/Component/Console/Input/ArrayInput), Object(Illuminate/Console/OutputStyle))
#32 C:/Users/Inovacion/Documents/repo/sirpirtt-laravel/vendor/laravel/framework/src/Illuminate/Console/Concerns/CallsCommands.php(29): Illuminate/Console/Command->runCommand('migrate', Array, Object(Illuminate/Console/OutputStyle))
#33 C:/Users/Inovacion/Documents/repo/sirpirtt-laravel/vendor/laravel/framework/src/Illuminate/Database/Console/Migrations/FreshCommand.php(96): Illuminate/Console/Command->call('migrate', Array)
#34 C:/Users/Inovacion/Documents/repo/sirpirtt-laravel/vendor/laravel/framework/src/Illuminate/Container/BoundMethod.php(36): Illuminate/Database/Console/Migrations/FreshCommand->handle()
#35 C:/Users/Inovacion/Documents/repo/sirpirtt-laravel/vendor/laravel/framework/src/Illuminate/Container/Util.php(43): Illuminate/Container/BoundMethod::Illuminate/Container/{closure}()
#36 C:/Users/Inovacion/Documents/repo/sirpirtt-laravel/vendor/laravel/framework/src/Illuminate/Container/BoundMethod.php(96): Illuminate/Container/Util::unwrapIfClosure(Object(Closure))
#37 C:/Users/Inovacion/Documents/repo/sirpirtt-laravel/vendor/laravel/framework/src/Illuminate/Container/BoundMethod.php(35): Illuminate/Container/BoundMethod::callBoundMethod(Object(Illuminate/Foundation/Application), Array, Object(Closure))
#38 C:/Users/Inovacion/Documents/repo/sirpirtt-laravel/vendor/laravel/framework/src/Illuminate/Container/Container.php(801): Illuminate/Container/BoundMethod::call(Object(Illuminate/Foundation/Application), Array, Array, NULL)
#39 C:/Users/Inovacion/Documents/repo/sirpirtt-laravel/vendor/laravel/framework/src/Illuminate/Console/Command.php(292): Illuminate/Container/Container->call(Array)
#40 C:/Users/Inovacion/Documents/repo/sirpirtt-laravel/vendor/symfony/console/Command/Command.php(341): Illuminate/Console/Command->execute(Object(Symfony/Component/Console/Input/ArgvInput), Object(Illuminate/Console/OutputStyle))
#41 C:/Users/Inovacion/Documents/repo/sirpirtt-laravel/vendor/laravel/framework/src/Illuminate/Console/Command.php(261): Symfony/Component/Console/Command/Command->run(Object(Symfony/Component/Console/Input/ArgvInput), Object(Illuminate/Console/OutputStyle))
#42 C:/Users/Inovacion/Documents/repo/sirpirtt-laravel/vendor/symfony/console/Application.php(1117): Illuminate/Console/Command->run(Object(Symfony/Component/Console/Input/ArgvInput), Object(Symfony/Component/Console/Output/ConsoleOutput))
#43 C:/Users/Inovacion/Documents/repo/sirpirtt-laravel/vendor/symfony/console/Application.php(356): Symfony/Component/Console/Application->doRunCommand(Object(Illuminate/Database/Console/Migrations/FreshCommand), Object(Symfony/Component/Console/Input/ArgvInput), Object(Symfony/Component/Console/Output/ConsoleOutput))
#44 C:/Users/Inovacion/Documents/repo/sirpirtt-laravel/vendor/symfony/console/Application.php(195): Symfony/Component/Console/Application->doRun(Object(Symfony/Component/Console/Input/ArgvInput), Object(Symfony/Component/Console/Output/ConsoleOutput))
#45 C:/Users/Inovacion/Documents/repo/sirpirtt-laravel/vendor/laravel/framework/src/Illuminate/Foundation/Console/Kernel.php(198): Symfony/Component/Console/Application->run(Object(Symfony/Component/Console/Input/ArgvInput), Object(Symfony/Component/Console/Output/ConsoleOutput))
#46 C:/Users/Inovacion/Documents/repo/sirpirtt-laravel/vendor/laravel/framework/src/Illuminate/Foundation/Application.php(1242): Illuminate/Foundation/Console/Kernel->handle(Object(Symfony/Component/Console/Input/ArgvInput), Object(Symfony/Component/Console/Output/ConsoleOutput))
#47 C:/Users/Inovacion/Documents/repo/sirpirtt-laravel/artisan(16): Illuminate/Foundation/Application->handleCommand(Object(Symfony/Component/Console/Input/ArgvInput))
#48 {main}
"} 
[2026-08-27 19:34:21] local.ERROR: SQLSTATE[42P07]: Duplicate table: 7 ERROR:  relation "usuarios" already exists (Connection: pgsql, Host: contenedores06.bcs.gob.mx, Port: 5404, Database: Sirpirtt, SQL: create table "auth"."usuarios" ("id" bigserial not null primary key, "nombre" text null, "apellidos" text null, "email" text null, "telefono" text null, "sig_id" integer null, "created_at" timestamp(0) without time zone null, "updated_at" timestamp(0) without time zone null, "deleted_at" timestamp(0) without time zone null)) {"exception":"[object] (Illuminate\\Database\\QueryException(code: 42P07): SQLSTATE[42P07]: Duplicate table: 7 ERROR:  relation \"usuarios\" already exists (Connection: pgsql, Host: contenedores06.bcs.gob.mx, Port: 5404, Database: Sirpirtt, SQL: create table \"auth\".\"usuarios\" (\"id\" bigserial not null primary key, \"nombre\" text null, \"apellidos\" text null, \"email\" text null, \"telefono\" text null, \"sig_id\" integer null, \"created_at\" timestamp(0) without time zone null, \"updated_at\" timestamp(0) without time zone null, \"deleted_at\" timestamp(0) without time zone null)) at C:/Users/Inovacion/Documents/repo/sirpirtt-laravel/vendor/laravel/framework/src/Illuminate/Database/Connection.php:857)
[stacktrace]
#0 C:/Users/Inovacion/Documents/repo/sirpirtt-laravel/vendor/laravel/framework/src/Illuminate/Database/Connection.php(813): Illuminate/Database/Connection->runQueryCallback('create table \"a...', Array, Object(Closure))
#1 C:/Users/Inovacion/Documents/repo/sirpirtt-laravel/vendor/laravel/framework/src/Illuminate/Database/Connection.php(590): Illuminate/Database/Connection->run('create table \"a...', Array, Object(Closure))
#2 C:/Users/Inovacion/Documents/repo/sirpirtt-laravel/vendor/laravel/framework/src/Illuminate/Database/Schema/Blueprint.php(122): Illuminate/Database/Connection->statement('create table \"a...')
#3 C:/Users/Inovacion/Documents/repo/sirpirtt-laravel/vendor/laravel/framework/src/Illuminate/Database/Schema/Builder.php(702): Illuminate/Database/Schema/Blueprint->build()
#4 C:/Users/Inovacion/Documents/repo/sirpirtt-laravel/vendor/laravel/framework/src/Illuminate/Database/Schema/Builder.php(520): Illuminate/Database/Schema/Builder->build(Object(Illuminate/Database/Schema/Blueprint))
#5 C:/Users/Inovacion/Documents/repo/sirpirtt-laravel/vendor/laravel/framework/src/Illuminate/Support/Facades/Facade.php(364): Illuminate/Database/Schema/Builder->create('auth.usuarios', Object(Closure))
#6 C:/Users/Inovacion/Documents/repo/sirpirtt-laravel/database/migrations/2026_08_20_205430_create_table_auth_usuarios.php(14): Illuminate/Support/Facades/Facade::__callStatic('create', Array)
#7 C:/Users/Inovacion/Documents/repo/sirpirtt-laravel/vendor/laravel/framework/src/Illuminate/Database/Migrations/Migrator.php(517): Illuminate/Database/Migrations/Migration@anonymous->up()
#8 C:/Users/Inovacion/Documents/repo/sirpirtt-laravel/vendor/laravel/framework/src/Illuminate/Database/Migrations/Migrator.php(442): Illuminate/Database/Migrations/Migrator->runMethod(Object(Illuminate/Database/PostgresConnection), Object(Illuminate/Database/Migrations/Migration@anonymous), 'up')
#9 C:/Users/Inovacion/Documents/repo/sirpirtt-laravel/vendor/laravel/framework/src/Illuminate/Database/Concerns/ManagesTransactions.php(35): Illuminate/Database/Migrations/Migrator->Illuminate/Database/Migrations/{closure}(Object(Illuminate/Database/PostgresConnection))
#10 C:/Users/Inovacion/Documents/repo/sirpirtt-laravel/vendor/laravel/framework/src/Illuminate/Database/Migrations/Migrator.php(450): Illuminate/Database/Connection->transaction(Object(Closure))
#11 C:/Users/Inovacion/Documents/repo/sirpirtt-laravel/vendor/laravel/framework/src/Illuminate/Database/Migrations/Migrator.php(253): Illuminate/Database/Migrations/Migrator->runMigration(Object(Illuminate/Database/Migrations/Migration@anonymous), 'up', '2026_08_20_2054...')
#12 C:/Users/Inovacion/Documents/repo/sirpirtt-laravel/vendor/laravel/framework/src/Illuminate/Console/View/Components/Task.php(43): Illuminate/Database/Migrations/Migrator->Illuminate/Database/Migrations/{closure}()
#13 C:/Users/Inovacion/Documents/repo/sirpirtt-laravel/vendor/laravel/framework/src/Illuminate/Database/Migrations/Migrator.php(853): Illuminate/Console/View/Components/Task->render('2026_08_20_2054...', Object(Closure))
#14 C:/Users/Inovacion/Documents/repo/sirpirtt-laravel/vendor/laravel/framework/src/Illuminate/Database/Migrations/Migrator.php(253): Illuminate/Database/Migrations/Migrator->write('Illuminate//Cons...', '2026_08_20_2054...', Object(Closure))
#15 C:/Users/Inovacion/Documents/repo/sirpirtt-laravel/vendor/laravel/framework/src/Illuminate/Database/Migrations/Migrator.php(211): Illuminate/Database/Migrations/Migrator->runUp('C://Users//Inovac...', 1, false)
#16 C:/Users/Inovacion/Documents/repo/sirpirtt-laravel/vendor/laravel/framework/src/Illuminate/Database/Migrations/Migrator.php(138): Illuminate/Database/Migrations/Migrator->runPending(Array, Array)
#17 C:/Users/Inovacion/Documents/repo/sirpirtt-laravel/vendor/laravel/framework/src/Illuminate/Database/Console/Migrations/MigrateCommand.php(118): Illuminate/Database/Migrations/Migrator->run(Array, Array)
#18 C:/Users/Inovacion/Documents/repo/sirpirtt-laravel/vendor/laravel/framework/src/Illuminate/Database/Migrations/Migrator.php(672): Illuminate/Database/Console/Migrations/MigrateCommand->Illuminate/Database/Console/Migrations/{closure}()
#19 C:/Users/Inovacion/Documents/repo/sirpirtt-laravel/vendor/laravel/framework/src/Illuminate/Database/Console/Migrations/MigrateCommand.php(111): Illuminate/Database/Migrations/Migrator->usingConnection(NULL, Object(Closure))
#20 C:/Users/Inovacion/Documents/repo/sirpirtt-laravel/vendor/laravel/framework/src/Illuminate/Database/Console/Migrations/MigrateCommand.php(90): Illuminate/Database/Console/Migrations/MigrateCommand->runMigrations()
#21 C:/Users/Inovacion/Documents/repo/sirpirtt-laravel/vendor/laravel/framework/src/Illuminate/Container/BoundMethod.php(36): Illuminate/Database/Console/Migrations/MigrateCommand->handle()
#22 C:/Users/Inovacion/Documents/repo/sirpirtt-laravel/vendor/laravel/framework/src/Illuminate/Container/Util.php(43): Illuminate/Container/BoundMethod::Illuminate/Container/{closure}()
#23 C:/Users/Inovacion/Documents/repo/sirpirtt-laravel/vendor/laravel/framework/src/Illuminate/Container/BoundMethod.php(96): Illuminate/Container/Util::unwrapIfClosure(Object(Closure))
#24 C:/Users/Inovacion/Documents/repo/sirpirtt-laravel/vendor/laravel/framework/src/Illuminate/Container/BoundMethod.php(35): Illuminate/Container/BoundMethod::callBoundMethod(Object(Illuminate/Foundation/Application), Array, Object(Closure))
#25 C:/Users/Inovacion/Documents/repo/sirpirtt-laravel/vendor/laravel/framework/src/Illuminate/Container/Container.php(801): Illuminate/Container/BoundMethod::call(Object(Illuminate/Foundation/Application), Array, Array, NULL)
#26 C:/Users/Inovacion/Documents/repo/sirpirtt-laravel/vendor/laravel/framework/src/Illuminate/Console/Command.php(292): Illuminate/Container/Container->call(Array)
#27 C:/Users/Inovacion/Documents/repo/sirpirtt-laravel/vendor/symfony/console/Command/Command.php(341): Illuminate/Console/Command->execute(Object(Symfony/Component/Console/Input/ArrayInput), Object(Illuminate/Console/OutputStyle))
#28 C:/Users/Inovacion/Documents/repo/sirpirtt-laravel/vendor/laravel/framework/src/Illuminate/Console/Command.php(261): Symfony/Component/Console/Command/Command->run(Object(Symfony/Component/Console/Input/ArrayInput), Object(Illuminate/Console/OutputStyle))
#29 C:/Users/Inovacion/Documents/repo/sirpirtt-laravel/vendor/laravel/framework/src/Illuminate/Console/Concerns/CallsCommands.php(68): Illuminate/Console/Command->run(Object(Symfony/Component/Console/Input/ArrayInput), Object(Illuminate/Console/OutputStyle))
#30 C:/Users/Inovacion/Documents/repo/sirpirtt-laravel/vendor/laravel/framework/src/Illuminate/Console/Concerns/CallsCommands.php(29): Illuminate/Console/Command->runCommand('migrate', Array, Object(Illuminate/Console/OutputStyle))
#31 C:/Users/Inovacion/Documents/repo/sirpirtt-laravel/vendor/laravel/framework/src/Illuminate/Database/Console/Migrations/FreshCommand.php(96): Illuminate/Console/Command->call('migrate', Array)
#32 C:/Users/Inovacion/Documents/repo/sirpirtt-laravel/vendor/laravel/framework/src/Illuminate/Container/BoundMethod.php(36): Illuminate/Database/Console/Migrations/FreshCommand->handle()
#33 C:/Users/Inovacion/Documents/repo/sirpirtt-laravel/vendor/laravel/framework/src/Illuminate/Container/Util.php(43): Illuminate/Container/BoundMethod::Illuminate/Container/{closure}()
#34 C:/Users/Inovacion/Documents/repo/sirpirtt-laravel/vendor/laravel/framework/src/Illuminate/Container/BoundMethod.php(96): Illuminate/Container/Util::unwrapIfClosure(Object(Closure))
#35 C:/Users/Inovacion/Documents/repo/sirpirtt-laravel/vendor/laravel/framework/src/Illuminate/Container/BoundMethod.php(35): Illuminate/Container/BoundMethod::callBoundMethod(Object(Illuminate/Foundation/Application), Array, Object(Closure))
#36 C:/Users/Inovacion/Documents/repo/sirpirtt-laravel/vendor/laravel/framework/src/Illuminate/Container/Container.php(801): Illuminate/Container/BoundMethod::call(Object(Illuminate/Foundation/Application), Array, Array, NULL)
#37 C:/Users/Inovacion/Documents/repo/sirpirtt-laravel/vendor/laravel/framework/src/Illuminate/Console/Command.php(292): Illuminate/Container/Container->call(Array)
#38 C:/Users/Inovacion/Documents/repo/sirpirtt-laravel/vendor/symfony/console/Command/Command.php(341): Illuminate/Console/Command->execute(Object(Symfony/Component/Console/Input/ArgvInput), Object(Illuminate/Console/OutputStyle))
#39 C:/Users/Inovacion/Documents/repo/sirpirtt-laravel/vendor/laravel/framework/src/Illuminate/Console/Command.php(261): Symfony/Component/Console/Command/Command->run(Object(Symfony/Component/Console/Input/ArgvInput), Object(Illuminate/Console/OutputStyle))
#40 C:/Users/Inovacion/Documents/repo/sirpirtt-laravel/vendor/symfony/console/Application.php(1117): Illuminate/Console/Command->run(Object(Symfony/Component/Console/Input/ArgvInput), Object(Symfony/Component/Console/Output/ConsoleOutput))
#41 C:/Users/Inovacion/Documents/repo/sirpirtt-laravel/vendor/symfony/console/Application.php(356): Symfony/Component/Console/Application->doRunCommand(Object(Illuminate/Database/Console/Migrations/FreshCommand), Object(Symfony/Component/Console/Input/ArgvInput), Object(Symfony/Component/Console/Output/ConsoleOutput))
#42 C:/Users/Inovacion/Documents/repo/sirpirtt-laravel/vendor/symfony/console/Application.php(195): Symfony/Component/Console/Application->doRun(Object(Symfony/Component/Console/Input/ArgvInput), Object(Symfony/Component/Console/Output/ConsoleOutput))
#43 C:/Users/Inovacion/Documents/repo/sirpirtt-laravel/vendor/laravel/framework/src/Illuminate/Foundation/Console/Kernel.php(198): Symfony/Component/Console/Application->run(Object(Symfony/Component/Console/Input/ArgvInput), Object(Symfony/Component/Console/Output/ConsoleOutput))
#44 C:/Users/Inovacion/Documents/repo/sirpirtt-laravel/vendor/laravel/framework/src/Illuminate/Foundation/Application.php(1242): Illuminate/Foundation/Console/Kernel->handle(Object(Symfony/Component/Console/Input/ArgvInput), Object(Symfony/Component/Console/Output/ConsoleOutput))
#45 C:/Users/Inovacion/Documents/repo/sirpirtt-laravel/artisan(16): Illuminate/Foundation/Application->handleCommand(Object(Symfony/Component/Console/Input/ArgvInput))
#46 {main}

[previous exception] [object] (PDOException(code: 42P07): SQLSTATE[42P07]: Duplicate table: 7 ERROR:  relation \"usuarios\" already exists at C:/Users/Inovacion/Documents/repo/sirpirtt-laravel/vendor/laravel/framework/src/Illuminate/Database/Connection.php:601)
[stacktrace]
#0 C:/Users/Inovacion/Documents/repo/sirpirtt-laravel/vendor/laravel/framework/src/Illuminate/Database/Connection.php(601): PDOStatement->execute()
#1 C:/Users/Inovacion/Documents/repo/sirpirtt-laravel/vendor/laravel/framework/src/Illuminate/Database/Connection.php(846): Illuminate/Database/Connection->Illuminate/Database/{closure}('create table \"a...', Array)
#2 C:/Users/Inovacion/Documents/repo/sirpirtt-laravel/vendor/laravel/framework/src/Illuminate/Database/Connection.php(813): Illuminate/Database/Connection->runQueryCallback('create table \"a...', Array, Object(Closure))
#3 C:/Users/Inovacion/Documents/repo/sirpirtt-laravel/vendor/laravel/framework/src/Illuminate/Database/Connection.php(590): Illuminate/Database/Connection->run('create table \"a...', Array, Object(Closure))
#4 C:/Users/Inovacion/Documents/repo/sirpirtt-laravel/vendor/laravel/framework/src/Illuminate/Database/Schema/Blueprint.php(122): Illuminate/Database/Connection->statement('create table \"a...')
#5 C:/Users/Inovacion/Documents/repo/sirpirtt-laravel/vendor/laravel/framework/src/Illuminate/Database/Schema/Builder.php(702): Illuminate/Database/Schema/Blueprint->build()
#6 C:/Users/Inovacion/Documents/repo/sirpirtt-laravel/vendor/laravel/framework/src/Illuminate/Database/Schema/Builder.php(520): Illuminate/Database/Schema/Builder->build(Object(Illuminate/Database/Schema/Blueprint))
#7 C:/Users/Inovacion/Documents/repo/sirpirtt-laravel/vendor/laravel/framework/src/Illuminate/Support/Facades/Facade.php(364): Illuminate/Database/Schema/Builder->create('auth.usuarios', Object(Closure))
#8 C:/Users/Inovacion/Documents/repo/sirpirtt-laravel/database/migrations/2026_08_20_205430_create_table_auth_usuarios.php(14): Illuminate/Support/Facades/Facade::__callStatic('create', Array)
#9 C:/Users/Inovacion/Documents/repo/sirpirtt-laravel/vendor/laravel/framework/src/Illuminate/Database/Migrations/Migrator.php(517): Illuminate/Database/Migrations/Migration@anonymous->up()
#10 C:/Users/Inovacion/Documents/repo/sirpirtt-laravel/vendor/laravel/framework/src/Illuminate/Database/Migrations/Migrator.php(442): Illuminate/Database/Migrations/Migrator->runMethod(Object(Illuminate/Database/PostgresConnection), Object(Illuminate/Database/Migrations/Migration@anonymous), 'up')
#11 C:/Users/Inovacion/Documents/repo/sirpirtt-laravel/vendor/laravel/framework/src/Illuminate/Database/Concerns/ManagesTransactions.php(35): Illuminate/Database/Migrations/Migrator->Illuminate/Database/Migrations/{closure}(Object(Illuminate/Database/PostgresConnection))
#12 C:/Users/Inovacion/Documents/repo/sirpirtt-laravel/vendor/laravel/framework/src/Illuminate/Database/Migrations/Migrator.php(450): Illuminate/Database/Connection->transaction(Object(Closure))
#13 C:/Users/Inovacion/Documents/repo/sirpirtt-laravel/vendor/laravel/framework/src/Illuminate/Database/Migrations/Migrator.php(253): Illuminate/Database/Migrations/Migrator->runMigration(Object(Illuminate/Database/Migrations/Migration@anonymous), 'up', '2026_08_20_2054...')
#14 C:/Users/Inovacion/Documents/repo/sirpirtt-laravel/vendor/laravel/framework/src/Illuminate/Console/View/Components/Task.php(43): Illuminate/Database/Migrations/Migrator->Illuminate/Database/Migrations/{closure}()
#15 C:/Users/Inovacion/Documents/repo/sirpirtt-laravel/vendor/laravel/framework/src/Illuminate/Database/Migrations/Migrator.php(853): Illuminate/Console/View/Components/Task->render('2026_08_20_2054...', Object(Closure))
#16 C:/Users/Inovacion/Documents/repo/sirpirtt-laravel/vendor/laravel/framework/src/Illuminate/Database/Migrations/Migrator.php(253): Illuminate/Database/Migrations/Migrator->write('Illuminate//Cons...', '2026_08_20_2054...', Object(Closure))
#17 C:/Users/Inovacion/Documents/repo/sirpirtt-laravel/vendor/laravel/framework/src/Illuminate/Database/Migrations/Migrator.php(211): Illuminate/Database/Migrations/Migrator->runUp('C://Users//Inovac...', 1, false)
#18 C:/Users/Inovacion/Documents/repo/sirpirtt-laravel/vendor/laravel/framework/src/Illuminate/Database/Migrations/Migrator.php(138): Illuminate/Database/Migrations/Migrator->runPending(Array, Array)
#19 C:/Users/Inovacion/Documents/repo/sirpirtt-laravel/vendor/laravel/framework/src/Illuminate/Database/Console/Migrations/MigrateCommand.php(118): Illuminate/Database/Migrations/Migrator->run(Array, Array)
#20 C:/Users/Inovacion/Documents/repo/sirpirtt-laravel/vendor/laravel/framework/src/Illuminate/Database/Migrations/Migrator.php(672): Illuminate/Database/Console/Migrations/MigrateCommand->Illuminate/Database/Console/Migrations/{closure}()
#21 C:/Users/Inovacion/Documents/repo/sirpirtt-laravel/vendor/laravel/framework/src/Illuminate/Database/Console/Migrations/MigrateCommand.php(111): Illuminate/Database/Migrations/Migrator->usingConnection(NULL, Object(Closure))
#22 C:/Users/Inovacion/Documents/repo/sirpirtt-laravel/vendor/laravel/framework/src/Illuminate/Database/Console/Migrations/MigrateCommand.php(90): Illuminate/Database/Console/Migrations/MigrateCommand->runMigrations()
#23 C:/Users/Inovacion/Documents/repo/sirpirtt-laravel/vendor/laravel/framework/src/Illuminate/Container/BoundMethod.php(36): Illuminate/Database/Console/Migrations/MigrateCommand->handle()
#24 C:/Users/Inovacion/Documents/repo/sirpirtt-laravel/vendor/laravel/framework/src/Illuminate/Container/Util.php(43): Illuminate/Container/BoundMethod::Illuminate/Container/{closure}()
#25 C:/Users/Inovacion/Documents/repo/sirpirtt-laravel/vendor/laravel/framework/src/Illuminate/Container/BoundMethod.php(96): Illuminate/Container/Util::unwrapIfClosure(Object(Closure))
#26 C:/Users/Inovacion/Documents/repo/sirpirtt-laravel/vendor/laravel/framework/src/Illuminate/Container/BoundMethod.php(35): Illuminate/Container/BoundMethod::callBoundMethod(Object(Illuminate/Foundation/Application), Array, Object(Closure))
#27 C:/Users/Inovacion/Documents/repo/sirpirtt-laravel/vendor/laravel/framework/src/Illuminate/Container/Container.php(801): Illuminate/Container/BoundMethod::call(Object(Illuminate/Foundation/Application), Array, Array, NULL)
#28 C:/Users/Inovacion/Documents/repo/sirpirtt-laravel/vendor/laravel/framework/src/Illuminate/Console/Command.php(292): Illuminate/Container/Container->call(Array)
#29 C:/Users/Inovacion/Documents/repo/sirpirtt-laravel/vendor/symfony/console/Command/Command.php(341): Illuminate/Console/Command->execute(Object(Symfony/Component/Console/Input/ArrayInput), Object(Illuminate/Console/OutputStyle))
#30 C:/Users/Inovacion/Documents/repo/sirpirtt-laravel/vendor/laravel/framework/src/Illuminate/Console/Command.php(261): Symfony/Component/Console/Command/Command->run(Object(Symfony/Component/Console/Input/ArrayInput), Object(Illuminate/Console/OutputStyle))
#31 C:/Users/Inovacion/Documents/repo/sirpirtt-laravel/vendor/laravel/framework/src/Illuminate/Console/Concerns/CallsCommands.php(68): Illuminate/Console/Command->run(Object(Symfony/Component/Console/Input/ArrayInput), Object(Illuminate/Console/OutputStyle))
#32 C:/Users/Inovacion/Documents/repo/sirpirtt-laravel/vendor/laravel/framework/src/Illuminate/Console/Concerns/CallsCommands.php(29): Illuminate/Console/Command->runCommand('migrate', Array, Object(Illuminate/Console/OutputStyle))
#33 C:/Users/Inovacion/Documents/repo/sirpirtt-laravel/vendor/laravel/framework/src/Illuminate/Database/Console/Migrations/FreshCommand.php(96): Illuminate/Console/Command->call('migrate', Array)
#34 C:/Users/Inovacion/Documents/repo/sirpirtt-laravel/vendor/laravel/framework/src/Illuminate/Container/BoundMethod.php(36): Illuminate/Database/Console/Migrations/FreshCommand->handle()
#35 C:/Users/Inovacion/Documents/repo/sirpirtt-laravel/vendor/laravel/framework/src/Illuminate/Container/Util.php(43): Illuminate/Container/BoundMethod::Illuminate/Container/{closure}()
#36 C:/Users/Inovacion/Documents/repo/sirpirtt-laravel/vendor/laravel/framework/src/Illuminate/Container/BoundMethod.php(96): Illuminate/Container/Util::unwrapIfClosure(Object(Closure))
#37 C:/Users/Inovacion/Documents/repo/sirpirtt-laravel/vendor/laravel/framework/src/Illuminate/Container/BoundMethod.php(35): Illuminate/Container/BoundMethod::callBoundMethod(Object(Illuminate/Foundation/Application), Array, Object(Closure))
#38 C:/Users/Inovacion/Documents/repo/sirpirtt-laravel/vendor/laravel/framework/src/Illuminate/Container/Container.php(801): Illuminate/Container/BoundMethod::call(Object(Illuminate/Foundation/Application), Array, Array, NULL)
#39 C:/Users/Inovacion/Documents/repo/sirpirtt-laravel/vendor/laravel/framework/src/Illuminate/Console/Command.php(292): Illuminate/Container/Container->call(Array)
#40 C:/Users/Inovacion/Documents/repo/sirpirtt-laravel/vendor/symfony/console/Command/Command.php(341): Illuminate/Console/Command->execute(Object(Symfony/Component/Console/Input/ArgvInput), Object(Illuminate/Console/OutputStyle))
#41 C:/Users/Inovacion/Documents/repo/sirpirtt-laravel/vendor/laravel/framework/src/Illuminate/Console/Command.php(261): Symfony/Component/Console/Command/Command->run(Object(Symfony/Component/Console/Input/ArgvInput), Object(Illuminate/Console/OutputStyle))
#42 C:/Users/Inovacion/Documents/repo/sirpirtt-laravel/vendor/symfony/console/Application.php(1117): Illuminate/Console/Command->run(Object(Symfony/Component/Console/Input/ArgvInput), Object(Symfony/Component/Console/Output/ConsoleOutput))
#43 C:/Users/Inovacion/Documents/repo/sirpirtt-laravel/vendor/symfony/console/Application.php(356): Symfony/Component/Console/Application->doRunCommand(Object(Illuminate/Database/Console/Migrations/FreshCommand), Object(Symfony/Component/Console/Input/ArgvInput), Object(Symfony/Component/Console/Output/ConsoleOutput))
#44 C:/Users/Inovacion/Documents/repo/sirpirtt-laravel/vendor/symfony/console/Application.php(195): Symfony/Component/Console/Application->doRun(Object(Symfony/Component/Console/Input/ArgvInput), Object(Symfony/Component/Console/Output/ConsoleOutput))
#45 C:/Users/Inovacion/Documents/repo/sirpirtt-laravel/vendor/laravel/framework/src/Illuminate/Foundation/Console/Kernel.php(198): Symfony/Component/Console/Application->run(Object(Symfony/Component/Console/Input/ArgvInput), Object(Symfony/Component/Console/Output/ConsoleOutput))
#46 C:/Users/Inovacion/Documents/repo/sirpirtt-laravel/vendor/laravel/framework/src/Illuminate/Foundation/Application.php(1242): Illuminate/Foundation/Console/Kernel->handle(Object(Symfony/Component/Console/Input/ArgvInput), Object(Symfony/Component/Console/Output/ConsoleOutput))
#47 C:/Users/Inovacion/Documents/repo/sirpirtt-laravel/artisan(16): Illuminate/Foundation/Application->handleCommand(Object(Symfony/Component/Console/Input/ArgvInput))
#48 {main}
"} 
[2026-08-27 19:37:54] local.ERROR: Uncaught InvalidArgumentException: Please provide a valid cache path. in C:\Users\Inovacion\Documents\repo\sirpirtt-laravel\vendor\laravel\framework\src\Illuminate\View\Compilers\Compiler.php:75
Stack trace:
#0 C:\Users\Inovacion\Documents\repo\sirpirtt-laravel\vendor\laravel\framework\src\Illuminate\View\ViewServiceProvider.php(97): Illuminate\View\Compilers\Compiler->__construct(Object(Illuminate\Filesystem\Filesystem), false, '', true, 'php', true)
#1 C:\Users\Inovacion\Documents\repo\sirpirtt-laravel\vendor\laravel\framework\src\Illuminate\Container\Container.php(1138): Illuminate\View\ViewServiceProvider->Illuminate\View\{closure}(Object(Illuminate\Foundation\Application), Array)
#2 C:\Users\Inovacion\Documents\repo\sirpirtt-laravel\vendor\laravel\framework\src\Illuminate\Container\Container.php(937): Illuminate\Container\Container->build(Object(Closure))
#3 C:\Users\Inovacion\Documents\repo\sirpirtt-laravel\vendor\laravel\framework\src\Illuminate\Foundation\Application.php(1085): Illuminate\Container\Container->resolve('blade.compiler', Array, true)
#4 C:\Users\Inovacion\Documents\repo\sirpirtt-laravel\vendor\laravel\framework\src\Illuminate\Container\Container.php(865): Illuminate\Foundation\Application->resolve('blade.compiler', Array)
#5 C:\Users\Inovacion\Documents\repo\sirpirtt-laravel\vendor\laravel\framework\src\Illuminate\Foundation\Application.php(1065): Illuminate\Container\Container->make('blade.compiler', Array)
#6 C:\Users\Inovacion\Documents\repo\sirpirtt-laravel\vendor\laravel\framework\src\Illuminate\Foundation\helpers.php(138): Illuminate\Foundation\Application->make('blade.compiler', Array)
#7 Command line code(1): app('Illuminate\\View...')
#8 {main}
  thrown {"exception":"[object] (Symfony\\Component\\ErrorHandler\\Error\\FatalError(code: 0): Uncaught InvalidArgumentException: Please provide a valid cache path. in C:\\Users\\Inovacion\\Documents\\repo\\sirpirtt-laravel\\vendor\\laravel\\framework\\src\\Illuminate\\View\\Compilers\\Compiler.php:75
Stack trace:
#0 C:\\Users\\Inovacion\\Documents\\repo\\sirpirtt-laravel\\vendor\\laravel\\framework\\src\\Illuminate\\View\\ViewServiceProvider.php(97): Illuminate\\View\\Compilers\\Compiler->__construct(Object(Illuminate\\Filesystem\\Filesystem), false, '', true, 'php', true)
#1 C:\\Users\\Inovacion\\Documents\\repo\\sirpirtt-laravel\\vendor\\laravel\\framework\\src\\Illuminate\\Container\\Container.php(1138): Illuminate\\View\\ViewServiceProvider->Illuminate\\View\\{closure}(Object(Illuminate\\Foundation\\Application), Array)
#2 C:\\Users\\Inovacion\\Documents\\repo\\sirpirtt-laravel\\vendor\\laravel\\framework\\src\\Illuminate\\Container\\Container.php(937): Illuminate\\Container\\Container->build(Object(Closure))
#3 C:\\Users\\Inovacion\\Documents\\repo\\sirpirtt-laravel\\vendor\\laravel\\framework\\src\\Illuminate\\Foundation\\Application.php(1085): Illuminate\\Container\\Container->resolve('blade.compiler', Array, true)
#4 C:\\Users\\Inovacion\\Documents\\repo\\sirpirtt-laravel\\vendor\\laravel\\framework\\src\\Illuminate\\Container\\Container.php(865): Illuminate\\Foundation\\Application->resolve('blade.compiler', Array)
#5 C:\\Users\\Inovacion\\Documents\\repo\\sirpirtt-laravel\\vendor\\laravel\\framework\\src\\Illuminate\\Foundation\\Application.php(1065): Illuminate\\Container\\Container->make('blade.compiler', Array)
#6 C:\\Users\\Inovacion\\Documents\\repo\\sirpirtt-laravel\\vendor\\laravel\\framework\\src\\Illuminate\\Foundation\\helpers.php(138): Illuminate\\Foundation\\Application->make('blade.compiler', Array)
#7 Command line code(1): app('Illuminate\\\\View...')
#8 {main}
  thrown at C:/Users/Inovacion/Documents/repo/sirpirtt-laravel/vendor/laravel/framework/src/Illuminate/View/Compilers/Compiler.php:75)
[stacktrace]
#0 {main}
"} 
[2026-08-27 19:40:53] local.ERROR: SQLSTATE[42P07]: Duplicate table: 7 ERROR:  relation "usuarios" already exists (Connection: pgsql, Host: contenedores06.bcs.gob.mx, Port: 5404, Database: Sirpirtt, SQL: create table "auth"."usuarios" ("id" bigserial not null primary key, "nombre" text null, "apellidos" text null, "email" text null, "telefono" text null, "sig_id" integer null, "created_at" timestamp(0) without time zone null, "updated_at" timestamp(0) without time zone null, "deleted_at" timestamp(0) without time zone null)) {"exception":"[object] (Illuminate\\Database\\QueryException(code: 42P07): SQLSTATE[42P07]: Duplicate table: 7 ERROR:  relation \"usuarios\" already exists (Connection: pgsql, Host: contenedores06.bcs.gob.mx, Port: 5404, Database: Sirpirtt, SQL: create table \"auth\".\"usuarios\" (\"id\" bigserial not null primary key, \"nombre\" text null, \"apellidos\" text null, \"email\" text null, \"telefono\" text null, \"sig_id\" integer null, \"created_at\" timestamp(0) without time zone null, \"updated_at\" timestamp(0) without time zone null, \"deleted_at\" timestamp(0) without time zone null)) at C:/Users/Inovacion/Documents/repo/sirpirtt-laravel/vendor/laravel/framework/src/Illuminate/Database/Connection.php:857)
[stacktrace]
#0 C:/Users/Inovacion/Documents/repo/sirpirtt-laravel/vendor/laravel/framework/src/Illuminate/Database/Connection.php(813): Illuminate/Database/Connection->runQueryCallback('create table \"a...', Array, Object(Closure))
#1 C:/Users/Inovacion/Documents/repo/sirpirtt-laravel/vendor/laravel/framework/src/Illuminate/Database/Connection.php(590): Illuminate/Database/Connection->run('create table \"a...', Array, Object(Closure))
#2 C:/Users/Inovacion/Documents/repo/sirpirtt-laravel/vendor/laravel/framework/src/Illuminate/Database/Schema/Blueprint.php(122): Illuminate/Database/Connection->statement('create table \"a...')
#3 C:/Users/Inovacion/Documents/repo/sirpirtt-laravel/vendor/laravel/framework/src/Illuminate/Database/Schema/Builder.php(702): Illuminate/Database/Schema/Blueprint->build()
#4 C:/Users/Inovacion/Documents/repo/sirpirtt-laravel/vendor/laravel/framework/src/Illuminate/Database/Schema/Builder.php(520): Illuminate/Database/Schema/Builder->build(Object(Illuminate/Database/Schema/Blueprint))
#5 C:/Users/Inovacion/Documents/repo/sirpirtt-laravel/vendor/laravel/framework/src/Illuminate/Support/Facades/Facade.php(364): Illuminate/Database/Schema/Builder->create('auth.usuarios', Object(Closure))
#6 C:/Users/Inovacion/Documents/repo/sirpirtt-laravel/database/migrations/2026_08_20_205430_create_table_auth_usuarios.php(14): Illuminate/Support/Facades/Facade::__callStatic('create', Array)
#7 C:/Users/Inovacion/Documents/repo/sirpirtt-laravel/vendor/laravel/framework/src/Illuminate/Database/Migrations/Migrator.php(517): Illuminate/Database/Migrations/Migration@anonymous->up()
#8 C:/Users/Inovacion/Documents/repo/sirpirtt-laravel/vendor/laravel/framework/src/Illuminate/Database/Migrations/Migrator.php(442): Illuminate/Database/Migrations/Migrator->runMethod(Object(Illuminate/Database/PostgresConnection), Object(Illuminate/Database/Migrations/Migration@anonymous), 'up')
#9 C:/Users/Inovacion/Documents/repo/sirpirtt-laravel/vendor/laravel/framework/src/Illuminate/Database/Concerns/ManagesTransactions.php(35): Illuminate/Database/Migrations/Migrator->Illuminate/Database/Migrations/{closure}(Object(Illuminate/Database/PostgresConnection))
#10 C:/Users/Inovacion/Documents/repo/sirpirtt-laravel/vendor/laravel/framework/src/Illuminate/Database/Migrations/Migrator.php(450): Illuminate/Database/Connection->transaction(Object(Closure))
#11 C:/Users/Inovacion/Documents/repo/sirpirtt-laravel/vendor/laravel/framework/src/Illuminate/Database/Migrations/Migrator.php(253): Illuminate/Database/Migrations/Migrator->runMigration(Object(Illuminate/Database/Migrations/Migration@anonymous), 'up', '2026_08_20_2054...')
#12 C:/Users/Inovacion/Documents/repo/sirpirtt-laravel/vendor/laravel/framework/src/Illuminate/Console/View/Components/Task.php(43): Illuminate/Database/Migrations/Migrator->Illuminate/Database/Migrations/{closure}()
#13 C:/Users/Inovacion/Documents/repo/sirpirtt-laravel/vendor/laravel/framework/src/Illuminate/Database/Migrations/Migrator.php(853): Illuminate/Console/View/Components/Task->render('2026_08_20_2054...', Object(Closure))
#14 C:/Users/Inovacion/Documents/repo/sirpirtt-laravel/vendor/laravel/framework/src/Illuminate/Database/Migrations/Migrator.php(253): Illuminate/Database/Migrations/Migrator->write('Illuminate//Cons...', '2026_08_20_2054...', Object(Closure))
#15 C:/Users/Inovacion/Documents/repo/sirpirtt-laravel/vendor/laravel/framework/src/Illuminate/Database/Migrations/Migrator.php(211): Illuminate/Database/Migrations/Migrator->runUp('C://Users//Inovac...', 1, false)
#16 C:/Users/Inovacion/Documents/repo/sirpirtt-laravel/vendor/laravel/framework/src/Illuminate/Database/Migrations/Migrator.php(138): Illuminate/Database/Migrations/Migrator->runPending(Array, Array)
#17 C:/Users/Inovacion/Documents/repo/sirpirtt-laravel/vendor/laravel/framework/src/Illuminate/Database/Console/Migrations/MigrateCommand.php(118): Illuminate/Database/Migrations/Migrator->run(Array, Array)
#18 C:/Users/Inovacion/Documents/repo/sirpirtt-laravel/vendor/laravel/framework/src/Illuminate/Database/Migrations/Migrator.php(672): Illuminate/Database/Console/Migrations/MigrateCommand->Illuminate/Database/Console/Migrations/{closure}()
#19 C:/Users/Inovacion/Documents/repo/sirpirtt-laravel/vendor/laravel/framework/src/Illuminate/Database/Console/Migrations/MigrateCommand.php(111): Illuminate/Database/Migrations/Migrator->usingConnection(NULL, Object(Closure))
#20 C:/Users/Inovacion/Documents/repo/sirpirtt-laravel/vendor/laravel/framework/src/Illuminate/Database/Console/Migrations/MigrateCommand.php(90): Illuminate/Database/Console/Migrations/MigrateCommand->runMigrations()
#21 C:/Users/Inovacion/Documents/repo/sirpirtt-laravel/vendor/laravel/framework/src/Illuminate/Container/BoundMethod.php(36): Illuminate/Database/Console/Migrations/MigrateCommand->handle()
#22 C:/Users/Inovacion/Documents/repo/sirpirtt-laravel/vendor/laravel/framework/src/Illuminate/Container/Util.php(43): Illuminate/Container/BoundMethod::Illuminate/Container/{closure}()
#23 C:/Users/Inovacion/Documents/repo/sirpirtt-laravel/vendor/laravel/framework/src/Illuminate/Container/BoundMethod.php(96): Illuminate/Container/Util::unwrapIfClosure(Object(Closure))
#24 C:/Users/Inovacion/Documents/repo/sirpirtt-laravel/vendor/laravel/framework/src/Illuminate/Container/BoundMethod.php(35): Illuminate/Container/BoundMethod::callBoundMethod(Object(Illuminate/Foundation/Application), Array, Object(Closure))
#25 C:/Users/Inovacion/Documents/repo/sirpirtt-laravel/vendor/laravel/framework/src/Illuminate/Container/Container.php(801): Illuminate/Container/BoundMethod::call(Object(Illuminate/Foundation/Application), Array, Array, NULL)
#26 C:/Users/Inovacion/Documents/repo/sirpirtt-laravel/vendor/laravel/framework/src/Illuminate/Console/Command.php(292): Illuminate/Container/Container->call(Array)
#27 C:/Users/Inovacion/Documents/repo/sirpirtt-laravel/vendor/symfony/console/Command/Command.php(341): Illuminate/Console/Command->execute(Object(Symfony/Component/Console/Input/ArrayInput), Object(Illuminate/Console/OutputStyle))
#28 C:/Users/Inovacion/Documents/repo/sirpirtt-laravel/vendor/laravel/framework/src/Illuminate/Console/Command.php(261): Symfony/Component/Console/Command/Command->run(Object(Symfony/Component/Console/Input/ArrayInput), Object(Illuminate/Console/OutputStyle))
#29 C:/Users/Inovacion/Documents/repo/sirpirtt-laravel/vendor/laravel/framework/src/Illuminate/Console/Concerns/CallsCommands.php(68): Illuminate/Console/Command->run(Object(Symfony/Component/Console/Input/ArrayInput), Object(Illuminate/Console/OutputStyle))
#30 C:/Users/Inovacion/Documents/repo/sirpirtt-laravel/vendor/laravel/framework/src/Illuminate/Console/Concerns/CallsCommands.php(29): Illuminate/Console/Command->runCommand('migrate', Array, Object(Illuminate/Console/OutputStyle))
#31 C:/Users/Inovacion/Documents/repo/sirpirtt-laravel/vendor/laravel/framework/src/Illuminate/Database/Console/Migrations/FreshCommand.php(96): Illuminate/Console/Command->call('migrate', Array)
#32 C:/Users/Inovacion/Documents/repo/sirpirtt-laravel/vendor/laravel/framework/src/Illuminate/Container/BoundMethod.php(36): Illuminate/Database/Console/Migrations/FreshCommand->handle()
#33 C:/Users/Inovacion/Documents/repo/sirpirtt-laravel/vendor/laravel/framework/src/Illuminate/Container/Util.php(43): Illuminate/Container/BoundMethod::Illuminate/Container/{closure}()
#34 C:/Users/Inovacion/Documents/repo/sirpirtt-laravel/vendor/laravel/framework/src/Illuminate/Container/BoundMethod.php(96): Illuminate/Container/Util::unwrapIfClosure(Object(Closure))
#35 C:/Users/Inovacion/Documents/repo/sirpirtt-laravel/vendor/laravel/framework/src/Illuminate/Container/BoundMethod.php(35): Illuminate/Container/BoundMethod::callBoundMethod(Object(Illuminate/Foundation/Application), Array, Object(Closure))
#36 C:/Users/Inovacion/Documents/repo/sirpirtt-laravel/vendor/laravel/framework/src/Illuminate/Container/Container.php(801): Illuminate/Container/BoundMethod::call(Object(Illuminate/Foundation/Application), Array, Array, NULL)
#37 C:/Users/Inovacion/Documents/repo/sirpirtt-laravel/vendor/laravel/framework/src/Illuminate/Console/Command.php(292): Illuminate/Container/Container->call(Array)
#38 C:/Users/Inovacion/Documents/repo/sirpirtt-laravel/vendor/symfony/console/Command/Command.php(341): Illuminate/Console/Command->execute(Object(Symfony/Component/Console/Input/ArgvInput), Object(Illuminate/Console/OutputStyle))
#39 C:/Users/Inovacion/Documents/repo/sirpirtt-laravel/vendor/laravel/framework/src/Illuminate/Console/Command.php(261): Symfony/Component/Console/Command/Command->run(Object(Symfony/Component/Console/Input/ArgvInput), Object(Illuminate/Console/OutputStyle))
#40 C:/Users/Inovacion/Documents/repo/sirpirtt-laravel/vendor/symfony/console/Application.php(1117): Illuminate/Console/Command->run(Object(Symfony/Component/Console/Input/ArgvInput), Object(Symfony/Component/Console/Output/ConsoleOutput))
#41 C:/Users/Inovacion/Documents/repo/sirpirtt-laravel/vendor/symfony/console/Application.php(356): Symfony/Component/Console/Application->doRunCommand(Object(Illuminate/Database/Console/Migrations/FreshCommand), Object(Symfony/Component/Console/Input/ArgvInput), Object(Symfony/Component/Console/Output/ConsoleOutput))
#42 C:/Users/Inovacion/Documents/repo/sirpirtt-laravel/vendor/symfony/console/Application.php(195): Symfony/Component/Console/Application->doRun(Object(Symfony/Component/Console/Input/ArgvInput), Object(Symfony/Component/Console/Output/ConsoleOutput))
#43 C:/Users/Inovacion/Documents/repo/sirpirtt-laravel/vendor/laravel/framework/src/Illuminate/Foundation/Console/Kernel.php(198): Symfony/Component/Console/Application->run(Object(Symfony/Component/Console/Input/ArgvInput), Object(Symfony/Component/Console/Output/ConsoleOutput))
#44 C:/Users/Inovacion/Documents/repo/sirpirtt-laravel/vendor/laravel/framework/src/Illuminate/Foundation/Application.php(1242): Illuminate/Foundation/Console/Kernel->handle(Object(Symfony/Component/Console/Input/ArgvInput), Object(Symfony/Component/Console/Output/ConsoleOutput))
#45 C:/Users/Inovacion/Documents/repo/sirpirtt-laravel/artisan(16): Illuminate/Foundation/Application->handleCommand(Object(Symfony/Component/Console/Input/ArgvInput))
#46 {main}

[previous exception] [object] (PDOException(code: 42P07): SQLSTATE[42P07]: Duplicate table: 7 ERROR:  relation \"usuarios\" already exists at C:/Users/Inovacion/Documents/repo/sirpirtt-laravel/vendor/laravel/framework/src/Illuminate/Database/Connection.php:601)
[stacktrace]
#0 C:/Users/Inovacion/Documents/repo/sirpirtt-laravel/vendor/laravel/framework/src/Illuminate/Database/Connection.php(601): PDOStatement->execute()
#1 C:/Users/Inovacion/Documents/repo/sirpirtt-laravel/vendor/laravel/framework/src/Illuminate/Database/Connection.php(846): Illuminate/Database/Connection->Illuminate/Database/{closure}('create table \"a...', Array)
#2 C:/Users/Inovacion/Documents/repo/sirpirtt-laravel/vendor/laravel/framework/src/Illuminate/Database/Connection.php(813): Illuminate/Database/Connection->runQueryCallback('create table \"a...', Array, Object(Closure))
#3 C:/Users/Inovacion/Documents/repo/sirpirtt-laravel/vendor/laravel/framework/src/Illuminate/Database/Connection.php(590): Illuminate/Database/Connection->run('create table \"a...', Array, Object(Closure))
#4 C:/Users/Inovacion/Documents/repo/sirpirtt-laravel/vendor/laravel/framework/src/Illuminate/Database/Schema/Blueprint.php(122): Illuminate/Database/Connection->statement('create table \"a...')
#5 C:/Users/Inovacion/Documents/repo/sirpirtt-laravel/vendor/laravel/framework/src/Illuminate/Database/Schema/Builder.php(702): Illuminate/Database/Schema/Blueprint->build()
#6 C:/Users/Inovacion/Documents/repo/sirpirtt-laravel/vendor/laravel/framework/src/Illuminate/Database/Schema/Builder.php(520): Illuminate/Database/Schema/Builder->build(Object(Illuminate/Database/Schema/Blueprint))
#7 C:/Users/Inovacion/Documents/repo/sirpirtt-laravel/vendor/laravel/framework/src/Illuminate/Support/Facades/Facade.php(364): Illuminate/Database/Schema/Builder->create('auth.usuarios', Object(Closure))
#8 C:/Users/Inovacion/Documents/repo/sirpirtt-laravel/database/migrations/2026_08_20_205430_create_table_auth_usuarios.php(14): Illuminate/Support/Facades/Facade::__callStatic('create', Array)
#9 C:/Users/Inovacion/Documents/repo/sirpirtt-laravel/vendor/laravel/framework/src/Illuminate/Database/Migrations/Migrator.php(517): Illuminate/Database/Migrations/Migration@anonymous->up()
#10 C:/Users/Inovacion/Documents/repo/sirpirtt-laravel/vendor/laravel/framework/src/Illuminate/Database/Migrations/Migrator.php(442): Illuminate/Database/Migrations/Migrator->runMethod(Object(Illuminate/Database/PostgresConnection), Object(Illuminate/Database/Migrations/Migration@anonymous), 'up')
#11 C:/Users/Inovacion/Documents/repo/sirpirtt-laravel/vendor/laravel/framework/src/Illuminate/Database/Concerns/ManagesTransactions.php(35): Illuminate/Database/Migrations/Migrator->Illuminate/Database/Migrations/{closure}(Object(Illuminate/Database/PostgresConnection))
#12 C:/Users/Inovacion/Documents/repo/sirpirtt-laravel/vendor/laravel/framework/src/Illuminate/Database/Migrations/Migrator.php(450): Illuminate/Database/Connection->transaction(Object(Closure))
#13 C:/Users/Inovacion/Documents/repo/sirpirtt-laravel/vendor/laravel/framework/src/Illuminate/Database/Migrations/Migrator.php(253): Illuminate/Database/Migrations/Migrator->runMigration(Object(Illuminate/Database/Migrations/Migration@anonymous), 'up', '2026_08_20_2054...')
#14 C:/Users/Inovacion/Documents/repo/sirpirtt-laravel/vendor/laravel/framework/src/Illuminate/Console/View/Components/Task.php(43): Illuminate/Database/Migrations/Migrator->Illuminate/Database/Migrations/{closure}()
#15 C:/Users/Inovacion/Documents/repo/sirpirtt-laravel/vendor/laravel/framework/src/Illuminate/Database/Migrations/Migrator.php(853): Illuminate/Console/View/Components/Task->render('2026_08_20_2054...', Object(Closure))
#16 C:/Users/Inovacion/Documents/repo/sirpirtt-laravel/vendor/laravel/framework/src/Illuminate/Database/Migrations/Migrator.php(253): Illuminate/Database/Migrations/Migrator->write('Illuminate//Cons...', '2026_08_20_2054...', Object(Closure))
#17 C:/Users/Inovacion/Documents/repo/sirpirtt-laravel/vendor/laravel/framework/src/Illuminate/Database/Migrations/Migrator.php(211): Illuminate/Database/Migrations/Migrator->runUp('C://Users//Inovac...', 1, false)
#18 C:/Users/Inovacion/Documents/repo/sirpirtt-laravel/vendor/laravel/framework/src/Illuminate/Database/Migrations/Migrator.php(138): Illuminate/Database/Migrations/Migrator->runPending(Array, Array)
#19 C:/Users/Inovacion/Documents/repo/sirpirtt-laravel/vendor/laravel/framework/src/Illuminate/Database/Console/Migrations/MigrateCommand.php(118): Illuminate/Database/Migrations/Migrator->run(Array, Array)
#20 C:/Users/Inovacion/Documents/repo/sirpirtt-laravel/vendor/laravel/framework/src/Illuminate/Database/Migrations/Migrator.php(672): Illuminate/Database/Console/Migrations/MigrateCommand->Illuminate/Database/Console/Migrations/{closure}()
#21 C:/Users/Inovacion/Documents/repo/sirpirtt-laravel/vendor/laravel/framework/src/Illuminate/Database/Console/Migrations/MigrateCommand.php(111): Illuminate/Database/Migrations/Migrator->usingConnection(NULL, Object(Closure))
#22 C:/Users/Inovacion/Documents/repo/sirpirtt-laravel/vendor/laravel/framework/src/Illuminate/Database/Console/Migrations/MigrateCommand.php(90): Illuminate/Database/Console/Migrations/MigrateCommand->runMigrations()
#23 C:/Users/Inovacion/Documents/repo/sirpirtt-laravel/vendor/laravel/framework/src/Illuminate/Container/BoundMethod.php(36): Illuminate/Database/Console/Migrations/MigrateCommand->handle()
#24 C:/Users/Inovacion/Documents/repo/sirpirtt-laravel/vendor/laravel/framework/src/Illuminate/Container/Util.php(43): Illuminate/Container/BoundMethod::Illuminate/Container/{closure}()
#25 C:/Users/Inovacion/Documents/repo/sirpirtt-laravel/vendor/laravel/framework/src/Illuminate/Container/BoundMethod.php(96): Illuminate/Container/Util::unwrapIfClosure(Object(Closure))
#26 C:/Users/Inovacion/Documents/repo/sirpirtt-laravel/vendor/laravel/framework/src/Illuminate/Container/BoundMethod.php(35): Illuminate/Container/BoundMethod::callBoundMethod(Object(Illuminate/Foundation/Application), Array, Object(Closure))
#27 C:/Users/Inovacion/Documents/repo/sirpirtt-laravel/vendor/laravel/framework/src/Illuminate/Container/Container.php(801): Illuminate/Container/BoundMethod::call(Object(Illuminate/Foundation/Application), Array, Array, NULL)
#28 C:/Users/Inovacion/Documents/repo/sirpirtt-laravel/vendor/laravel/framework/src/Illuminate/Console/Command.php(292): Illuminate/Container/Container->call(Array)
#29 C:/Users/Inovacion/Documents/repo/sirpirtt-laravel/vendor/symfony/console/Command/Command.php(341): Illuminate/Console/Command->execute(Object(Symfony/Component/Console/Input/ArrayInput), Object(Illuminate/Console/OutputStyle))
#30 C:/Users/Inovacion/Documents/repo/sirpirtt-laravel/vendor/laravel/framework/src/Illuminate/Console/Command.php(261): Symfony/Component/Console/Command/Command->run(Object(Symfony/Component/Console/Input/ArrayInput), Object(Illuminate/Console/OutputStyle))
#31 C:/Users/Inovacion/Documents/repo/sirpirtt-laravel/vendor/laravel/framework/src/Illuminate/Console/Concerns/CallsCommands.php(68): Illuminate/Console/Command->run(Object(Symfony/Component/Console/Input/ArrayInput), Object(Illuminate/Console/OutputStyle))
#32 C:/Users/Inovacion/Documents/repo/sirpirtt-laravel/vendor/laravel/framework/src/Illuminate/Console/Concerns/CallsCommands.php(29): Illuminate/Console/Command->runCommand('migrate', Array, Object(Illuminate/Console/OutputStyle))
#33 C:/Users/Inovacion/Documents/repo/sirpirtt-laravel/vendor/laravel/framework/src/Illuminate/Database/Console/Migrations/FreshCommand.php(96): Illuminate/Console/Command->call('migrate', Array)
#34 C:/Users/Inovacion/Documents/repo/sirpirtt-laravel/vendor/laravel/framework/src/Illuminate/Container/BoundMethod.php(36): Illuminate/Database/Console/Migrations/FreshCommand->handle()
#35 C:/Users/Inovacion/Documents/repo/sirpirtt-laravel/vendor/laravel/framework/src/Illuminate/Container/Util.php(43): Illuminate/Container/BoundMethod::Illuminate/Container/{closure}()
#36 C:/Users/Inovacion/Documents/repo/sirpirtt-laravel/vendor/laravel/framework/src/Illuminate/Container/BoundMethod.php(96): Illuminate/Container/Util::unwrapIfClosure(Object(Closure))
#37 C:/Users/Inovacion/Documents/repo/sirpirtt-laravel/vendor/laravel/framework/src/Illuminate/Container/BoundMethod.php(35): Illuminate/Container/BoundMethod::callBoundMethod(Object(Illuminate/Foundation/Application), Array, Object(Closure))
#38 C:/Users/Inovacion/Documents/repo/sirpirtt-laravel/vendor/laravel/framework/src/Illuminate/Container/Container.php(801): Illuminate/Container/BoundMethod::call(Object(Illuminate/Foundation/Application), Array, Array, NULL)
#39 C:/Users/Inovacion/Documents/repo/sirpirtt-laravel/vendor/laravel/framework/src/Illuminate/Console/Command.php(292): Illuminate/Container/Container->call(Array)
#40 C:/Users/Inovacion/Documents/repo/sirpirtt-laravel/vendor/symfony/console/Command/Command.php(341): Illuminate/Console/Command->execute(Object(Symfony/Component/Console/Input/ArgvInput), Object(Illuminate/Console/OutputStyle))
#41 C:/Users/Inovacion/Documents/repo/sirpirtt-laravel/vendor/laravel/framework/src/Illuminate/Console/Command.php(261): Symfony/Component/Console/Command/Command->run(Object(Symfony/Component/Console/Input/ArgvInput), Object(Illuminate/Console/OutputStyle))
#42 C:/Users/Inovacion/Documents/repo/sirpirtt-laravel/vendor/symfony/console/Application.php(1117): Illuminate/Console/Command->run(Object(Symfony/Component/Console/Input/ArgvInput), Object(Symfony/Component/Console/Output/ConsoleOutput))
#43 C:/Users/Inovacion/Documents/repo/sirpirtt-laravel/vendor/symfony/console/Application.php(356): Symfony/Component/Console/Application->doRunCommand(Object(Illuminate/Database/Console/Migrations/FreshCommand), Object(Symfony/Component/Console/Input/ArgvInput), Object(Symfony/Component/Console/Output/ConsoleOutput))
#44 C:/Users/Inovacion/Documents/repo/sirpirtt-laravel/vendor/symfony/console/Application.php(195): Symfony/Component/Console/Application->doRun(Object(Symfony/Component/Console/Input/ArgvInput), Object(Symfony/Component/Console/Output/ConsoleOutput))
#45 C:/Users/Inovacion/Documents/repo/sirpirtt-laravel/vendor/laravel/framework/src/Illuminate/Foundation/Console/Kernel.php(198): Symfony/Component/Console/Application->run(Object(Symfony/Component/Console/Input/ArgvInput), Object(Symfony/Component/Console/Output/ConsoleOutput))
#46 C:/Users/Inovacion/Documents/repo/sirpirtt-laravel/vendor/laravel/framework/src/Illuminate/Foundation/Application.php(1242): Illuminate/Foundation/Console/Kernel->handle(Object(Symfony/Component/Console/Input/ArgvInput), Object(Symfony/Component/Console/Output/ConsoleOutput))
#47 C:/Users/Inovacion/Documents/repo/sirpirtt-laravel/artisan(16): Illuminate/Foundation/Application->handleCommand(Object(Symfony/Component/Console/Input/ArgvInput))
#48 {main}
"} 
[2026-08-27 19:47:52] local.ERROR: SQLSTATE[3F000]: Invalid schema name: 7 ERROR:  schema "auth" does not exist at character 14 (Connection: pgsql, Host: contenedores06.bcs.gob.mx, Port: 5404, Database: Sirpirtt, SQL: create table "auth"."usuarios" ("id" bigserial not null primary key, "nombre" text null, "apellidos" text null, "email" text null, "telefono" text null, "sig_id" integer null, "created_at" timestamp(0) without time zone null, "updated_at" timestamp(0) without time zone null, "deleted_at" timestamp(0) without time zone null)) {"exception":"[object] (Illuminate\\Database\\QueryException(code: 3F000): SQLSTATE[3F000]: Invalid schema name: 7 ERROR:  schema \"auth\" does not exist at character 14 (Connection: pgsql, Host: contenedores06.bcs.gob.mx, Port: 5404, Database: Sirpirtt, SQL: create table \"auth\".\"usuarios\" (\"id\" bigserial not null primary key, \"nombre\" text null, \"apellidos\" text null, \"email\" text null, \"telefono\" text null, \"sig_id\" integer null, \"created_at\" timestamp(0) without time zone null, \"updated_at\" timestamp(0) without time zone null, \"deleted_at\" timestamp(0) without time zone null)) at C:/Users/Inovacion/Documents/repo/sirpirtt-laravel/vendor/laravel/framework/src/Illuminate/Database/Connection.php:857)
[stacktrace]
#0 C:/Users/Inovacion/Documents/repo/sirpirtt-laravel/vendor/laravel/framework/src/Illuminate/Database/Connection.php(813): Illuminate/Database/Connection->runQueryCallback('create table \"a...', Array, Object(Closure))
#1 C:/Users/Inovacion/Documents/repo/sirpirtt-laravel/vendor/laravel/framework/src/Illuminate/Database/Connection.php(590): Illuminate/Database/Connection->run('create table \"a...', Array, Object(Closure))
#2 C:/Users/Inovacion/Documents/repo/sirpirtt-laravel/vendor/laravel/framework/src/Illuminate/Database/Schema/Blueprint.php(122): Illuminate/Database/Connection->statement('create table \"a...')
#3 C:/Users/Inovacion/Documents/repo/sirpirtt-laravel/vendor/laravel/framework/src/Illuminate/Database/Schema/Builder.php(702): Illuminate/Database/Schema/Blueprint->build()
#4 C:/Users/Inovacion/Documents/repo/sirpirtt-laravel/vendor/laravel/framework/src/Illuminate/Database/Schema/Builder.php(520): Illuminate/Database/Schema/Builder->build(Object(Illuminate/Database/Schema/Blueprint))
#5 C:/Users/Inovacion/Documents/repo/sirpirtt-laravel/vendor/laravel/framework/src/Illuminate/Support/Facades/Facade.php(364): Illuminate/Database/Schema/Builder->create('auth.usuarios', Object(Closure))
#6 C:/Users/Inovacion/Documents/repo/sirpirtt-laravel/database/migrations/2026_08_20_205430_create_table_auth_usuarios.php(14): Illuminate/Support/Facades/Facade::__callStatic('create', Array)
#7 C:/Users/Inovacion/Documents/repo/sirpirtt-laravel/vendor/laravel/framework/src/Illuminate/Database/Migrations/Migrator.php(517): Illuminate/Database/Migrations/Migration@anonymous->up()
#8 C:/Users/Inovacion/Documents/repo/sirpirtt-laravel/vendor/laravel/framework/src/Illuminate/Database/Migrations/Migrator.php(442): Illuminate/Database/Migrations/Migrator->runMethod(Object(Illuminate/Database/PostgresConnection), Object(Illuminate/Database/Migrations/Migration@anonymous), 'up')
#9 C:/Users/Inovacion/Documents/repo/sirpirtt-laravel/vendor/laravel/framework/src/Illuminate/Database/Concerns/ManagesTransactions.php(35): Illuminate/Database/Migrations/Migrator->Illuminate/Database/Migrations/{closure}(Object(Illuminate/Database/PostgresConnection))
#10 C:/Users/Inovacion/Documents/repo/sirpirtt-laravel/vendor/laravel/framework/src/Illuminate/Database/Migrations/Migrator.php(450): Illuminate/Database/Connection->transaction(Object(Closure))
#11 C:/Users/Inovacion/Documents/repo/sirpirtt-laravel/vendor/laravel/framework/src/Illuminate/Database/Migrations/Migrator.php(253): Illuminate/Database/Migrations/Migrator->runMigration(Object(Illuminate/Database/Migrations/Migration@anonymous), 'up', '2026_08_20_2054...')
#12 C:/Users/Inovacion/Documents/repo/sirpirtt-laravel/vendor/laravel/framework/src/Illuminate/Console/View/Components/Task.php(43): Illuminate/Database/Migrations/Migrator->Illuminate/Database/Migrations/{closure}()
#13 C:/Users/Inovacion/Documents/repo/sirpirtt-laravel/vendor/laravel/framework/src/Illuminate/Database/Migrations/Migrator.php(853): Illuminate/Console/View/Components/Task->render('2026_08_20_2054...', Object(Closure))
#14 C:/Users/Inovacion/Documents/repo/sirpirtt-laravel/vendor/laravel/framework/src/Illuminate/Database/Migrations/Migrator.php(253): Illuminate/Database/Migrations/Migrator->write('Illuminate//Cons...', '2026_08_20_2054...', Object(Closure))
#15 C:/Users/Inovacion/Documents/repo/sirpirtt-laravel/vendor/laravel/framework/src/Illuminate/Database/Migrations/Migrator.php(211): Illuminate/Database/Migrations/Migrator->runUp('C://Users//Inovac...', 2, false)
#16 C:/Users/Inovacion/Documents/repo/sirpirtt-laravel/vendor/laravel/framework/src/Illuminate/Database/Migrations/Migrator.php(138): Illuminate/Database/Migrations/Migrator->runPending(Array, Array)
#17 C:/Users/Inovacion/Documents/repo/sirpirtt-laravel/vendor/laravel/framework/src/Illuminate/Database/Console/Migrations/MigrateCommand.php(118): Illuminate/Database/Migrations/Migrator->run(Array, Array)
#18 C:/Users/Inovacion/Documents/repo/sirpirtt-laravel/vendor/laravel/framework/src/Illuminate/Database/Migrations/Migrator.php(672): Illuminate/Database/Console/Migrations/MigrateCommand->Illuminate/Database/Console/Migrations/{closure}()
#19 C:/Users/Inovacion/Documents/repo/sirpirtt-laravel/vendor/laravel/framework/src/Illuminate/Database/Console/Migrations/MigrateCommand.php(111): Illuminate/Database/Migrations/Migrator->usingConnection(NULL, Object(Closure))
#20 C:/Users/Inovacion/Documents/repo/sirpirtt-laravel/vendor/laravel/framework/src/Illuminate/Database/Console/Migrations/MigrateCommand.php(90): Illuminate/Database/Console/Migrations/MigrateCommand->runMigrations()
#21 C:/Users/Inovacion/Documents/repo/sirpirtt-laravel/vendor/laravel/framework/src/Illuminate/Container/BoundMethod.php(36): Illuminate/Database/Console/Migrations/MigrateCommand->handle()
#22 C:/Users/Inovacion/Documents/repo/sirpirtt-laravel/vendor/laravel/framework/src/Illuminate/Container/Util.php(43): Illuminate/Container/BoundMethod::Illuminate/Container/{closure}()
#23 C:/Users/Inovacion/Documents/repo/sirpirtt-laravel/vendor/laravel/framework/src/Illuminate/Container/BoundMethod.php(96): Illuminate/Container/Util::unwrapIfClosure(Object(Closure))
#24 C:/Users/Inovacion/Documents/repo/sirpirtt-laravel/vendor/laravel/framework/src/Illuminate/Container/BoundMethod.php(35): Illuminate/Container/BoundMethod::callBoundMethod(Object(Illuminate/Foundation/Application), Array, Object(Closure))
#25 C:/Users/Inovacion/Documents/repo/sirpirtt-laravel/vendor/laravel/framework/src/Illuminate/Container/Container.php(801): Illuminate/Container/BoundMethod::call(Object(Illuminate/Foundation/Application), Array, Array, NULL)
#26 C:/Users/Inovacion/Documents/repo/sirpirtt-laravel/vendor/laravel/framework/src/Illuminate/Console/Command.php(292): Illuminate/Container/Container->call(Array)
#27 C:/Users/Inovacion/Documents/repo/sirpirtt-laravel/vendor/symfony/console/Command/Command.php(341): Illuminate/Console/Command->execute(Object(Symfony/Component/Console/Input/ArrayInput), Object(Illuminate/Console/OutputStyle))
#28 C:/Users/Inovacion/Documents/repo/sirpirtt-laravel/vendor/laravel/framework/src/Illuminate/Console/Command.php(261): Symfony/Component/Console/Command/Command->run(Object(Symfony/Component/Console/Input/ArrayInput), Object(Illuminate/Console/OutputStyle))
#29 C:/Users/Inovacion/Documents/repo/sirpirtt-laravel/vendor/laravel/framework/src/Illuminate/Console/Concerns/CallsCommands.php(68): Illuminate/Console/Command->run(Object(Symfony/Component/Console/Input/ArrayInput), Object(Illuminate/Console/OutputStyle))
#30 C:/Users/Inovacion/Documents/repo/sirpirtt-laravel/vendor/laravel/framework/src/Illuminate/Console/Concerns/CallsCommands.php(29): Illuminate/Console/Command->runCommand('migrate', Array, Object(Illuminate/Console/OutputStyle))
#31 C:/Users/Inovacion/Documents/repo/sirpirtt-laravel/app/Console/Commands/DatabaseFresh.php(36): Illuminate/Console/Command->call('migrate')
#32 C:/Users/Inovacion/Documents/repo/sirpirtt-laravel/vendor/laravel/framework/src/Illuminate/Container/BoundMethod.php(36): App/Console/Commands/DatabaseFresh->handle()
#33 C:/Users/Inovacion/Documents/repo/sirpirtt-laravel/vendor/laravel/framework/src/Illuminate/Container/Util.php(43): Illuminate/Container/BoundMethod::Illuminate/Container/{closure}()
#34 C:/Users/Inovacion/Documents/repo/sirpirtt-laravel/vendor/laravel/framework/src/Illuminate/Container/BoundMethod.php(96): Illuminate/Container/Util::unwrapIfClosure(Object(Closure))
#35 C:/Users/Inovacion/Documents/repo/sirpirtt-laravel/vendor/laravel/framework/src/Illuminate/Container/BoundMethod.php(35): Illuminate/Container/BoundMethod::callBoundMethod(Object(Illuminate/Foundation/Application), Array, Object(Closure))
#36 C:/Users/Inovacion/Documents/repo/sirpirtt-laravel/vendor/laravel/framework/src/Illuminate/Container/Container.php(801): Illuminate/Container/BoundMethod::call(Object(Illuminate/Foundation/Application), Array, Array, NULL)
#37 C:/Users/Inovacion/Documents/repo/sirpirtt-laravel/vendor/laravel/framework/src/Illuminate/Console/Command.php(292): Illuminate/Container/Container->call(Array)
#38 C:/Users/Inovacion/Documents/repo/sirpirtt-laravel/vendor/symfony/console/Command/Command.php(341): Illuminate/Console/Command->execute(Object(Symfony/Component/Console/Input/ArgvInput), Object(Illuminate/Console/OutputStyle))
#39 C:/Users/Inovacion/Documents/repo/sirpirtt-laravel/vendor/laravel/framework/src/Illuminate/Console/Command.php(261): Symfony/Component/Console/Command/Command->run(Object(Symfony/Component/Console/Input/ArgvInput), Object(Illuminate/Console/OutputStyle))
#40 C:/Users/Inovacion/Documents/repo/sirpirtt-laravel/vendor/symfony/console/Application.php(1117): Illuminate/Console/Command->run(Object(Symfony/Component/Console/Input/ArgvInput), Object(Symfony/Component/Console/Output/ConsoleOutput))
#41 C:/Users/Inovacion/Documents/repo/sirpirtt-laravel/vendor/symfony/console/Application.php(356): Symfony/Component/Console/Application->doRunCommand(Object(App/Console/Commands/DatabaseFresh), Object(Symfony/Component/Console/Input/ArgvInput), Object(Symfony/Component/Console/Output/ConsoleOutput))
#42 C:/Users/Inovacion/Documents/repo/sirpirtt-laravel/vendor/symfony/console/Application.php(195): Symfony/Component/Console/Application->doRun(Object(Symfony/Component/Console/Input/ArgvInput), Object(Symfony/Component/Console/Output/ConsoleOutput))
#43 C:/Users/Inovacion/Documents/repo/sirpirtt-laravel/vendor/laravel/framework/src/Illuminate/Foundation/Console/Kernel.php(198): Symfony/Component/Console/Application->run(Object(Symfony/Component/Console/Input/ArgvInput), Object(Symfony/Component/Console/Output/ConsoleOutput))
#44 C:/Users/Inovacion/Documents/repo/sirpirtt-laravel/vendor/laravel/framework/src/Illuminate/Foundation/Application.php(1242): Illuminate/Foundation/Console/Kernel->handle(Object(Symfony/Component/Console/Input/ArgvInput), Object(Symfony/Component/Console/Output/ConsoleOutput))
#45 C:/Users/Inovacion/Documents/repo/sirpirtt-laravel/artisan(16): Illuminate/Foundation/Application->handleCommand(Object(Symfony/Component/Console/Input/ArgvInput))
#46 {main}

[previous exception] [object] (PDOException(code: 3F000): SQLSTATE[3F000]: Invalid schema name: 7 ERROR:  schema \"auth\" does not exist at character 14 at C:/Users/Inovacion/Documents/repo/sirpirtt-laravel/vendor/laravel/framework/src/Illuminate/Database/Connection.php:601)
[stacktrace]
#0 C:/Users/Inovacion/Documents/repo/sirpirtt-laravel/vendor/laravel/framework/src/Illuminate/Database/Connection.php(601): PDOStatement->execute()
#1 C:/Users/Inovacion/Documents/repo/sirpirtt-laravel/vendor/laravel/framework/src/Illuminate/Database/Connection.php(846): Illuminate/Database/Connection->Illuminate/Database/{closure}('create table \"a...', Array)
#2 C:/Users/Inovacion/Documents/repo/sirpirtt-laravel/vendor/laravel/framework/src/Illuminate/Database/Connection.php(813): Illuminate/Database/Connection->runQueryCallback('create table \"a...', Array, Object(Closure))
#3 C:/Users/Inovacion/Documents/repo/sirpirtt-laravel/vendor/laravel/framework/src/Illuminate/Database/Connection.php(590): Illuminate/Database/Connection->run('create table \"a...', Array, Object(Closure))
#4 C:/Users/Inovacion/Documents/repo/sirpirtt-laravel/vendor/laravel/framework/src/Illuminate/Database/Schema/Blueprint.php(122): Illuminate/Database/Connection->statement('create table \"a...')
#5 C:/Users/Inovacion/Documents/repo/sirpirtt-laravel/vendor/laravel/framework/src/Illuminate/Database/Schema/Builder.php(702): Illuminate/Database/Schema/Blueprint->build()
#6 C:/Users/Inovacion/Documents/repo/sirpirtt-laravel/vendor/laravel/framework/src/Illuminate/Database/Schema/Builder.php(520): Illuminate/Database/Schema/Builder->build(Object(Illuminate/Database/Schema/Blueprint))
#7 C:/Users/Inovacion/Documents/repo/sirpirtt-laravel/vendor/laravel/framework/src/Illuminate/Support/Facades/Facade.php(364): Illuminate/Database/Schema/Builder->create('auth.usuarios', Object(Closure))
#8 C:/Users/Inovacion/Documents/repo/sirpirtt-laravel/database/migrations/2026_08_20_205430_create_table_auth_usuarios.php(14): Illuminate/Support/Facades/Facade::__callStatic('create', Array)
#9 C:/Users/Inovacion/Documents/repo/sirpirtt-laravel/vendor/laravel/framework/src/Illuminate/Database/Migrations/Migrator.php(517): Illuminate/Database/Migrations/Migration@anonymous->up()
#10 C:/Users/Inovacion/Documents/repo/sirpirtt-laravel/vendor/laravel/framework/src/Illuminate/Database/Migrations/Migrator.php(442): Illuminate/Database/Migrations/Migrator->runMethod(Object(Illuminate/Database/PostgresConnection), Object(Illuminate/Database/Migrations/Migration@anonymous), 'up')
#11 C:/Users/Inovacion/Documents/repo/sirpirtt-laravel/vendor/laravel/framework/src/Illuminate/Database/Concerns/ManagesTransactions.php(35): Illuminate/Database/Migrations/Migrator->Illuminate/Database/Migrations/{closure}(Object(Illuminate/Database/PostgresConnection))
#12 C:/Users/Inovacion/Documents/repo/sirpirtt-laravel/vendor/laravel/framework/src/Illuminate/Database/Migrations/Migrator.php(450): Illuminate/Database/Connection->transaction(Object(Closure))
#13 C:/Users/Inovacion/Documents/repo/sirpirtt-laravel/vendor/laravel/framework/src/Illuminate/Database/Migrations/Migrator.php(253): Illuminate/Database/Migrations/Migrator->runMigration(Object(Illuminate/Database/Migrations/Migration@anonymous), 'up', '2026_08_20_2054...')
#14 C:/Users/Inovacion/Documents/repo/sirpirtt-laravel/vendor/laravel/framework/src/Illuminate/Console/View/Components/Task.php(43): Illuminate/Database/Migrations/Migrator->Illuminate/Database/Migrations/{closure}()
#15 C:/Users/Inovacion/Documents/repo/sirpirtt-laravel/vendor/laravel/framework/src/Illuminate/Database/Migrations/Migrator.php(853): Illuminate/Console/View/Components/Task->render('2026_08_20_2054...', Object(Closure))
#16 C:/Users/Inovacion/Documents/repo/sirpirtt-laravel/vendor/laravel/framework/src/Illuminate/Database/Migrations/Migrator.php(253): Illuminate/Database/Migrations/Migrator->write('Illuminate//Cons...', '2026_08_20_2054...', Object(Closure))
#17 C:/Users/Inovacion/Documents/repo/sirpirtt-laravel/vendor/laravel/framework/src/Illuminate/Database/Migrations/Migrator.php(211): Illuminate/Database/Migrations/Migrator->runUp('C://Users//Inovac...', 2, false)
#18 C:/Users/Inovacion/Documents/repo/sirpirtt-laravel/vendor/laravel/framework/src/Illuminate/Database/Migrations/Migrator.php(138): Illuminate/Database/Migrations/Migrator->runPending(Array, Array)
#19 C:/Users/Inovacion/Documents/repo/sirpirtt-laravel/vendor/laravel/framework/src/Illuminate/Database/Console/Migrations/MigrateCommand.php(118): Illuminate/Database/Migrations/Migrator->run(Array, Array)
#20 C:/Users/Inovacion/Documents/repo/sirpirtt-laravel/vendor/laravel/framework/src/Illuminate/Database/Migrations/Migrator.php(672): Illuminate/Database/Console/Migrations/MigrateCommand->Illuminate/Database/Console/Migrations/{closure}()
#21 C:/Users/Inovacion/Documents/repo/sirpirtt-laravel/vendor/laravel/framework/src/Illuminate/Database/Console/Migrations/MigrateCommand.php(111): Illuminate/Database/Migrations/Migrator->usingConnection(NULL, Object(Closure))
#22 C:/Users/Inovacion/Documents/repo/sirpirtt-laravel/vendor/laravel/framework/src/Illuminate/Database/Console/Migrations/MigrateCommand.php(90): Illuminate/Database/Console/Migrations/MigrateCommand->runMigrations()
#23 C:/Users/Inovacion/Documents/repo/sirpirtt-laravel/vendor/laravel/framework/src/Illuminate/Container/BoundMethod.php(36): Illuminate/Database/Console/Migrations/MigrateCommand->handle()
#24 C:/Users/Inovacion/Documents/repo/sirpirtt-laravel/vendor/laravel/framework/src/Illuminate/Container/Util.php(43): Illuminate/Container/BoundMethod::Illuminate/Container/{closure}()
#25 C:/Users/Inovacion/Documents/repo/sirpirtt-laravel/vendor/laravel/framework/src/Illuminate/Container/BoundMethod.php(96): Illuminate/Container/Util::unwrapIfClosure(Object(Closure))
#26 C:/Users/Inovacion/Documents/repo/sirpirtt-laravel/vendor/laravel/framework/src/Illuminate/Container/BoundMethod.php(35): Illuminate/Container/BoundMethod::callBoundMethod(Object(Illuminate/Foundation/Application), Array, Object(Closure))
#27 C:/Users/Inovacion/Documents/repo/sirpirtt-laravel/vendor/laravel/framework/src/Illuminate/Container/Container.php(801): Illuminate/Container/BoundMethod::call(Object(Illuminate/Foundation/Application), Array, Array, NULL)
#28 C:/Users/Inovacion/Documents/repo/sirpirtt-laravel/vendor/laravel/framework/src/Illuminate/Console/Command.php(292): Illuminate/Container/Container->call(Array)
#29 C:/Users/Inovacion/Documents/repo/sirpirtt-laravel/vendor/symfony/console/Command/Command.php(341): Illuminate/Console/Command->execute(Object(Symfony/Component/Console/Input/ArrayInput), Object(Illuminate/Console/OutputStyle))
#30 C:/Users/Inovacion/Documents/repo/sirpirtt-laravel/vendor/laravel/framework/src/Illuminate/Console/Command.php(261): Symfony/Component/Console/Command/Command->run(Object(Symfony/Component/Console/Input/ArrayInput), Object(Illuminate/Console/OutputStyle))
#31 C:/Users/Inovacion/Documents/repo/sirpirtt-laravel/vendor/laravel/framework/src/Illuminate/Console/Concerns/CallsCommands.php(68): Illuminate/Console/Command->run(Object(Symfony/Component/Console/Input/ArrayInput), Object(Illuminate/Console/OutputStyle))
#32 C:/Users/Inovacion/Documents/repo/sirpirtt-laravel/vendor/laravel/framework/src/Illuminate/Console/Concerns/CallsCommands.php(29): Illuminate/Console/Command->runCommand('migrate', Array, Object(Illuminate/Console/OutputStyle))
#33 C:/Users/Inovacion/Documents/repo/sirpirtt-laravel/app/Console/Commands/DatabaseFresh.php(36): Illuminate/Console/Command->call('migrate')
#34 C:/Users/Inovacion/Documents/repo/sirpirtt-laravel/vendor/laravel/framework/src/Illuminate/Container/BoundMethod.php(36): App/Console/Commands/DatabaseFresh->handle()
#35 C:/Users/Inovacion/Documents/repo/sirpirtt-laravel/vendor/laravel/framework/src/Illuminate/Container/Util.php(43): Illuminate/Container/BoundMethod::Illuminate/Container/{closure}()
#36 C:/Users/Inovacion/Documents/repo/sirpirtt-laravel/vendor/laravel/framework/src/Illuminate/Container/BoundMethod.php(96): Illuminate/Container/Util::unwrapIfClosure(Object(Closure))
#37 C:/Users/Inovacion/Documents/repo/sirpirtt-laravel/vendor/laravel/framework/src/Illuminate/Container/BoundMethod.php(35): Illuminate/Container/BoundMethod::callBoundMethod(Object(Illuminate/Foundation/Application), Array, Object(Closure))
#38 C:/Users/Inovacion/Documents/repo/sirpirtt-laravel/vendor/laravel/framework/src/Illuminate/Container/Container.php(801): Illuminate/Container/BoundMethod::call(Object(Illuminate/Foundation/Application), Array, Array, NULL)
#39 C:/Users/Inovacion/Documents/repo/sirpirtt-laravel/vendor/laravel/framework/src/Illuminate/Console/Command.php(292): Illuminate/Container/Container->call(Array)
#40 C:/Users/Inovacion/Documents/repo/sirpirtt-laravel/vendor/symfony/console/Command/Command.php(341): Illuminate/Console/Command->execute(Object(Symfony/Component/Console/Input/ArgvInput), Object(Illuminate/Console/OutputStyle))
#41 C:/Users/Inovacion/Documents/repo/sirpirtt-laravel/vendor/laravel/framework/src/Illuminate/Console/Command.php(261): Symfony/Component/Console/Command/Command->run(Object(Symfony/Component/Console/Input/ArgvInput), Object(Illuminate/Console/OutputStyle))
#42 C:/Users/Inovacion/Documents/repo/sirpirtt-laravel/vendor/symfony/console/Application.php(1117): Illuminate/Console/Command->run(Object(Symfony/Component/Console/Input/ArgvInput), Object(Symfony/Component/Console/Output/ConsoleOutput))
#43 C:/Users/Inovacion/Documents/repo/sirpirtt-laravel/vendor/symfony/console/Application.php(356): Symfony/Component/Console/Application->doRunCommand(Object(App/Console/Commands/DatabaseFresh), Object(Symfony/Component/Console/Input/ArgvInput), Object(Symfony/Component/Console/Output/ConsoleOutput))
#44 C:/Users/Inovacion/Documents/repo/sirpirtt-laravel/vendor/symfony/console/Application.php(195): Symfony/Component/Console/Application->doRun(Object(Symfony/Component/Console/Input/ArgvInput), Object(Symfony/Component/Console/Output/ConsoleOutput))
#45 C:/Users/Inovacion/Documents/repo/sirpirtt-laravel/vendor/laravel/framework/src/Illuminate/Foundation/Console/Kernel.php(198): Symfony/Component/Console/Application->run(Object(Symfony/Component/Console/Input/ArgvInput), Object(Symfony/Component/Console/Output/ConsoleOutput))
#46 C:/Users/Inovacion/Documents/repo/sirpirtt-laravel/vendor/laravel/framework/src/Illuminate/Foundation/Application.php(1242): Illuminate/Foundation/Console/Kernel->handle(Object(Symfony/Component/Console/Input/ArgvInput), Object(Symfony/Component/Console/Output/ConsoleOutput))
#47 C:/Users/Inovacion/Documents/repo/sirpirtt-laravel/artisan(16): Illuminate/Foundation/Application->handleCommand(Object(Symfony/Component/Console/Input/ArgvInput))
#48 {main}
"} 
[2026-08-27 19:47:54] local.ERROR: Uncaught InvalidArgumentException: Please provide a valid cache path. in C:\Users\Inovacion\Documents\repo\sirpirtt-laravel\vendor\laravel\framework\src\Illuminate\View\Compilers\Compiler.php:75
Stack trace:
#0 C:\Users\Inovacion\Documents\repo\sirpirtt-laravel\vendor\laravel\framework\src\Illuminate\View\ViewServiceProvider.php(97): Illuminate\View\Compilers\Compiler->__construct(Object(Illuminate\Filesystem\Filesystem), false, '', true, 'php', true)
#1 C:\Users\Inovacion\Documents\repo\sirpirtt-laravel\vendor\laravel\framework\src\Illuminate\Container\Container.php(1138): Illuminate\View\ViewServiceProvider->Illuminate\View\{closure}(Object(Illuminate\Foundation\Application), Array)
#2 C:\Users\Inovacion\Documents\repo\sirpirtt-laravel\vendor\laravel\framework\src\Illuminate\Container\Container.php(937): Illuminate\Container\Container->build(Object(Closure))
#3 C:\Users\Inovacion\Documents\repo\sirpirtt-laravel\vendor\laravel\framework\src\Illuminate\Foundation\Application.php(1085): Illuminate\Container\Container->resolve('blade.compiler', Array, true)
#4 C:\Users\Inovacion\Documents\repo\sirpirtt-laravel\vendor\laravel\framework\src\Illuminate\Container\Container.php(865): Illuminate\Foundation\Application->resolve('blade.compiler', Array)
#5 C:\Users\Inovacion\Documents\repo\sirpirtt-laravel\vendor\laravel\framework\src\Illuminate\Foundation\Application.php(1065): Illuminate\Container\Container->make('blade.compiler', Array)
#6 C:\Users\Inovacion\Documents\repo\sirpirtt-laravel\vendor\laravel\framework\src\Illuminate\Foundation\helpers.php(138): Illuminate\Foundation\Application->make('blade.compiler', Array)
#7 Command line code(1): app('Illuminate\\View...')
#8 {main}
  thrown {"exception":"[object] (Symfony\\Component\\ErrorHandler\\Error\\FatalError(code: 0): Uncaught InvalidArgumentException: Please provide a valid cache path. in C:\\Users\\Inovacion\\Documents\\repo\\sirpirtt-laravel\\vendor\\laravel\\framework\\src\\Illuminate\\View\\Compilers\\Compiler.php:75
Stack trace:
#0 C:\\Users\\Inovacion\\Documents\\repo\\sirpirtt-laravel\\vendor\\laravel\\framework\\src\\Illuminate\\View\\ViewServiceProvider.php(97): Illuminate\\View\\Compilers\\Compiler->__construct(Object(Illuminate\\Filesystem\\Filesystem), false, '', true, 'php', true)
#1 C:\\Users\\Inovacion\\Documents\\repo\\sirpirtt-laravel\\vendor\\laravel\\framework\\src\\Illuminate\\Container\\Container.php(1138): Illuminate\\View\\ViewServiceProvider->Illuminate\\View\\{closure}(Object(Illuminate\\Foundation\\Application), Array)
#2 C:\\Users\\Inovacion\\Documents\\repo\\sirpirtt-laravel\\vendor\\laravel\\framework\\src\\Illuminate\\Container\\Container.php(937): Illuminate\\Container\\Container->build(Object(Closure))
#3 C:\\Users\\Inovacion\\Documents\\repo\\sirpirtt-laravel\\vendor\\laravel\\framework\\src\\Illuminate\\Foundation\\Application.php(1085): Illuminate\\Container\\Container->resolve('blade.compiler', Array, true)
#4 C:\\Users\\Inovacion\\Documents\\repo\\sirpirtt-laravel\\vendor\\laravel\\framework\\src\\Illuminate\\Container\\Container.php(865): Illuminate\\Foundation\\Application->resolve('blade.compiler', Array)
#5 C:\\Users\\Inovacion\\Documents\\repo\\sirpirtt-laravel\\vendor\\laravel\\framework\\src\\Illuminate\\Foundation\\Application.php(1065): Illuminate\\Container\\Container->make('blade.compiler', Array)
#6 C:\\Users\\Inovacion\\Documents\\repo\\sirpirtt-laravel\\vendor\\laravel\\framework\\src\\Illuminate\\Foundation\\helpers.php(138): Illuminate\\Foundation\\Application->make('blade.compiler', Array)
#7 Command line code(1): app('Illuminate\\\\View...')
#8 {main}
  thrown at C:/Users/Inovacion/Documents/repo/sirpirtt-laravel/vendor/laravel/framework/src/Illuminate/View/Compilers/Compiler.php:75)
[stacktrace]
#0 {main}
"} 
[2026-08-27 19:48:11] local.ERROR: SQLSTATE[42P07]: Duplicate table: 7 ERROR:  relation "estados" already exists (Connection: pgsql, Host: contenedores06.bcs.gob.mx, Port: 5404, Database: Sirpirtt, SQL: create table "geo"."estados" ("id" bigserial not null primary key, "estado_id" bigint not null, "clave" varchar(255) not null, "nombre" varchar(255) not null, "is_active" boolean not null default '1', "created_at" timestamp(0) without time zone null, "updated_at" timestamp(0) without time zone null, "deleted_at" timestamp(0) without time zone null)) {"exception":"[object] (Illuminate\\Database\\QueryException(code: 42P07): SQLSTATE[42P07]: Duplicate table: 7 ERROR:  relation \"estados\" already exists (Connection: pgsql, Host: contenedores06.bcs.gob.mx, Port: 5404, Database: Sirpirtt, SQL: create table \"geo\".\"estados\" (\"id\" bigserial not null primary key, \"estado_id\" bigint not null, \"clave\" varchar(255) not null, \"nombre\" varchar(255) not null, \"is_active\" boolean not null default '1', \"created_at\" timestamp(0) without time zone null, \"updated_at\" timestamp(0) without time zone null, \"deleted_at\" timestamp(0) without time zone null)) at C:/Users/Inovacion/Documents/repo/sirpirtt-laravel/vendor/laravel/framework/src/Illuminate/Database/Connection.php:857)
[stacktrace]
#0 C:/Users/Inovacion/Documents/repo/sirpirtt-laravel/vendor/laravel/framework/src/Illuminate/Database/Connection.php(813): Illuminate/Database/Connection->runQueryCallback('create table \"g...', Array, Object(Closure))
#1 C:/Users/Inovacion/Documents/repo/sirpirtt-laravel/vendor/laravel/framework/src/Illuminate/Database/Connection.php(590): Illuminate/Database/Connection->run('create table \"g...', Array, Object(Closure))
#2 C:/Users/Inovacion/Documents/repo/sirpirtt-laravel/vendor/laravel/framework/src/Illuminate/Database/Schema/Blueprint.php(122): Illuminate/Database/Connection->statement('create table \"g...')
#3 C:/Users/Inovacion/Documents/repo/sirpirtt-laravel/vendor/laravel/framework/src/Illuminate/Database/Schema/Builder.php(702): Illuminate/Database/Schema/Blueprint->build()
#4 C:/Users/Inovacion/Documents/repo/sirpirtt-laravel/vendor/laravel/framework/src/Illuminate/Database/Schema/Builder.php(520): Illuminate/Database/Schema/Builder->build(Object(Illuminate/Database/Schema/Blueprint))
#5 C:/Users/Inovacion/Documents/repo/sirpirtt-laravel/vendor/laravel/framework/src/Illuminate/Support/Facades/Facade.php(364): Illuminate/Database/Schema/Builder->create('geo.estados', Object(Closure))
#6 C:/Users/Inovacion/Documents/repo/sirpirtt-laravel/database/migrations/2026_08_27_193146_create_table_geo_municipios.php(14): Illuminate/Support/Facades/Facade::__callStatic('create', Array)
#7 C:/Users/Inovacion/Documents/repo/sirpirtt-laravel/vendor/laravel/framework/src/Illuminate/Database/Migrations/Migrator.php(517): Illuminate/Database/Migrations/Migration@anonymous->up()
#8 C:/Users/Inovacion/Documents/repo/sirpirtt-laravel/vendor/laravel/framework/src/Illuminate/Database/Migrations/Migrator.php(442): Illuminate/Database/Migrations/Migrator->runMethod(Object(Illuminate/Database/PostgresConnection), Object(Illuminate/Database/Migrations/Migration@anonymous), 'up')
#9 C:/Users/Inovacion/Documents/repo/sirpirtt-laravel/vendor/laravel/framework/src/Illuminate/Database/Concerns/ManagesTransactions.php(35): Illuminate/Database/Migrations/Migrator->Illuminate/Database/Migrations/{closure}(Object(Illuminate/Database/PostgresConnection))
#10 C:/Users/Inovacion/Documents/repo/sirpirtt-laravel/vendor/laravel/framework/src/Illuminate/Database/Migrations/Migrator.php(450): Illuminate/Database/Connection->transaction(Object(Closure))
#11 C:/Users/Inovacion/Documents/repo/sirpirtt-laravel/vendor/laravel/framework/src/Illuminate/Database/Migrations/Migrator.php(253): Illuminate/Database/Migrations/Migrator->runMigration(Object(Illuminate/Database/Migrations/Migration@anonymous), 'up', '2026_08_27_1931...')
#12 C:/Users/Inovacion/Documents/repo/sirpirtt-laravel/vendor/laravel/framework/src/Illuminate/Console/View/Components/Task.php(43): Illuminate/Database/Migrations/Migrator->Illuminate/Database/Migrations/{closure}()
#13 C:/Users/Inovacion/Documents/repo/sirpirtt-laravel/vendor/laravel/framework/src/Illuminate/Database/Migrations/Migrator.php(853): Illuminate/Console/View/Components/Task->render('2026_08_27_1931...', Object(Closure))
#14 C:/Users/Inovacion/Documents/repo/sirpirtt-laravel/vendor/laravel/framework/src/Illuminate/Database/Migrations/Migrator.php(253): Illuminate/Database/Migrations/Migrator->write('Illuminate//Cons...', '2026_08_27_1931...', Object(Closure))
#15 C:/Users/Inovacion/Documents/repo/sirpirtt-laravel/vendor/laravel/framework/src/Illuminate/Database/Migrations/Migrator.php(211): Illuminate/Database/Migrations/Migrator->runUp('C://Users//Inovac...', 1, false)
#16 C:/Users/Inovacion/Documents/repo/sirpirtt-laravel/vendor/laravel/framework/src/Illuminate/Database/Migrations/Migrator.php(138): Illuminate/Database/Migrations/Migrator->runPending(Array, Array)
#17 C:/Users/Inovacion/Documents/repo/sirpirtt-laravel/vendor/laravel/framework/src/Illuminate/Database/Console/Migrations/MigrateCommand.php(118): Illuminate/Database/Migrations/Migrator->run(Array, Array)
#18 C:/Users/Inovacion/Documents/repo/sirpirtt-laravel/vendor/laravel/framework/src/Illuminate/Database/Migrations/Migrator.php(672): Illuminate/Database/Console/Migrations/MigrateCommand->Illuminate/Database/Console/Migrations/{closure}()
#19 C:/Users/Inovacion/Documents/repo/sirpirtt-laravel/vendor/laravel/framework/src/Illuminate/Database/Console/Migrations/MigrateCommand.php(111): Illuminate/Database/Migrations/Migrator->usingConnection(NULL, Object(Closure))
#20 C:/Users/Inovacion/Documents/repo/sirpirtt-laravel/vendor/laravel/framework/src/Illuminate/Database/Console/Migrations/MigrateCommand.php(90): Illuminate/Database/Console/Migrations/MigrateCommand->runMigrations()
#21 C:/Users/Inovacion/Documents/repo/sirpirtt-laravel/vendor/laravel/framework/src/Illuminate/Container/BoundMethod.php(36): Illuminate/Database/Console/Migrations/MigrateCommand->handle()
#22 C:/Users/Inovacion/Documents/repo/sirpirtt-laravel/vendor/laravel/framework/src/Illuminate/Container/Util.php(43): Illuminate/Container/BoundMethod::Illuminate/Container/{closure}()
#23 C:/Users/Inovacion/Documents/repo/sirpirtt-laravel/vendor/laravel/framework/src/Illuminate/Container/BoundMethod.php(96): Illuminate/Container/Util::unwrapIfClosure(Object(Closure))
#24 C:/Users/Inovacion/Documents/repo/sirpirtt-laravel/vendor/laravel/framework/src/Illuminate/Container/BoundMethod.php(35): Illuminate/Container/BoundMethod::callBoundMethod(Object(Illuminate/Foundation/Application), Array, Object(Closure))
#25 C:/Users/Inovacion/Documents/repo/sirpirtt-laravel/vendor/laravel/framework/src/Illuminate/Container/Container.php(801): Illuminate/Container/BoundMethod::call(Object(Illuminate/Foundation/Application), Array, Array, NULL)
#26 C:/Users/Inovacion/Documents/repo/sirpirtt-laravel/vendor/laravel/framework/src/Illuminate/Console/Command.php(292): Illuminate/Container/Container->call(Array)
#27 C:/Users/Inovacion/Documents/repo/sirpirtt-laravel/vendor/symfony/console/Command/Command.php(341): Illuminate/Console/Command->execute(Object(Symfony/Component/Console/Input/ArrayInput), Object(Illuminate/Console/OutputStyle))
#28 C:/Users/Inovacion/Documents/repo/sirpirtt-laravel/vendor/laravel/framework/src/Illuminate/Console/Command.php(261): Symfony/Component/Console/Command/Command->run(Object(Symfony/Component/Console/Input/ArrayInput), Object(Illuminate/Console/OutputStyle))
#29 C:/Users/Inovacion/Documents/repo/sirpirtt-laravel/vendor/laravel/framework/src/Illuminate/Console/Concerns/CallsCommands.php(68): Illuminate/Console/Command->run(Object(Symfony/Component/Console/Input/ArrayInput), Object(Illuminate/Console/OutputStyle))
#30 C:/Users/Inovacion/Documents/repo/sirpirtt-laravel/vendor/laravel/framework/src/Illuminate/Console/Concerns/CallsCommands.php(29): Illuminate/Console/Command->runCommand('migrate', Array, Object(Illuminate/Console/OutputStyle))
#31 C:/Users/Inovacion/Documents/repo/sirpirtt-laravel/vendor/laravel/framework/src/Illuminate/Database/Console/Migrations/FreshCommand.php(96): Illuminate/Console/Command->call('migrate', Array)
#32 C:/Users/Inovacion/Documents/repo/sirpirtt-laravel/vendor/laravel/framework/src/Illuminate/Container/BoundMethod.php(36): Illuminate/Database/Console/Migrations/FreshCommand->handle()
#33 C:/Users/Inovacion/Documents/repo/sirpirtt-laravel/vendor/laravel/framework/src/Illuminate/Container/Util.php(43): Illuminate/Container/BoundMethod::Illuminate/Container/{closure}()
#34 C:/Users/Inovacion/Documents/repo/sirpirtt-laravel/vendor/laravel/framework/src/Illuminate/Container/BoundMethod.php(96): Illuminate/Container/Util::unwrapIfClosure(Object(Closure))
#35 C:/Users/Inovacion/Documents/repo/sirpirtt-laravel/vendor/laravel/framework/src/Illuminate/Container/BoundMethod.php(35): Illuminate/Container/BoundMethod::callBoundMethod(Object(Illuminate/Foundation/Application), Array, Object(Closure))
#36 C:/Users/Inovacion/Documents/repo/sirpirtt-laravel/vendor/laravel/framework/src/Illuminate/Container/Container.php(801): Illuminate/Container/BoundMethod::call(Object(Illuminate/Foundation/Application), Array, Array, NULL)
#37 C:/Users/Inovacion/Documents/repo/sirpirtt-laravel/vendor/laravel/framework/src/Illuminate/Console/Command.php(292): Illuminate/Container/Container->call(Array)
#38 C:/Users/Inovacion/Documents/repo/sirpirtt-laravel/vendor/symfony/console/Command/Command.php(341): Illuminate/Console/Command->execute(Object(Symfony/Component/Console/Input/ArgvInput), Object(Illuminate/Console/OutputStyle))
#39 C:/Users/Inovacion/Documents/repo/sirpirtt-laravel/vendor/laravel/framework/src/Illuminate/Console/Command.php(261): Symfony/Component/Console/Command/Command->run(Object(Symfony/Component/Console/Input/ArgvInput), Object(Illuminate/Console/OutputStyle))
#40 C:/Users/Inovacion/Documents/repo/sirpirtt-laravel/vendor/symfony/console/Application.php(1117): Illuminate/Console/Command->run(Object(Symfony/Component/Console/Input/ArgvInput), Object(Symfony/Component/Console/Output/ConsoleOutput))
#41 C:/Users/Inovacion/Documents/repo/sirpirtt-laravel/vendor/symfony/console/Application.php(356): Symfony/Component/Console/Application->doRunCommand(Object(Illuminate/Database/Console/Migrations/FreshCommand), Object(Symfony/Component/Console/Input/ArgvInput), Object(Symfony/Component/Console/Output/ConsoleOutput))
#42 C:/Users/Inovacion/Documents/repo/sirpirtt-laravel/vendor/symfony/console/Application.php(195): Symfony/Component/Console/Application->doRun(Object(Symfony/Component/Console/Input/ArgvInput), Object(Symfony/Component/Console/Output/ConsoleOutput))
#43 C:/Users/Inovacion/Documents/repo/sirpirtt-laravel/vendor/laravel/framework/src/Illuminate/Foundation/Console/Kernel.php(198): Symfony/Component/Console/Application->run(Object(Symfony/Component/Console/Input/ArgvInput), Object(Symfony/Component/Console/Output/ConsoleOutput))
#44 C:/Users/Inovacion/Documents/repo/sirpirtt-laravel/vendor/laravel/framework/src/Illuminate/Foundation/Application.php(1242): Illuminate/Foundation/Console/Kernel->handle(Object(Symfony/Component/Console/Input/ArgvInput), Object(Symfony/Component/Console/Output/ConsoleOutput))
#45 C:/Users/Inovacion/Documents/repo/sirpirtt-laravel/artisan(16): Illuminate/Foundation/Application->handleCommand(Object(Symfony/Component/Console/Input/ArgvInput))
#46 {main}

[previous exception] [object] (PDOException(code: 42P07): SQLSTATE[42P07]: Duplicate table: 7 ERROR:  relation \"estados\" already exists at C:/Users/Inovacion/Documents/repo/sirpirtt-laravel/vendor/laravel/framework/src/Illuminate/Database/Connection.php:601)
[stacktrace]
#0 C:/Users/Inovacion/Documents/repo/sirpirtt-laravel/vendor/laravel/framework/src/Illuminate/Database/Connection.php(601): PDOStatement->execute()
#1 C:/Users/Inovacion/Documents/repo/sirpirtt-laravel/vendor/laravel/framework/src/Illuminate/Database/Connection.php(846): Illuminate/Database/Connection->Illuminate/Database/{closure}('create table \"g...', Array)
#2 C:/Users/Inovacion/Documents/repo/sirpirtt-laravel/vendor/laravel/framework/src/Illuminate/Database/Connection.php(813): Illuminate/Database/Connection->runQueryCallback('create table \"g...', Array, Object(Closure))
#3 C:/Users/Inovacion/Documents/repo/sirpirtt-laravel/vendor/laravel/framework/src/Illuminate/Database/Connection.php(590): Illuminate/Database/Connection->run('create table \"g...', Array, Object(Closure))
#4 C:/Users/Inovacion/Documents/repo/sirpirtt-laravel/vendor/laravel/framework/src/Illuminate/Database/Schema/Blueprint.php(122): Illuminate/Database/Connection->statement('create table \"g...')
#5 C:/Users/Inovacion/Documents/repo/sirpirtt-laravel/vendor/laravel/framework/src/Illuminate/Database/Schema/Builder.php(702): Illuminate/Database/Schema/Blueprint->build()
#6 C:/Users/Inovacion/Documents/repo/sirpirtt-laravel/vendor/laravel/framework/src/Illuminate/Database/Schema/Builder.php(520): Illuminate/Database/Schema/Builder->build(Object(Illuminate/Database/Schema/Blueprint))
#7 C:/Users/Inovacion/Documents/repo/sirpirtt-laravel/vendor/laravel/framework/src/Illuminate/Support/Facades/Facade.php(364): Illuminate/Database/Schema/Builder->create('geo.estados', Object(Closure))
#8 C:/Users/Inovacion/Documents/repo/sirpirtt-laravel/database/migrations/2026_08_27_193146_create_table_geo_municipios.php(14): Illuminate/Support/Facades/Facade::__callStatic('create', Array)
#9 C:/Users/Inovacion/Documents/repo/sirpirtt-laravel/vendor/laravel/framework/src/Illuminate/Database/Migrations/Migrator.php(517): Illuminate/Database/Migrations/Migration@anonymous->up()
#10 C:/Users/Inovacion/Documents/repo/sirpirtt-laravel/vendor/laravel/framework/src/Illuminate/Database/Migrations/Migrator.php(442): Illuminate/Database/Migrations/Migrator->runMethod(Object(Illuminate/Database/PostgresConnection), Object(Illuminate/Database/Migrations/Migration@anonymous), 'up')
#11 C:/Users/Inovacion/Documents/repo/sirpirtt-laravel/vendor/laravel/framework/src/Illuminate/Database/Concerns/ManagesTransactions.php(35): Illuminate/Database/Migrations/Migrator->Illuminate/Database/Migrations/{closure}(Object(Illuminate/Database/PostgresConnection))
#12 C:/Users/Inovacion/Documents/repo/sirpirtt-laravel/vendor/laravel/framework/src/Illuminate/Database/Migrations/Migrator.php(450): Illuminate/Database/Connection->transaction(Object(Closure))
#13 C:/Users/Inovacion/Documents/repo/sirpirtt-laravel/vendor/laravel/framework/src/Illuminate/Database/Migrations/Migrator.php(253): Illuminate/Database/Migrations/Migrator->runMigration(Object(Illuminate/Database/Migrations/Migration@anonymous), 'up', '2026_08_27_1931...')
#14 C:/Users/Inovacion/Documents/repo/sirpirtt-laravel/vendor/laravel/framework/src/Illuminate/Console/View/Components/Task.php(43): Illuminate/Database/Migrations/Migrator->Illuminate/Database/Migrations/{closure}()
#15 C:/Users/Inovacion/Documents/repo/sirpirtt-laravel/vendor/laravel/framework/src/Illuminate/Database/Migrations/Migrator.php(853): Illuminate/Console/View/Components/Task->render('2026_08_27_1931...', Object(Closure))
#16 C:/Users/Inovacion/Documents/repo/sirpirtt-laravel/vendor/laravel/framework/src/Illuminate/Database/Migrations/Migrator.php(253): Illuminate/Database/Migrations/Migrator->write('Illuminate//Cons...', '2026_08_27_1931...', Object(Closure))
#17 C:/Users/Inovacion/Documents/repo/sirpirtt-laravel/vendor/laravel/framework/src/Illuminate/Database/Migrations/Migrator.php(211): Illuminate/Database/Migrations/Migrator->runUp('C://Users//Inovac...', 1, false)
#18 C:/Users/Inovacion/Documents/repo/sirpirtt-laravel/vendor/laravel/framework/src/Illuminate/Database/Migrations/Migrator.php(138): Illuminate/Database/Migrations/Migrator->runPending(Array, Array)
#19 C:/Users/Inovacion/Documents/repo/sirpirtt-laravel/vendor/laravel/framework/src/Illuminate/Database/Console/Migrations/MigrateCommand.php(118): Illuminate/Database/Migrations/Migrator->run(Array, Array)
#20 C:/Users/Inovacion/Documents/repo/sirpirtt-laravel/vendor/laravel/framework/src/Illuminate/Database/Migrations/Migrator.php(672): Illuminate/Database/Console/Migrations/MigrateCommand->Illuminate/Database/Console/Migrations/{closure}()
#21 C:/Users/Inovacion/Documents/repo/sirpirtt-laravel/vendor/laravel/framework/src/Illuminate/Database/Console/Migrations/MigrateCommand.php(111): Illuminate/Database/Migrations/Migrator->usingConnection(NULL, Object(Closure))
#22 C:/Users/Inovacion/Documents/repo/sirpirtt-laravel/vendor/laravel/framework/src/Illuminate/Database/Console/Migrations/MigrateCommand.php(90): Illuminate/Database/Console/Migrations/MigrateCommand->runMigrations()
#23 C:/Users/Inovacion/Documents/repo/sirpirtt-laravel/vendor/laravel/framework/src/Illuminate/Container/BoundMethod.php(36): Illuminate/Database/Console/Migrations/MigrateCommand->handle()
#24 C:/Users/Inovacion/Documents/repo/sirpirtt-laravel/vendor/laravel/framework/src/Illuminate/Container/Util.php(43): Illuminate/Container/BoundMethod::Illuminate/Container/{closure}()
#25 C:/Users/Inovacion/Documents/repo/sirpirtt-laravel/vendor/laravel/framework/src/Illuminate/Container/BoundMethod.php(96): Illuminate/Container/Util::unwrapIfClosure(Object(Closure))
#26 C:/Users/Inovacion/Documents/repo/sirpirtt-laravel/vendor/laravel/framework/src/Illuminate/Container/BoundMethod.php(35): Illuminate/Container/BoundMethod::callBoundMethod(Object(Illuminate/Foundation/Application), Array, Object(Closure))
#27 C:/Users/Inovacion/Documents/repo/sirpirtt-laravel/vendor/laravel/framework/src/Illuminate/Container/Container.php(801): Illuminate/Container/BoundMethod::call(Object(Illuminate/Foundation/Application), Array, Array, NULL)
#28 C:/Users/Inovacion/Documents/repo/sirpirtt-laravel/vendor/laravel/framework/src/Illuminate/Console/Command.php(292): Illuminate/Container/Container->call(Array)
#29 C:/Users/Inovacion/Documents/repo/sirpirtt-laravel/vendor/symfony/console/Command/Command.php(341): Illuminate/Console/Command->execute(Object(Symfony/Component/Console/Input/ArrayInput), Object(Illuminate/Console/OutputStyle))
#30 C:/Users/Inovacion/Documents/repo/sirpirtt-laravel/vendor/laravel/framework/src/Illuminate/Console/Command.php(261): Symfony/Component/Console/Command/Command->run(Object(Symfony/Component/Console/Input/ArrayInput), Object(Illuminate/Console/OutputStyle))
#31 C:/Users/Inovacion/Documents/repo/sirpirtt-laravel/vendor/laravel/framework/src/Illuminate/Console/Concerns/CallsCommands.php(68): Illuminate/Console/Command->run(Object(Symfony/Component/Console/Input/ArrayInput), Object(Illuminate/Console/OutputStyle))
#32 C:/Users/Inovacion/Documents/repo/sirpirtt-laravel/vendor/laravel/framework/src/Illuminate/Console/Concerns/CallsCommands.php(29): Illuminate/Console/Command->runCommand('migrate', Array, Object(Illuminate/Console/OutputStyle))
#33 C:/Users/Inovacion/Documents/repo/sirpirtt-laravel/vendor/laravel/framework/src/Illuminate/Database/Console/Migrations/FreshCommand.php(96): Illuminate/Console/Command->call('migrate', Array)
#34 C:/Users/Inovacion/Documents/repo/sirpirtt-laravel/vendor/laravel/framework/src/Illuminate/Container/BoundMethod.php(36): Illuminate/Database/Console/Migrations/FreshCommand->handle()
#35 C:/Users/Inovacion/Documents/repo/sirpirtt-laravel/vendor/laravel/framework/src/Illuminate/Container/Util.php(43): Illuminate/Container/BoundMethod::Illuminate/Container/{closure}()
#36 C:/Users/Inovacion/Documents/repo/sirpirtt-laravel/vendor/laravel/framework/src/Illuminate/Container/BoundMethod.php(96): Illuminate/Container/Util::unwrapIfClosure(Object(Closure))
#37 C:/Users/Inovacion/Documents/repo/sirpirtt-laravel/vendor/laravel/framework/src/Illuminate/Container/BoundMethod.php(35): Illuminate/Container/BoundMethod::callBoundMethod(Object(Illuminate/Foundation/Application), Array, Object(Closure))
#38 C:/Users/Inovacion/Documents/repo/sirpirtt-laravel/vendor/laravel/framework/src/Illuminate/Container/Container.php(801): Illuminate/Container/BoundMethod::call(Object(Illuminate/Foundation/Application), Array, Array, NULL)
#39 C:/Users/Inovacion/Documents/repo/sirpirtt-laravel/vendor/laravel/framework/src/Illuminate/Console/Command.php(292): Illuminate/Container/Container->call(Array)
#40 C:/Users/Inovacion/Documents/repo/sirpirtt-laravel/vendor/symfony/console/Command/Command.php(341): Illuminate/Console/Command->execute(Object(Symfony/Component/Console/Input/ArgvInput), Object(Illuminate/Console/OutputStyle))
#41 C:/Users/Inovacion/Documents/repo/sirpirtt-laravel/vendor/laravel/framework/src/Illuminate/Console/Command.php(261): Symfony/Component/Console/Command/Command->run(Object(Symfony/Component/Console/Input/ArgvInput), Object(Illuminate/Console/OutputStyle))
#42 C:/Users/Inovacion/Documents/repo/sirpirtt-laravel/vendor/symfony/console/Application.php(1117): Illuminate/Console/Command->run(Object(Symfony/Component/Console/Input/ArgvInput), Object(Symfony/Component/Console/Output/ConsoleOutput))
#43 C:/Users/Inovacion/Documents/repo/sirpirtt-laravel/vendor/symfony/console/Application.php(356): Symfony/Component/Console/Application->doRunCommand(Object(Illuminate/Database/Console/Migrations/FreshCommand), Object(Symfony/Component/Console/Input/ArgvInput), Object(Symfony/Component/Console/Output/ConsoleOutput))
#44 C:/Users/Inovacion/Documents/repo/sirpirtt-laravel/vendor/symfony/console/Application.php(195): Symfony/Component/Console/Application->doRun(Object(Symfony/Component/Console/Input/ArgvInput), Object(Symfony/Component/Console/Output/ConsoleOutput))
#45 C:/Users/Inovacion/Documents/repo/sirpirtt-laravel/vendor/laravel/framework/src/Illuminate/Foundation/Console/Kernel.php(198): Symfony/Component/Console/Application->run(Object(Symfony/Component/Console/Input/ArgvInput), Object(Symfony/Component/Console/Output/ConsoleOutput))
#46 C:/Users/Inovacion/Documents/repo/sirpirtt-laravel/vendor/laravel/framework/src/Illuminate/Foundation/Application.php(1242): Illuminate/Foundation/Console/Kernel->handle(Object(Symfony/Component/Console/Input/ArgvInput), Object(Symfony/Component/Console/Output/ConsoleOutput))
#47 C:/Users/Inovacion/Documents/repo/sirpirtt-laravel/artisan(16): Illuminate/Foundation/Application->handleCommand(Object(Symfony/Component/Console/Input/ArgvInput))
#48 {main}
"} 
[2026-08-27 19:48:38] local.ERROR: SQLSTATE[42P07]: Duplicate table: 7 ERROR:  relation "usuarios" already exists (Connection: pgsql, Host: contenedores06.bcs.gob.mx, Port: 5404, Database: Sirpirtt, SQL: create table "auth"."usuarios" ("id" bigserial not null primary key, "nombre" text null, "apellidos" text null, "email" text null, "telefono" text null, "sig_id" integer null, "created_at" timestamp(0) without time zone null, "updated_at" timestamp(0) without time zone null, "deleted_at" timestamp(0) without time zone null)) {"exception":"[object] (Illuminate\\Database\\QueryException(code: 42P07): SQLSTATE[42P07]: Duplicate table: 7 ERROR:  relation \"usuarios\" already exists (Connection: pgsql, Host: contenedores06.bcs.gob.mx, Port: 5404, Database: Sirpirtt, SQL: create table \"auth\".\"usuarios\" (\"id\" bigserial not null primary key, \"nombre\" text null, \"apellidos\" text null, \"email\" text null, \"telefono\" text null, \"sig_id\" integer null, \"created_at\" timestamp(0) without time zone null, \"updated_at\" timestamp(0) without time zone null, \"deleted_at\" timestamp(0) without time zone null)) at C:/Users/Inovacion/Documents/repo/sirpirtt-laravel/vendor/laravel/framework/src/Illuminate/Database/Connection.php:857)
[stacktrace]
#0 C:/Users/Inovacion/Documents/repo/sirpirtt-laravel/vendor/laravel/framework/src/Illuminate/Database/Connection.php(813): Illuminate/Database/Connection->runQueryCallback('create table \"a...', Array, Object(Closure))
#1 C:/Users/Inovacion/Documents/repo/sirpirtt-laravel/vendor/laravel/framework/src/Illuminate/Database/Connection.php(590): Illuminate/Database/Connection->run('create table \"a...', Array, Object(Closure))
#2 C:/Users/Inovacion/Documents/repo/sirpirtt-laravel/vendor/laravel/framework/src/Illuminate/Database/Schema/Blueprint.php(122): Illuminate/Database/Connection->statement('create table \"a...')
#3 C:/Users/Inovacion/Documents/repo/sirpirtt-laravel/vendor/laravel/framework/src/Illuminate/Database/Schema/Builder.php(702): Illuminate/Database/Schema/Blueprint->build()
#4 C:/Users/Inovacion/Documents/repo/sirpirtt-laravel/vendor/laravel/framework/src/Illuminate/Database/Schema/Builder.php(520): Illuminate/Database/Schema/Builder->build(Object(Illuminate/Database/Schema/Blueprint))
#5 C:/Users/Inovacion/Documents/repo/sirpirtt-laravel/vendor/laravel/framework/src/Illuminate/Support/Facades/Facade.php(364): Illuminate/Database/Schema/Builder->create('auth.usuarios', Object(Closure))
#6 C:/Users/Inovacion/Documents/repo/sirpirtt-laravel/database/migrations/2026_08_20_205430_create_table_auth_usuarios.php(14): Illuminate/Support/Facades/Facade::__callStatic('create', Array)
#7 C:/Users/Inovacion/Documents/repo/sirpirtt-laravel/vendor/laravel/framework/src/Illuminate/Database/Migrations/Migrator.php(517): Illuminate/Database/Migrations/Migration@anonymous->up()
#8 C:/Users/Inovacion/Documents/repo/sirpirtt-laravel/vendor/laravel/framework/src/Illuminate/Database/Migrations/Migrator.php(442): Illuminate/Database/Migrations/Migrator->runMethod(Object(Illuminate/Database/PostgresConnection), Object(Illuminate/Database/Migrations/Migration@anonymous), 'up')
#9 C:/Users/Inovacion/Documents/repo/sirpirtt-laravel/vendor/laravel/framework/src/Illuminate/Database/Concerns/ManagesTransactions.php(35): Illuminate/Database/Migrations/Migrator->Illuminate/Database/Migrations/{closure}(Object(Illuminate/Database/PostgresConnection))
#10 C:/Users/Inovacion/Documents/repo/sirpirtt-laravel/vendor/laravel/framework/src/Illuminate/Database/Migrations/Migrator.php(450): Illuminate/Database/Connection->transaction(Object(Closure))
#11 C:/Users/Inovacion/Documents/repo/sirpirtt-laravel/vendor/laravel/framework/src/Illuminate/Database/Migrations/Migrator.php(253): Illuminate/Database/Migrations/Migrator->runMigration(Object(Illuminate/Database/Migrations/Migration@anonymous), 'up', '2026_08_20_2054...')
#12 C:/Users/Inovacion/Documents/repo/sirpirtt-laravel/vendor/laravel/framework/src/Illuminate/Console/View/Components/Task.php(43): Illuminate/Database/Migrations/Migrator->Illuminate/Database/Migrations/{closure}()
#13 C:/Users/Inovacion/Documents/repo/sirpirtt-laravel/vendor/laravel/framework/src/Illuminate/Database/Migrations/Migrator.php(853): Illuminate/Console/View/Components/Task->render('2026_08_20_2054...', Object(Closure))
#14 C:/Users/Inovacion/Documents/repo/sirpirtt-laravel/vendor/laravel/framework/src/Illuminate/Database/Migrations/Migrator.php(253): Illuminate/Database/Migrations/Migrator->write('Illuminate//Cons...', '2026_08_20_2054...', Object(Closure))
#15 C:/Users/Inovacion/Documents/repo/sirpirtt-laravel/vendor/laravel/framework/src/Illuminate/Database/Migrations/Migrator.php(211): Illuminate/Database/Migrations/Migrator->runUp('C://Users//Inovac...', 1, false)
#16 C:/Users/Inovacion/Documents/repo/sirpirtt-laravel/vendor/laravel/framework/src/Illuminate/Database/Migrations/Migrator.php(138): Illuminate/Database/Migrations/Migrator->runPending(Array, Array)
#17 C:/Users/Inovacion/Documents/repo/sirpirtt-laravel/vendor/laravel/framework/src/Illuminate/Database/Console/Migrations/MigrateCommand.php(118): Illuminate/Database/Migrations/Migrator->run(Array, Array)
#18 C:/Users/Inovacion/Documents/repo/sirpirtt-laravel/vendor/laravel/framework/src/Illuminate/Database/Migrations/Migrator.php(672): Illuminate/Database/Console/Migrations/MigrateCommand->Illuminate/Database/Console/Migrations/{closure}()
#19 C:/Users/Inovacion/Documents/repo/sirpirtt-laravel/vendor/laravel/framework/src/Illuminate/Database/Console/Migrations/MigrateCommand.php(111): Illuminate/Database/Migrations/Migrator->usingConnection(NULL, Object(Closure))
#20 C:/Users/Inovacion/Documents/repo/sirpirtt-laravel/vendor/laravel/framework/src/Illuminate/Database/Console/Migrations/MigrateCommand.php(90): Illuminate/Database/Console/Migrations/MigrateCommand->runMigrations()
#21 C:/Users/Inovacion/Documents/repo/sirpirtt-laravel/vendor/laravel/framework/src/Illuminate/Container/BoundMethod.php(36): Illuminate/Database/Console/Migrations/MigrateCommand->handle()
#22 C:/Users/Inovacion/Documents/repo/sirpirtt-laravel/vendor/laravel/framework/src/Illuminate/Container/Util.php(43): Illuminate/Container/BoundMethod::Illuminate/Container/{closure}()
#23 C:/Users/Inovacion/Documents/repo/sirpirtt-laravel/vendor/laravel/framework/src/Illuminate/Container/BoundMethod.php(96): Illuminate/Container/Util::unwrapIfClosure(Object(Closure))
#24 C:/Users/Inovacion/Documents/repo/sirpirtt-laravel/vendor/laravel/framework/src/Illuminate/Container/BoundMethod.php(35): Illuminate/Container/BoundMethod::callBoundMethod(Object(Illuminate/Foundation/Application), Array, Object(Closure))
#25 C:/Users/Inovacion/Documents/repo/sirpirtt-laravel/vendor/laravel/framework/src/Illuminate/Container/Container.php(801): Illuminate/Container/BoundMethod::call(Object(Illuminate/Foundation/Application), Array, Array, NULL)
#26 C:/Users/Inovacion/Documents/repo/sirpirtt-laravel/vendor/laravel/framework/src/Illuminate/Console/Command.php(292): Illuminate/Container/Container->call(Array)
#27 C:/Users/Inovacion/Documents/repo/sirpirtt-laravel/vendor/symfony/console/Command/Command.php(341): Illuminate/Console/Command->execute(Object(Symfony/Component/Console/Input/ArrayInput), Object(Illuminate/Console/OutputStyle))
#28 C:/Users/Inovacion/Documents/repo/sirpirtt-laravel/vendor/laravel/framework/src/Illuminate/Console/Command.php(261): Symfony/Component/Console/Command/Command->run(Object(Symfony/Component/Console/Input/ArrayInput), Object(Illuminate/Console/OutputStyle))
#29 C:/Users/Inovacion/Documents/repo/sirpirtt-laravel/vendor/laravel/framework/src/Illuminate/Console/Concerns/CallsCommands.php(68): Illuminate/Console/Command->run(Object(Symfony/Component/Console/Input/ArrayInput), Object(Illuminate/Console/OutputStyle))
#30 C:/Users/Inovacion/Documents/repo/sirpirtt-laravel/vendor/laravel/framework/src/Illuminate/Console/Concerns/CallsCommands.php(29): Illuminate/Console/Command->runCommand('migrate', Array, Object(Illuminate/Console/OutputStyle))
#31 C:/Users/Inovacion/Documents/repo/sirpirtt-laravel/vendor/laravel/framework/src/Illuminate/Database/Console/Migrations/FreshCommand.php(96): Illuminate/Console/Command->call('migrate', Array)
#32 C:/Users/Inovacion/Documents/repo/sirpirtt-laravel/vendor/laravel/framework/src/Illuminate/Container/BoundMethod.php(36): Illuminate/Database/Console/Migrations/FreshCommand->handle()
#33 C:/Users/Inovacion/Documents/repo/sirpirtt-laravel/vendor/laravel/framework/src/Illuminate/Container/Util.php(43): Illuminate/Container/BoundMethod::Illuminate/Container/{closure}()
#34 C:/Users/Inovacion/Documents/repo/sirpirtt-laravel/vendor/laravel/framework/src/Illuminate/Container/BoundMethod.php(96): Illuminate/Container/Util::unwrapIfClosure(Object(Closure))
#35 C:/Users/Inovacion/Documents/repo/sirpirtt-laravel/vendor/laravel/framework/src/Illuminate/Container/BoundMethod.php(35): Illuminate/Container/BoundMethod::callBoundMethod(Object(Illuminate/Foundation/Application), Array, Object(Closure))
#36 C:/Users/Inovacion/Documents/repo/sirpirtt-laravel/vendor/laravel/framework/src/Illuminate/Container/Container.php(801): Illuminate/Container/BoundMethod::call(Object(Illuminate/Foundation/Application), Array, Array, NULL)
#37 C:/Users/Inovacion/Documents/repo/sirpirtt-laravel/vendor/laravel/framework/src/Illuminate/Console/Command.php(292): Illuminate/Container/Container->call(Array)
#38 C:/Users/Inovacion/Documents/repo/sirpirtt-laravel/vendor/symfony/console/Command/Command.php(341): Illuminate/Console/Command->execute(Object(Symfony/Component/Console/Input/ArgvInput), Object(Illuminate/Console/OutputStyle))
#39 C:/Users/Inovacion/Documents/repo/sirpirtt-laravel/vendor/laravel/framework/src/Illuminate/Console/Command.php(261): Symfony/Component/Console/Command/Command->run(Object(Symfony/Component/Console/Input/ArgvInput), Object(Illuminate/Console/OutputStyle))
#40 C:/Users/Inovacion/Documents/repo/sirpirtt-laravel/vendor/symfony/console/Application.php(1117): Illuminate/Console/Command->run(Object(Symfony/Component/Console/Input/ArgvInput), Object(Symfony/Component/Console/Output/ConsoleOutput))
#41 C:/Users/Inovacion/Documents/repo/sirpirtt-laravel/vendor/symfony/console/Application.php(356): Symfony/Component/Console/Application->doRunCommand(Object(Illuminate/Database/Console/Migrations/FreshCommand), Object(Symfony/Component/Console/Input/ArgvInput), Object(Symfony/Component/Console/Output/ConsoleOutput))
#42 C:/Users/Inovacion/Documents/repo/sirpirtt-laravel/vendor/symfony/console/Application.php(195): Symfony/Component/Console/Application->doRun(Object(Symfony/Component/Console/Input/ArgvInput), Object(Symfony/Component/Console/Output/ConsoleOutput))
#43 C:/Users/Inovacion/Documents/repo/sirpirtt-laravel/vendor/laravel/framework/src/Illuminate/Foundation/Console/Kernel.php(198): Symfony/Component/Console/Application->run(Object(Symfony/Component/Console/Input/ArgvInput), Object(Symfony/Component/Console/Output/ConsoleOutput))
#44 C:/Users/Inovacion/Documents/repo/sirpirtt-laravel/vendor/laravel/framework/src/Illuminate/Foundation/Application.php(1242): Illuminate/Foundation/Console/Kernel->handle(Object(Symfony/Component/Console/Input/ArgvInput), Object(Symfony/Component/Console/Output/ConsoleOutput))
#45 C:/Users/Inovacion/Documents/repo/sirpirtt-laravel/artisan(16): Illuminate/Foundation/Application->handleCommand(Object(Symfony/Component/Console/Input/ArgvInput))
#46 {main}

[previous exception] [object] (PDOException(code: 42P07): SQLSTATE[42P07]: Duplicate table: 7 ERROR:  relation \"usuarios\" already exists at C:/Users/Inovacion/Documents/repo/sirpirtt-laravel/vendor/laravel/framework/src/Illuminate/Database/Connection.php:601)
[stacktrace]
#0 C:/Users/Inovacion/Documents/repo/sirpirtt-laravel/vendor/laravel/framework/src/Illuminate/Database/Connection.php(601): PDOStatement->execute()
#1 C:/Users/Inovacion/Documents/repo/sirpirtt-laravel/vendor/laravel/framework/src/Illuminate/Database/Connection.php(846): Illuminate/Database/Connection->Illuminate/Database/{closure}('create table \"a...', Array)
#2 C:/Users/Inovacion/Documents/repo/sirpirtt-laravel/vendor/laravel/framework/src/Illuminate/Database/Connection.php(813): Illuminate/Database/Connection->runQueryCallback('create table \"a...', Array, Object(Closure))
#3 C:/Users/Inovacion/Documents/repo/sirpirtt-laravel/vendor/laravel/framework/src/Illuminate/Database/Connection.php(590): Illuminate/Database/Connection->run('create table \"a...', Array, Object(Closure))
#4 C:/Users/Inovacion/Documents/repo/sirpirtt-laravel/vendor/laravel/framework/src/Illuminate/Database/Schema/Blueprint.php(122): Illuminate/Database/Connection->statement('create table \"a...')
#5 C:/Users/Inovacion/Documents/repo/sirpirtt-laravel/vendor/laravel/framework/src/Illuminate/Database/Schema/Builder.php(702): Illuminate/Database/Schema/Blueprint->build()
#6 C:/Users/Inovacion/Documents/repo/sirpirtt-laravel/vendor/laravel/framework/src/Illuminate/Database/Schema/Builder.php(520): Illuminate/Database/Schema/Builder->build(Object(Illuminate/Database/Schema/Blueprint))
#7 C:/Users/Inovacion/Documents/repo/sirpirtt-laravel/vendor/laravel/framework/src/Illuminate/Support/Facades/Facade.php(364): Illuminate/Database/Schema/Builder->create('auth.usuarios', Object(Closure))
#8 C:/Users/Inovacion/Documents/repo/sirpirtt-laravel/database/migrations/2026_08_20_205430_create_table_auth_usuarios.php(14): Illuminate/Support/Facades/Facade::__callStatic('create', Array)
#9 C:/Users/Inovacion/Documents/repo/sirpirtt-laravel/vendor/laravel/framework/src/Illuminate/Database/Migrations/Migrator.php(517): Illuminate/Database/Migrations/Migration@anonymous->up()
#10 C:/Users/Inovacion/Documents/repo/sirpirtt-laravel/vendor/laravel/framework/src/Illuminate/Database/Migrations/Migrator.php(442): Illuminate/Database/Migrations/Migrator->runMethod(Object(Illuminate/Database/PostgresConnection), Object(Illuminate/Database/Migrations/Migration@anonymous), 'up')
#11 C:/Users/Inovacion/Documents/repo/sirpirtt-laravel/vendor/laravel/framework/src/Illuminate/Database/Concerns/ManagesTransactions.php(35): Illuminate/Database/Migrations/Migrator->Illuminate/Database/Migrations/{closure}(Object(Illuminate/Database/PostgresConnection))
#12 C:/Users/Inovacion/Documents/repo/sirpirtt-laravel/vendor/laravel/framework/src/Illuminate/Database/Migrations/Migrator.php(450): Illuminate/Database/Connection->transaction(Object(Closure))
#13 C:/Users/Inovacion/Documents/repo/sirpirtt-laravel/vendor/laravel/framework/src/Illuminate/Database/Migrations/Migrator.php(253): Illuminate/Database/Migrations/Migrator->runMigration(Object(Illuminate/Database/Migrations/Migration@anonymous), 'up', '2026_08_20_2054...')
#14 C:/Users/Inovacion/Documents/repo/sirpirtt-laravel/vendor/laravel/framework/src/Illuminate/Console/View/Components/Task.php(43): Illuminate/Database/Migrations/Migrator->Illuminate/Database/Migrations/{closure}()
#15 C:/Users/Inovacion/Documents/repo/sirpirtt-laravel/vendor/laravel/framework/src/Illuminate/Database/Migrations/Migrator.php(853): Illuminate/Console/View/Components/Task->render('2026_08_20_2054...', Object(Closure))
#16 C:/Users/Inovacion/Documents/repo/sirpirtt-laravel/vendor/laravel/framework/src/Illuminate/Database/Migrations/Migrator.php(253): Illuminate/Database/Migrations/Migrator->write('Illuminate//Cons...', '2026_08_20_2054...', Object(Closure))
#17 C:/Users/Inovacion/Documents/repo/sirpirtt-laravel/vendor/laravel/framework/src/Illuminate/Database/Migrations/Migrator.php(211): Illuminate/Database/Migrations/Migrator->runUp('C://Users//Inovac...', 1, false)
#18 C:/Users/Inovacion/Documents/repo/sirpirtt-laravel/vendor/laravel/framework/src/Illuminate/Database/Migrations/Migrator.php(138): Illuminate/Database/Migrations/Migrator->runPending(Array, Array)
#19 C:/Users/Inovacion/Documents/repo/sirpirtt-laravel/vendor/laravel/framework/src/Illuminate/Database/Console/Migrations/MigrateCommand.php(118): Illuminate/Database/Migrations/Migrator->run(Array, Array)
#20 C:/Users/Inovacion/Documents/repo/sirpirtt-laravel/vendor/laravel/framework/src/Illuminate/Database/Migrations/Migrator.php(672): Illuminate/Database/Console/Migrations/MigrateCommand->Illuminate/Database/Console/Migrations/{closure}()
#21 C:/Users/Inovacion/Documents/repo/sirpirtt-laravel/vendor/laravel/framework/src/Illuminate/Database/Console/Migrations/MigrateCommand.php(111): Illuminate/Database/Migrations/Migrator->usingConnection(NULL, Object(Closure))
#22 C:/Users/Inovacion/Documents/repo/sirpirtt-laravel/vendor/laravel/framework/src/Illuminate/Database/Console/Migrations/MigrateCommand.php(90): Illuminate/Database/Console/Migrations/MigrateCommand->runMigrations()
#23 C:/Users/Inovacion/Documents/repo/sirpirtt-laravel/vendor/laravel/framework/src/Illuminate/Container/BoundMethod.php(36): Illuminate/Database/Console/Migrations/MigrateCommand->handle()
#24 C:/Users/Inovacion/Documents/repo/sirpirtt-laravel/vendor/laravel/framework/src/Illuminate/Container/Util.php(43): Illuminate/Container/BoundMethod::Illuminate/Container/{closure}()
#25 C:/Users/Inovacion/Documents/repo/sirpirtt-laravel/vendor/laravel/framework/src/Illuminate/Container/BoundMethod.php(96): Illuminate/Container/Util::unwrapIfClosure(Object(Closure))
#26 C:/Users/Inovacion/Documents/repo/sirpirtt-laravel/vendor/laravel/framework/src/Illuminate/Container/BoundMethod.php(35): Illuminate/Container/BoundMethod::callBoundMethod(Object(Illuminate/Foundation/Application), Array, Object(Closure))
#27 C:/Users/Inovacion/Documents/repo/sirpirtt-laravel/vendor/laravel/framework/src/Illuminate/Container/Container.php(801): Illuminate/Container/BoundMethod::call(Object(Illuminate/Foundation/Application), Array, Array, NULL)
#28 C:/Users/Inovacion/Documents/repo/sirpirtt-laravel/vendor/laravel/framework/src/Illuminate/Console/Command.php(292): Illuminate/Container/Container->call(Array)
#29 C:/Users/Inovacion/Documents/repo/sirpirtt-laravel/vendor/symfony/console/Command/Command.php(341): Illuminate/Console/Command->execute(Object(Symfony/Component/Console/Input/ArrayInput), Object(Illuminate/Console/OutputStyle))
#30 C:/Users/Inovacion/Documents/repo/sirpirtt-laravel/vendor/laravel/framework/src/Illuminate/Console/Command.php(261): Symfony/Component/Console/Command/Command->run(Object(Symfony/Component/Console/Input/ArrayInput), Object(Illuminate/Console/OutputStyle))
#31 C:/Users/Inovacion/Documents/repo/sirpirtt-laravel/vendor/laravel/framework/src/Illuminate/Console/Concerns/CallsCommands.php(68): Illuminate/Console/Command->run(Object(Symfony/Component/Console/Input/ArrayInput), Object(Illuminate/Console/OutputStyle))
#32 C:/Users/Inovacion/Documents/repo/sirpirtt-laravel/vendor/laravel/framework/src/Illuminate/Console/Concerns/CallsCommands.php(29): Illuminate/Console/Command->runCommand('migrate', Array, Object(Illuminate/Console/OutputStyle))
#33 C:/Users/Inovacion/Documents/repo/sirpirtt-laravel/vendor/laravel/framework/src/Illuminate/Database/Console/Migrations/FreshCommand.php(96): Illuminate/Console/Command->call('migrate', Array)
#34 C:/Users/Inovacion/Documents/repo/sirpirtt-laravel/vendor/laravel/framework/src/Illuminate/Container/BoundMethod.php(36): Illuminate/Database/Console/Migrations/FreshCommand->handle()
#35 C:/Users/Inovacion/Documents/repo/sirpirtt-laravel/vendor/laravel/framework/src/Illuminate/Container/Util.php(43): Illuminate/Container/BoundMethod::Illuminate/Container/{closure}()
#36 C:/Users/Inovacion/Documents/repo/sirpirtt-laravel/vendor/laravel/framework/src/Illuminate/Container/BoundMethod.php(96): Illuminate/Container/Util::unwrapIfClosure(Object(Closure))
#37 C:/Users/Inovacion/Documents/repo/sirpirtt-laravel/vendor/laravel/framework/src/Illuminate/Container/BoundMethod.php(35): Illuminate/Container/BoundMethod::callBoundMethod(Object(Illuminate/Foundation/Application), Array, Object(Closure))
#38 C:/Users/Inovacion/Documents/repo/sirpirtt-laravel/vendor/laravel/framework/src/Illuminate/Container/Container.php(801): Illuminate/Container/BoundMethod::call(Object(Illuminate/Foundation/Application), Array, Array, NULL)
#39 C:/Users/Inovacion/Documents/repo/sirpirtt-laravel/vendor/laravel/framework/src/Illuminate/Console/Command.php(292): Illuminate/Container/Container->call(Array)
#40 C:/Users/Inovacion/Documents/repo/sirpirtt-laravel/vendor/symfony/console/Command/Command.php(341): Illuminate/Console/Command->execute(Object(Symfony/Component/Console/Input/ArgvInput), Object(Illuminate/Console/OutputStyle))
#41 C:/Users/Inovacion/Documents/repo/sirpirtt-laravel/vendor/laravel/framework/src/Illuminate/Console/Command.php(261): Symfony/Component/Console/Command/Command->run(Object(Symfony/Component/Console/Input/ArgvInput), Object(Illuminate/Console/OutputStyle))
#42 C:/Users/Inovacion/Documents/repo/sirpirtt-laravel/vendor/symfony/console/Application.php(1117): Illuminate/Console/Command->run(Object(Symfony/Component/Console/Input/ArgvInput), Object(Symfony/Component/Console/Output/ConsoleOutput))
#43 C:/Users/Inovacion/Documents/repo/sirpirtt-laravel/vendor/symfony/console/Application.php(356): Symfony/Component/Console/Application->doRunCommand(Object(Illuminate/Database/Console/Migrations/FreshCommand), Object(Symfony/Component/Console/Input/ArgvInput), Object(Symfony/Component/Console/Output/ConsoleOutput))
#44 C:/Users/Inovacion/Documents/repo/sirpirtt-laravel/vendor/symfony/console/Application.php(195): Symfony/Component/Console/Application->doRun(Object(Symfony/Component/Console/Input/ArgvInput), Object(Symfony/Component/Console/Output/ConsoleOutput))
#45 C:/Users/Inovacion/Documents/repo/sirpirtt-laravel/vendor/laravel/framework/src/Illuminate/Foundation/Console/Kernel.php(198): Symfony/Component/Console/Application->run(Object(Symfony/Component/Console/Input/ArgvInput), Object(Symfony/Component/Console/Output/ConsoleOutput))
#46 C:/Users/Inovacion/Documents/repo/sirpirtt-laravel/vendor/laravel/framework/src/Illuminate/Foundation/Application.php(1242): Illuminate/Foundation/Console/Kernel->handle(Object(Symfony/Component/Console/Input/ArgvInput), Object(Symfony/Component/Console/Output/ConsoleOutput))
#47 C:/Users/Inovacion/Documents/repo/sirpirtt-laravel/artisan(16): Illuminate/Foundation/Application->handleCommand(Object(Symfony/Component/Console/Input/ArgvInput))
#48 {main}
"} 
[2026-08-27 19:48:44] local.ERROR: SQLSTATE[3F000]: Invalid schema name: 7 ERROR:  schema "auth" does not exist at character 14 (Connection: pgsql, Host: contenedores06.bcs.gob.mx, Port: 5404, Database: Sirpirtt, SQL: create table "auth"."usuarios" ("id" bigserial not null primary key, "nombre" text null, "apellidos" text null, "email" text null, "telefono" text null, "sig_id" integer null, "created_at" timestamp(0) without time zone null, "updated_at" timestamp(0) without time zone null, "deleted_at" timestamp(0) without time zone null)) {"exception":"[object] (Illuminate\\Database\\QueryException(code: 3F000): SQLSTATE[3F000]: Invalid schema name: 7 ERROR:  schema \"auth\" does not exist at character 14 (Connection: pgsql, Host: contenedores06.bcs.gob.mx, Port: 5404, Database: Sirpirtt, SQL: create table \"auth\".\"usuarios\" (\"id\" bigserial not null primary key, \"nombre\" text null, \"apellidos\" text null, \"email\" text null, \"telefono\" text null, \"sig_id\" integer null, \"created_at\" timestamp(0) without time zone null, \"updated_at\" timestamp(0) without time zone null, \"deleted_at\" timestamp(0) without time zone null)) at C:/Users/Inovacion/Documents/repo/sirpirtt-laravel/vendor/laravel/framework/src/Illuminate/Database/Connection.php:857)
[stacktrace]
#0 C:/Users/Inovacion/Documents/repo/sirpirtt-laravel/vendor/laravel/framework/src/Illuminate/Database/Connection.php(813): Illuminate/Database/Connection->runQueryCallback('create table \"a...', Array, Object(Closure))
#1 C:/Users/Inovacion/Documents/repo/sirpirtt-laravel/vendor/laravel/framework/src/Illuminate/Database/Connection.php(590): Illuminate/Database/Connection->run('create table \"a...', Array, Object(Closure))
#2 C:/Users/Inovacion/Documents/repo/sirpirtt-laravel/vendor/laravel/framework/src/Illuminate/Database/Schema/Blueprint.php(122): Illuminate/Database/Connection->statement('create table \"a...')
#3 C:/Users/Inovacion/Documents/repo/sirpirtt-laravel/vendor/laravel/framework/src/Illuminate/Database/Schema/Builder.php(702): Illuminate/Database/Schema/Blueprint->build()
#4 C:/Users/Inovacion/Documents/repo/sirpirtt-laravel/vendor/laravel/framework/src/Illuminate/Database/Schema/Builder.php(520): Illuminate/Database/Schema/Builder->build(Object(Illuminate/Database/Schema/Blueprint))
#5 C:/Users/Inovacion/Documents/repo/sirpirtt-laravel/vendor/laravel/framework/src/Illuminate/Support/Facades/Facade.php(364): Illuminate/Database/Schema/Builder->create('auth.usuarios', Object(Closure))
#6 C:/Users/Inovacion/Documents/repo/sirpirtt-laravel/database/migrations/2026_08_20_205430_create_table_auth_usuarios.php(14): Illuminate/Support/Facades/Facade::__callStatic('create', Array)
#7 C:/Users/Inovacion/Documents/repo/sirpirtt-laravel/vendor/laravel/framework/src/Illuminate/Database/Migrations/Migrator.php(517): Illuminate/Database/Migrations/Migration@anonymous->up()
#8 C:/Users/Inovacion/Documents/repo/sirpirtt-laravel/vendor/laravel/framework/src/Illuminate/Database/Migrations/Migrator.php(442): Illuminate/Database/Migrations/Migrator->runMethod(Object(Illuminate/Database/PostgresConnection), Object(Illuminate/Database/Migrations/Migration@anonymous), 'up')
#9 C:/Users/Inovacion/Documents/repo/sirpirtt-laravel/vendor/laravel/framework/src/Illuminate/Database/Concerns/ManagesTransactions.php(35): Illuminate/Database/Migrations/Migrator->Illuminate/Database/Migrations/{closure}(Object(Illuminate/Database/PostgresConnection))
#10 C:/Users/Inovacion/Documents/repo/sirpirtt-laravel/vendor/laravel/framework/src/Illuminate/Database/Migrations/Migrator.php(450): Illuminate/Database/Connection->transaction(Object(Closure))
#11 C:/Users/Inovacion/Documents/repo/sirpirtt-laravel/vendor/laravel/framework/src/Illuminate/Database/Migrations/Migrator.php(253): Illuminate/Database/Migrations/Migrator->runMigration(Object(Illuminate/Database/Migrations/Migration@anonymous), 'up', '2026_08_20_2054...')
#12 C:/Users/Inovacion/Documents/repo/sirpirtt-laravel/vendor/laravel/framework/src/Illuminate/Console/View/Components/Task.php(43): Illuminate/Database/Migrations/Migrator->Illuminate/Database/Migrations/{closure}()
#13 C:/Users/Inovacion/Documents/repo/sirpirtt-laravel/vendor/laravel/framework/src/Illuminate/Database/Migrations/Migrator.php(853): Illuminate/Console/View/Components/Task->render('2026_08_20_2054...', Object(Closure))
#14 C:/Users/Inovacion/Documents/repo/sirpirtt-laravel/vendor/laravel/framework/src/Illuminate/Database/Migrations/Migrator.php(253): Illuminate/Database/Migrations/Migrator->write('Illuminate//Cons...', '2026_08_20_2054...', Object(Closure))
#15 C:/Users/Inovacion/Documents/repo/sirpirtt-laravel/vendor/laravel/framework/src/Illuminate/Database/Migrations/Migrator.php(211): Illuminate/Database/Migrations/Migrator->runUp('C://Users//Inovac...', 2, false)
#16 C:/Users/Inovacion/Documents/repo/sirpirtt-laravel/vendor/laravel/framework/src/Illuminate/Database/Migrations/Migrator.php(138): Illuminate/Database/Migrations/Migrator->runPending(Array, Array)
#17 C:/Users/Inovacion/Documents/repo/sirpirtt-laravel/vendor/laravel/framework/src/Illuminate/Database/Console/Migrations/MigrateCommand.php(118): Illuminate/Database/Migrations/Migrator->run(Array, Array)
#18 C:/Users/Inovacion/Documents/repo/sirpirtt-laravel/vendor/laravel/framework/src/Illuminate/Database/Migrations/Migrator.php(672): Illuminate/Database/Console/Migrations/MigrateCommand->Illuminate/Database/Console/Migrations/{closure}()
#19 C:/Users/Inovacion/Documents/repo/sirpirtt-laravel/vendor/laravel/framework/src/Illuminate/Database/Console/Migrations/MigrateCommand.php(111): Illuminate/Database/Migrations/Migrator->usingConnection(NULL, Object(Closure))
#20 C:/Users/Inovacion/Documents/repo/sirpirtt-laravel/vendor/laravel/framework/src/Illuminate/Database/Console/Migrations/MigrateCommand.php(90): Illuminate/Database/Console/Migrations/MigrateCommand->runMigrations()
#21 C:/Users/Inovacion/Documents/repo/sirpirtt-laravel/vendor/laravel/framework/src/Illuminate/Container/BoundMethod.php(36): Illuminate/Database/Console/Migrations/MigrateCommand->handle()
#22 C:/Users/Inovacion/Documents/repo/sirpirtt-laravel/vendor/laravel/framework/src/Illuminate/Container/Util.php(43): Illuminate/Container/BoundMethod::Illuminate/Container/{closure}()
#23 C:/Users/Inovacion/Documents/repo/sirpirtt-laravel/vendor/laravel/framework/src/Illuminate/Container/BoundMethod.php(96): Illuminate/Container/Util::unwrapIfClosure(Object(Closure))
#24 C:/Users/Inovacion/Documents/repo/sirpirtt-laravel/vendor/laravel/framework/src/Illuminate/Container/BoundMethod.php(35): Illuminate/Container/BoundMethod::callBoundMethod(Object(Illuminate/Foundation/Application), Array, Object(Closure))
#25 C:/Users/Inovacion/Documents/repo/sirpirtt-laravel/vendor/laravel/framework/src/Illuminate/Container/Container.php(801): Illuminate/Container/BoundMethod::call(Object(Illuminate/Foundation/Application), Array, Array, NULL)
#26 C:/Users/Inovacion/Documents/repo/sirpirtt-laravel/vendor/laravel/framework/src/Illuminate/Console/Command.php(292): Illuminate/Container/Container->call(Array)
#27 C:/Users/Inovacion/Documents/repo/sirpirtt-laravel/vendor/symfony/console/Command/Command.php(341): Illuminate/Console/Command->execute(Object(Symfony/Component/Console/Input/ArrayInput), Object(Illuminate/Console/OutputStyle))
#28 C:/Users/Inovacion/Documents/repo/sirpirtt-laravel/vendor/laravel/framework/src/Illuminate/Console/Command.php(261): Symfony/Component/Console/Command/Command->run(Object(Symfony/Component/Console/Input/ArrayInput), Object(Illuminate/Console/OutputStyle))
#29 C:/Users/Inovacion/Documents/repo/sirpirtt-laravel/vendor/laravel/framework/src/Illuminate/Console/Concerns/CallsCommands.php(68): Illuminate/Console/Command->run(Object(Symfony/Component/Console/Input/ArrayInput), Object(Illuminate/Console/OutputStyle))
#30 C:/Users/Inovacion/Documents/repo/sirpirtt-laravel/vendor/laravel/framework/src/Illuminate/Console/Concerns/CallsCommands.php(29): Illuminate/Console/Command->runCommand('migrate', Array, Object(Illuminate/Console/OutputStyle))
#31 C:/Users/Inovacion/Documents/repo/sirpirtt-laravel/app/Console/Commands/DatabaseFresh.php(36): Illuminate/Console/Command->call('migrate')
#32 C:/Users/Inovacion/Documents/repo/sirpirtt-laravel/vendor/laravel/framework/src/Illuminate/Container/BoundMethod.php(36): App/Console/Commands/DatabaseFresh->handle()
#33 C:/Users/Inovacion/Documents/repo/sirpirtt-laravel/vendor/laravel/framework/src/Illuminate/Container/Util.php(43): Illuminate/Container/BoundMethod::Illuminate/Container/{closure}()
#34 C:/Users/Inovacion/Documents/repo/sirpirtt-laravel/vendor/laravel/framework/src/Illuminate/Container/BoundMethod.php(96): Illuminate/Container/Util::unwrapIfClosure(Object(Closure))
#35 C:/Users/Inovacion/Documents/repo/sirpirtt-laravel/vendor/laravel/framework/src/Illuminate/Container/BoundMethod.php(35): Illuminate/Container/BoundMethod::callBoundMethod(Object(Illuminate/Foundation/Application), Array, Object(Closure))
#36 C:/Users/Inovacion/Documents/repo/sirpirtt-laravel/vendor/laravel/framework/src/Illuminate/Container/Container.php(801): Illuminate/Container/BoundMethod::call(Object(Illuminate/Foundation/Application), Array, Array, NULL)
#37 C:/Users/Inovacion/Documents/repo/sirpirtt-laravel/vendor/laravel/framework/src/Illuminate/Console/Command.php(292): Illuminate/Container/Container->call(Array)
#38 C:/Users/Inovacion/Documents/repo/sirpirtt-laravel/vendor/symfony/console/Command/Command.php(341): Illuminate/Console/Command->execute(Object(Symfony/Component/Console/Input/ArgvInput), Object(Illuminate/Console/OutputStyle))
#39 C:/Users/Inovacion/Documents/repo/sirpirtt-laravel/vendor/laravel/framework/src/Illuminate/Console/Command.php(261): Symfony/Component/Console/Command/Command->run(Object(Symfony/Component/Console/Input/ArgvInput), Object(Illuminate/Console/OutputStyle))
#40 C:/Users/Inovacion/Documents/repo/sirpirtt-laravel/vendor/symfony/console/Application.php(1117): Illuminate/Console/Command->run(Object(Symfony/Component/Console/Input/ArgvInput), Object(Symfony/Component/Console/Output/ConsoleOutput))
#41 C:/Users/Inovacion/Documents/repo/sirpirtt-laravel/vendor/symfony/console/Application.php(356): Symfony/Component/Console/Application->doRunCommand(Object(App/Console/Commands/DatabaseFresh), Object(Symfony/Component/Console/Input/ArgvInput), Object(Symfony/Component/Console/Output/ConsoleOutput))
#42 C:/Users/Inovacion/Documents/repo/sirpirtt-laravel/vendor/symfony/console/Application.php(195): Symfony/Component/Console/Application->doRun(Object(Symfony/Component/Console/Input/ArgvInput), Object(Symfony/Component/Console/Output/ConsoleOutput))
#43 C:/Users/Inovacion/Documents/repo/sirpirtt-laravel/vendor/laravel/framework/src/Illuminate/Foundation/Console/Kernel.php(198): Symfony/Component/Console/Application->run(Object(Symfony/Component/Console/Input/ArgvInput), Object(Symfony/Component/Console/Output/ConsoleOutput))
#44 C:/Users/Inovacion/Documents/repo/sirpirtt-laravel/vendor/laravel/framework/src/Illuminate/Foundation/Application.php(1242): Illuminate/Foundation/Console/Kernel->handle(Object(Symfony/Component/Console/Input/ArgvInput), Object(Symfony/Component/Console/Output/ConsoleOutput))
#45 C:/Users/Inovacion/Documents/repo/sirpirtt-laravel/artisan(16): Illuminate/Foundation/Application->handleCommand(Object(Symfony/Component/Console/Input/ArgvInput))
#46 {main}

[previous exception] [object] (PDOException(code: 3F000): SQLSTATE[3F000]: Invalid schema name: 7 ERROR:  schema \"auth\" does not exist at character 14 at C:/Users/Inovacion/Documents/repo/sirpirtt-laravel/vendor/laravel/framework/src/Illuminate/Database/Connection.php:601)
[stacktrace]
#0 C:/Users/Inovacion/Documents/repo/sirpirtt-laravel/vendor/laravel/framework/src/Illuminate/Database/Connection.php(601): PDOStatement->execute()
#1 C:/Users/Inovacion/Documents/repo/sirpirtt-laravel/vendor/laravel/framework/src/Illuminate/Database/Connection.php(846): Illuminate/Database/Connection->Illuminate/Database/{closure}('create table \"a...', Array)
#2 C:/Users/Inovacion/Documents/repo/sirpirtt-laravel/vendor/laravel/framework/src/Illuminate/Database/Connection.php(813): Illuminate/Database/Connection->runQueryCallback('create table \"a...', Array, Object(Closure))
#3 C:/Users/Inovacion/Documents/repo/sirpirtt-laravel/vendor/laravel/framework/src/Illuminate/Database/Connection.php(590): Illuminate/Database/Connection->run('create table \"a...', Array, Object(Closure))
#4 C:/Users/Inovacion/Documents/repo/sirpirtt-laravel/vendor/laravel/framework/src/Illuminate/Database/Schema/Blueprint.php(122): Illuminate/Database/Connection->statement('create table \"a...')
#5 C:/Users/Inovacion/Documents/repo/sirpirtt-laravel/vendor/laravel/framework/src/Illuminate/Database/Schema/Builder.php(702): Illuminate/Database/Schema/Blueprint->build()
#6 C:/Users/Inovacion/Documents/repo/sirpirtt-laravel/vendor/laravel/framework/src/Illuminate/Database/Schema/Builder.php(520): Illuminate/Database/Schema/Builder->build(Object(Illuminate/Database/Schema/Blueprint))
#7 C:/Users/Inovacion/Documents/repo/sirpirtt-laravel/vendor/laravel/framework/src/Illuminate/Support/Facades/Facade.php(364): Illuminate/Database/Schema/Builder->create('auth.usuarios', Object(Closure))
#8 C:/Users/Inovacion/Documents/repo/sirpirtt-laravel/database/migrations/2026_08_20_205430_create_table_auth_usuarios.php(14): Illuminate/Support/Facades/Facade::__callStatic('create', Array)
#9 C:/Users/Inovacion/Documents/repo/sirpirtt-laravel/vendor/laravel/framework/src/Illuminate/Database/Migrations/Migrator.php(517): Illuminate/Database/Migrations/Migration@anonymous->up()
#10 C:/Users/Inovacion/Documents/repo/sirpirtt-laravel/vendor/laravel/framework/src/Illuminate/Database/Migrations/Migrator.php(442): Illuminate/Database/Migrations/Migrator->runMethod(Object(Illuminate/Database/PostgresConnection), Object(Illuminate/Database/Migrations/Migration@anonymous), 'up')
#11 C:/Users/Inovacion/Documents/repo/sirpirtt-laravel/vendor/laravel/framework/src/Illuminate/Database/Concerns/ManagesTransactions.php(35): Illuminate/Database/Migrations/Migrator->Illuminate/Database/Migrations/{closure}(Object(Illuminate/Database/PostgresConnection))
#12 C:/Users/Inovacion/Documents/repo/sirpirtt-laravel/vendor/laravel/framework/src/Illuminate/Database/Migrations/Migrator.php(450): Illuminate/Database/Connection->transaction(Object(Closure))
#13 C:/Users/Inovacion/Documents/repo/sirpirtt-laravel/vendor/laravel/framework/src/Illuminate/Database/Migrations/Migrator.php(253): Illuminate/Database/Migrations/Migrator->runMigration(Object(Illuminate/Database/Migrations/Migration@anonymous), 'up', '2026_08_20_2054...')
#14 C:/Users/Inovacion/Documents/repo/sirpirtt-laravel/vendor/laravel/framework/src/Illuminate/Console/View/Components/Task.php(43): Illuminate/Database/Migrations/Migrator->Illuminate/Database/Migrations/{closure}()
#15 C:/Users/Inovacion/Documents/repo/sirpirtt-laravel/vendor/laravel/framework/src/Illuminate/Database/Migrations/Migrator.php(853): Illuminate/Console/View/Components/Task->render('2026_08_20_2054...', Object(Closure))
#16 C:/Users/Inovacion/Documents/repo/sirpirtt-laravel/vendor/laravel/framework/src/Illuminate/Database/Migrations/Migrator.php(253): Illuminate/Database/Migrations/Migrator->write('Illuminate//Cons...', '2026_08_20_2054...', Object(Closure))
#17 C:/Users/Inovacion/Documents/repo/sirpirtt-laravel/vendor/laravel/framework/src/Illuminate/Database/Migrations/Migrator.php(211): Illuminate/Database/Migrations/Migrator->runUp('C://Users//Inovac...', 2, false)
#18 C:/Users/Inovacion/Documents/repo/sirpirtt-laravel/vendor/laravel/framework/src/Illuminate/Database/Migrations/Migrator.php(138): Illuminate/Database/Migrations/Migrator->runPending(Array, Array)
#19 C:/Users/Inovacion/Documents/repo/sirpirtt-laravel/vendor/laravel/framework/src/Illuminate/Database/Console/Migrations/MigrateCommand.php(118): Illuminate/Database/Migrations/Migrator->run(Array, Array)
#20 C:/Users/Inovacion/Documents/repo/sirpirtt-laravel/vendor/laravel/framework/src/Illuminate/Database/Migrations/Migrator.php(672): Illuminate/Database/Console/Migrations/MigrateCommand->Illuminate/Database/Console/Migrations/{closure}()
#21 C:/Users/Inovacion/Documents/repo/sirpirtt-laravel/vendor/laravel/framework/src/Illuminate/Database/Console/Migrations/MigrateCommand.php(111): Illuminate/Database/Migrations/Migrator->usingConnection(NULL, Object(Closure))
#22 C:/Users/Inovacion/Documents/repo/sirpirtt-laravel/vendor/laravel/framework/src/Illuminate/Database/Console/Migrations/MigrateCommand.php(90): Illuminate/Database/Console/Migrations/MigrateCommand->runMigrations()
#23 C:/Users/Inovacion/Documents/repo/sirpirtt-laravel/vendor/laravel/framework/src/Illuminate/Container/BoundMethod.php(36): Illuminate/Database/Console/Migrations/MigrateCommand->handle()
#24 C:/Users/Inovacion/Documents/repo/sirpirtt-laravel/vendor/laravel/framework/src/Illuminate/Container/Util.php(43): Illuminate/Container/BoundMethod::Illuminate/Container/{closure}()
#25 C:/Users/Inovacion/Documents/repo/sirpirtt-laravel/vendor/laravel/framework/src/Illuminate/Container/BoundMethod.php(96): Illuminate/Container/Util::unwrapIfClosure(Object(Closure))
#26 C:/Users/Inovacion/Documents/repo/sirpirtt-laravel/vendor/laravel/framework/src/Illuminate/Container/BoundMethod.php(35): Illuminate/Container/BoundMethod::callBoundMethod(Object(Illuminate/Foundation/Application), Array, Object(Closure))
#27 C:/Users/Inovacion/Documents/repo/sirpirtt-laravel/vendor/laravel/framework/src/Illuminate/Container/Container.php(801): Illuminate/Container/BoundMethod::call(Object(Illuminate/Foundation/Application), Array, Array, NULL)
#28 C:/Users/Inovacion/Documents/repo/sirpirtt-laravel/vendor/laravel/framework/src/Illuminate/Console/Command.php(292): Illuminate/Container/Container->call(Array)
#29 C:/Users/Inovacion/Documents/repo/sirpirtt-laravel/vendor/symfony/console/Command/Command.php(341): Illuminate/Console/Command->execute(Object(Symfony/Component/Console/Input/ArrayInput), Object(Illuminate/Console/OutputStyle))
#30 C:/Users/Inovacion/Documents/repo/sirpirtt-laravel/vendor/laravel/framework/src/Illuminate/Console/Command.php(261): Symfony/Component/Console/Command/Command->run(Object(Symfony/Component/Console/Input/ArrayInput), Object(Illuminate/Console/OutputStyle))
#31 C:/Users/Inovacion/Documents/repo/sirpirtt-laravel/vendor/laravel/framework/src/Illuminate/Console/Concerns/CallsCommands.php(68): Illuminate/Console/Command->run(Object(Symfony/Component/Console/Input/ArrayInput), Object(Illuminate/Console/OutputStyle))
#32 C:/Users/Inovacion/Documents/repo/sirpirtt-laravel/vendor/laravel/framework/src/Illuminate/Console/Concerns/CallsCommands.php(29): Illuminate/Console/Command->runCommand('migrate', Array, Object(Illuminate/Console/OutputStyle))
#33 C:/Users/Inovacion/Documents/repo/sirpirtt-laravel/app/Console/Commands/DatabaseFresh.php(36): Illuminate/Console/Command->call('migrate')
#34 C:/Users/Inovacion/Documents/repo/sirpirtt-laravel/vendor/laravel/framework/src/Illuminate/Container/BoundMethod.php(36): App/Console/Commands/DatabaseFresh->handle()
#35 C:/Users/Inovacion/Documents/repo/sirpirtt-laravel/vendor/laravel/framework/src/Illuminate/Container/Util.php(43): Illuminate/Container/BoundMethod::Illuminate/Container/{closure}()
#36 C:/Users/Inovacion/Documents/repo/sirpirtt-laravel/vendor/laravel/framework/src/Illuminate/Container/BoundMethod.php(96): Illuminate/Container/Util::unwrapIfClosure(Object(Closure))
#37 C:/Users/Inovacion/Documents/repo/sirpirtt-laravel/vendor/laravel/framework/src/Illuminate/Container/BoundMethod.php(35): Illuminate/Container/BoundMethod::callBoundMethod(Object(Illuminate/Foundation/Application), Array, Object(Closure))
#38 C:/Users/Inovacion/Documents/repo/sirpirtt-laravel/vendor/laravel/framework/src/Illuminate/Container/Container.php(801): Illuminate/Container/BoundMethod::call(Object(Illuminate/Foundation/Application), Array, Array, NULL)
#39 C:/Users/Inovacion/Documents/repo/sirpirtt-laravel/vendor/laravel/framework/src/Illuminate/Console/Command.php(292): Illuminate/Container/Container->call(Array)
#40 C:/Users/Inovacion/Documents/repo/sirpirtt-laravel/vendor/symfony/console/Command/Command.php(341): Illuminate/Console/Command->execute(Object(Symfony/Component/Console/Input/ArgvInput), Object(Illuminate/Console/OutputStyle))
#41 C:/Users/Inovacion/Documents/repo/sirpirtt-laravel/vendor/laravel/framework/src/Illuminate/Console/Command.php(261): Symfony/Component/Console/Command/Command->run(Object(Symfony/Component/Console/Input/ArgvInput), Object(Illuminate/Console/OutputStyle))
#42 C:/Users/Inovacion/Documents/repo/sirpirtt-laravel/vendor/symfony/console/Application.php(1117): Illuminate/Console/Command->run(Object(Symfony/Component/Console/Input/ArgvInput), Object(Symfony/Component/Console/Output/ConsoleOutput))
#43 C:/Users/Inovacion/Documents/repo/sirpirtt-laravel/vendor/symfony/console/Application.php(356): Symfony/Component/Console/Application->doRunCommand(Object(App/Console/Commands/DatabaseFresh), Object(Symfony/Component/Console/Input/ArgvInput), Object(Symfony/Component/Console/Output/ConsoleOutput))
#44 C:/Users/Inovacion/Documents/repo/sirpirtt-laravel/vendor/symfony/console/Application.php(195): Symfony/Component/Console/Application->doRun(Object(Symfony/Component/Console/Input/ArgvInput), Object(Symfony/Component/Console/Output/ConsoleOutput))
#45 C:/Users/Inovacion/Documents/repo/sirpirtt-laravel/vendor/laravel/framework/src/Illuminate/Foundation/Console/Kernel.php(198): Symfony/Component/Console/Application->run(Object(Symfony/Component/Console/Input/ArgvInput), Object(Symfony/Component/Console/Output/ConsoleOutput))
#46 C:/Users/Inovacion/Documents/repo/sirpirtt-laravel/vendor/laravel/framework/src/Illuminate/Foundation/Application.php(1242): Illuminate/Foundation/Console/Kernel->handle(Object(Symfony/Component/Console/Input/ArgvInput), Object(Symfony/Component/Console/Output/ConsoleOutput))
#47 C:/Users/Inovacion/Documents/repo/sirpirtt-laravel/artisan(16): Illuminate/Foundation/Application->handleCommand(Object(Symfony/Component/Console/Input/ArgvInput))
#48 {main}
"} 
[2026-08-27 19:48:48] local.ERROR: SQLSTATE[42P07]: Duplicate table: 7 ERROR:  relation "estados" already exists (Connection: pgsql, Host: contenedores06.bcs.gob.mx, Port: 5404, Database: Sirpirtt, SQL: create table "geo"."estados" ("id" bigserial not null primary key, "estado_id" bigint not null, "clave" varchar(255) not null, "nombre" varchar(255) not null, "is_active" boolean not null default '1', "created_at" timestamp(0) without time zone null, "updated_at" timestamp(0) without time zone null, "deleted_at" timestamp(0) without time zone null)) {"exception":"[object] (Illuminate\\Database\\QueryException(code: 42P07): SQLSTATE[42P07]: Duplicate table: 7 ERROR:  relation \"estados\" already exists (Connection: pgsql, Host: contenedores06.bcs.gob.mx, Port: 5404, Database: Sirpirtt, SQL: create table \"geo\".\"estados\" (\"id\" bigserial not null primary key, \"estado_id\" bigint not null, \"clave\" varchar(255) not null, \"nombre\" varchar(255) not null, \"is_active\" boolean not null default '1', \"created_at\" timestamp(0) without time zone null, \"updated_at\" timestamp(0) without time zone null, \"deleted_at\" timestamp(0) without time zone null)) at C:/Users/Inovacion/Documents/repo/sirpirtt-laravel/vendor/laravel/framework/src/Illuminate/Database/Connection.php:857)
[stacktrace]
#0 C:/Users/Inovacion/Documents/repo/sirpirtt-laravel/vendor/laravel/framework/src/Illuminate/Database/Connection.php(813): Illuminate/Database/Connection->runQueryCallback('create table \"g...', Array, Object(Closure))
#1 C:/Users/Inovacion/Documents/repo/sirpirtt-laravel/vendor/laravel/framework/src/Illuminate/Database/Connection.php(590): Illuminate/Database/Connection->run('create table \"g...', Array, Object(Closure))
#2 C:/Users/Inovacion/Documents/repo/sirpirtt-laravel/vendor/laravel/framework/src/Illuminate/Database/Schema/Blueprint.php(122): Illuminate/Database/Connection->statement('create table \"g...')
#3 C:/Users/Inovacion/Documents/repo/sirpirtt-laravel/vendor/laravel/framework/src/Illuminate/Database/Schema/Builder.php(702): Illuminate/Database/Schema/Blueprint->build()
#4 C:/Users/Inovacion/Documents/repo/sirpirtt-laravel/vendor/laravel/framework/src/Illuminate/Database/Schema/Builder.php(520): Illuminate/Database/Schema/Builder->build(Object(Illuminate/Database/Schema/Blueprint))
#5 C:/Users/Inovacion/Documents/repo/sirpirtt-laravel/vendor/laravel/framework/src/Illuminate/Support/Facades/Facade.php(364): Illuminate/Database/Schema/Builder->create('geo.estados', Object(Closure))
#6 C:/Users/Inovacion/Documents/repo/sirpirtt-laravel/database/migrations/2026_08_27_193146_create_table_geo_municipios.php(14): Illuminate/Support/Facades/Facade::__callStatic('create', Array)
#7 C:/Users/Inovacion/Documents/repo/sirpirtt-laravel/vendor/laravel/framework/src/Illuminate/Database/Migrations/Migrator.php(517): Illuminate/Database/Migrations/Migration@anonymous->up()
#8 C:/Users/Inovacion/Documents/repo/sirpirtt-laravel/vendor/laravel/framework/src/Illuminate/Database/Migrations/Migrator.php(442): Illuminate/Database/Migrations/Migrator->runMethod(Object(Illuminate/Database/PostgresConnection), Object(Illuminate/Database/Migrations/Migration@anonymous), 'up')
#9 C:/Users/Inovacion/Documents/repo/sirpirtt-laravel/vendor/laravel/framework/src/Illuminate/Database/Concerns/ManagesTransactions.php(35): Illuminate/Database/Migrations/Migrator->Illuminate/Database/Migrations/{closure}(Object(Illuminate/Database/PostgresConnection))
#10 C:/Users/Inovacion/Documents/repo/sirpirtt-laravel/vendor/laravel/framework/src/Illuminate/Database/Migrations/Migrator.php(450): Illuminate/Database/Connection->transaction(Object(Closure))
#11 C:/Users/Inovacion/Documents/repo/sirpirtt-laravel/vendor/laravel/framework/src/Illuminate/Database/Migrations/Migrator.php(253): Illuminate/Database/Migrations/Migrator->runMigration(Object(Illuminate/Database/Migrations/Migration@anonymous), 'up', '2026_08_27_1931...')
#12 C:/Users/Inovacion/Documents/repo/sirpirtt-laravel/vendor/laravel/framework/src/Illuminate/Console/View/Components/Task.php(43): Illuminate/Database/Migrations/Migrator->Illuminate/Database/Migrations/{closure}()
#13 C:/Users/Inovacion/Documents/repo/sirpirtt-laravel/vendor/laravel/framework/src/Illuminate/Database/Migrations/Migrator.php(853): Illuminate/Console/View/Components/Task->render('2026_08_27_1931...', Object(Closure))
#14 C:/Users/Inovacion/Documents/repo/sirpirtt-laravel/vendor/laravel/framework/src/Illuminate/Database/Migrations/Migrator.php(253): Illuminate/Database/Migrations/Migrator->write('Illuminate//Cons...', '2026_08_27_1931...', Object(Closure))
#15 C:/Users/Inovacion/Documents/repo/sirpirtt-laravel/vendor/laravel/framework/src/Illuminate/Database/Migrations/Migrator.php(211): Illuminate/Database/Migrations/Migrator->runUp('C://Users//Inovac...', 1, false)
#16 C:/Users/Inovacion/Documents/repo/sirpirtt-laravel/vendor/laravel/framework/src/Illuminate/Database/Migrations/Migrator.php(138): Illuminate/Database/Migrations/Migrator->runPending(Array, Array)
#17 C:/Users/Inovacion/Documents/repo/sirpirtt-laravel/vendor/laravel/framework/src/Illuminate/Database/Console/Migrations/MigrateCommand.php(118): Illuminate/Database/Migrations/Migrator->run(Array, Array)
#18 C:/Users/Inovacion/Documents/repo/sirpirtt-laravel/vendor/laravel/framework/src/Illuminate/Database/Migrations/Migrator.php(672): Illuminate/Database/Console/Migrations/MigrateCommand->Illuminate/Database/Console/Migrations/{closure}()
#19 C:/Users/Inovacion/Documents/repo/sirpirtt-laravel/vendor/laravel/framework/src/Illuminate/Database/Console/Migrations/MigrateCommand.php(111): Illuminate/Database/Migrations/Migrator->usingConnection(NULL, Object(Closure))
#20 C:/Users/Inovacion/Documents/repo/sirpirtt-laravel/vendor/laravel/framework/src/Illuminate/Database/Console/Migrations/MigrateCommand.php(90): Illuminate/Database/Console/Migrations/MigrateCommand->runMigrations()
#21 C:/Users/Inovacion/Documents/repo/sirpirtt-laravel/vendor/laravel/framework/src/Illuminate/Container/BoundMethod.php(36): Illuminate/Database/Console/Migrations/MigrateCommand->handle()
#22 C:/Users/Inovacion/Documents/repo/sirpirtt-laravel/vendor/laravel/framework/src/Illuminate/Container/Util.php(43): Illuminate/Container/BoundMethod::Illuminate/Container/{closure}()
#23 C:/Users/Inovacion/Documents/repo/sirpirtt-laravel/vendor/laravel/framework/src/Illuminate/Container/BoundMethod.php(96): Illuminate/Container/Util::unwrapIfClosure(Object(Closure))
#24 C:/Users/Inovacion/Documents/repo/sirpirtt-laravel/vendor/laravel/framework/src/Illuminate/Container/BoundMethod.php(35): Illuminate/Container/BoundMethod::callBoundMethod(Object(Illuminate/Foundation/Application), Array, Object(Closure))
#25 C:/Users/Inovacion/Documents/repo/sirpirtt-laravel/vendor/laravel/framework/src/Illuminate/Container/Container.php(801): Illuminate/Container/BoundMethod::call(Object(Illuminate/Foundation/Application), Array, Array, NULL)
#26 C:/Users/Inovacion/Documents/repo/sirpirtt-laravel/vendor/laravel/framework/src/Illuminate/Console/Command.php(292): Illuminate/Container/Container->call(Array)
#27 C:/Users/Inovacion/Documents/repo/sirpirtt-laravel/vendor/symfony/console/Command/Command.php(341): Illuminate/Console/Command->execute(Object(Symfony/Component/Console/Input/ArrayInput), Object(Illuminate/Console/OutputStyle))
#28 C:/Users/Inovacion/Documents/repo/sirpirtt-laravel/vendor/laravel/framework/src/Illuminate/Console/Command.php(261): Symfony/Component/Console/Command/Command->run(Object(Symfony/Component/Console/Input/ArrayInput), Object(Illuminate/Console/OutputStyle))
#29 C:/Users/Inovacion/Documents/repo/sirpirtt-laravel/vendor/laravel/framework/src/Illuminate/Console/Concerns/CallsCommands.php(68): Illuminate/Console/Command->run(Object(Symfony/Component/Console/Input/ArrayInput), Object(Illuminate/Console/OutputStyle))
#30 C:/Users/Inovacion/Documents/repo/sirpirtt-laravel/vendor/laravel/framework/src/Illuminate/Console/Concerns/CallsCommands.php(29): Illuminate/Console/Command->runCommand('migrate', Array, Object(Illuminate/Console/OutputStyle))
#31 C:/Users/Inovacion/Documents/repo/sirpirtt-laravel/vendor/laravel/framework/src/Illuminate/Database/Console/Migrations/FreshCommand.php(96): Illuminate/Console/Command->call('migrate', Array)
#32 C:/Users/Inovacion/Documents/repo/sirpirtt-laravel/vendor/laravel/framework/src/Illuminate/Container/BoundMethod.php(36): Illuminate/Database/Console/Migrations/FreshCommand->handle()
#33 C:/Users/Inovacion/Documents/repo/sirpirtt-laravel/vendor/laravel/framework/src/Illuminate/Container/Util.php(43): Illuminate/Container/BoundMethod::Illuminate/Container/{closure}()
#34 C:/Users/Inovacion/Documents/repo/sirpirtt-laravel/vendor/laravel/framework/src/Illuminate/Container/BoundMethod.php(96): Illuminate/Container/Util::unwrapIfClosure(Object(Closure))
#35 C:/Users/Inovacion/Documents/repo/sirpirtt-laravel/vendor/laravel/framework/src/Illuminate/Container/BoundMethod.php(35): Illuminate/Container/BoundMethod::callBoundMethod(Object(Illuminate/Foundation/Application), Array, Object(Closure))
#36 C:/Users/Inovacion/Documents/repo/sirpirtt-laravel/vendor/laravel/framework/src/Illuminate/Container/Container.php(801): Illuminate/Container/BoundMethod::call(Object(Illuminate/Foundation/Application), Array, Array, NULL)
#37 C:/Users/Inovacion/Documents/repo/sirpirtt-laravel/vendor/laravel/framework/src/Illuminate/Console/Command.php(292): Illuminate/Container/Container->call(Array)
#38 C:/Users/Inovacion/Documents/repo/sirpirtt-laravel/vendor/symfony/console/Command/Command.php(341): Illuminate/Console/Command->execute(Object(Symfony/Component/Console/Input/ArgvInput), Object(Illuminate/Console/OutputStyle))
#39 C:/Users/Inovacion/Documents/repo/sirpirtt-laravel/vendor/laravel/framework/src/Illuminate/Console/Command.php(261): Symfony/Component/Console/Command/Command->run(Object(Symfony/Component/Console/Input/ArgvInput), Object(Illuminate/Console/OutputStyle))
#40 C:/Users/Inovacion/Documents/repo/sirpirtt-laravel/vendor/symfony/console/Application.php(1117): Illuminate/Console/Command->run(Object(Symfony/Component/Console/Input/ArgvInput), Object(Symfony/Component/Console/Output/ConsoleOutput))
#41 C:/Users/Inovacion/Documents/repo/sirpirtt-laravel/vendor/symfony/console/Application.php(356): Symfony/Component/Console/Application->doRunCommand(Object(Illuminate/Database/Console/Migrations/FreshCommand), Object(Symfony/Component/Console/Input/ArgvInput), Object(Symfony/Component/Console/Output/ConsoleOutput))
#42 C:/Users/Inovacion/Documents/repo/sirpirtt-laravel/vendor/symfony/console/Application.php(195): Symfony/Component/Console/Application->doRun(Object(Symfony/Component/Console/Input/ArgvInput), Object(Symfony/Component/Console/Output/ConsoleOutput))
#43 C:/Users/Inovacion/Documents/repo/sirpirtt-laravel/vendor/laravel/framework/src/Illuminate/Foundation/Console/Kernel.php(198): Symfony/Component/Console/Application->run(Object(Symfony/Component/Console/Input/ArgvInput), Object(Symfony/Component/Console/Output/ConsoleOutput))
#44 C:/Users/Inovacion/Documents/repo/sirpirtt-laravel/vendor/laravel/framework/src/Illuminate/Foundation/Application.php(1242): Illuminate/Foundation/Console/Kernel->handle(Object(Symfony/Component/Console/Input/ArgvInput), Object(Symfony/Component/Console/Output/ConsoleOutput))
#45 C:/Users/Inovacion/Documents/repo/sirpirtt-laravel/artisan(16): Illuminate/Foundation/Application->handleCommand(Object(Symfony/Component/Console/Input/ArgvInput))
#46 {main}

[previous exception] [object] (PDOException(code: 42P07): SQLSTATE[42P07]: Duplicate table: 7 ERROR:  relation \"estados\" already exists at C:/Users/Inovacion/Documents/repo/sirpirtt-laravel/vendor/laravel/framework/src/Illuminate/Database/Connection.php:601)
[stacktrace]
#0 C:/Users/Inovacion/Documents/repo/sirpirtt-laravel/vendor/laravel/framework/src/Illuminate/Database/Connection.php(601): PDOStatement->execute()
#1 C:/Users/Inovacion/Documents/repo/sirpirtt-laravel/vendor/laravel/framework/src/Illuminate/Database/Connection.php(846): Illuminate/Database/Connection->Illuminate/Database/{closure}('create table \"g...', Array)
#2 C:/Users/Inovacion/Documents/repo/sirpirtt-laravel/vendor/laravel/framework/src/Illuminate/Database/Connection.php(813): Illuminate/Database/Connection->runQueryCallback('create table \"g...', Array, Object(Closure))
#3 C:/Users/Inovacion/Documents/repo/sirpirtt-laravel/vendor/laravel/framework/src/Illuminate/Database/Connection.php(590): Illuminate/Database/Connection->run('create table \"g...', Array, Object(Closure))
#4 C:/Users/Inovacion/Documents/repo/sirpirtt-laravel/vendor/laravel/framework/src/Illuminate/Database/Schema/Blueprint.php(122): Illuminate/Database/Connection->statement('create table \"g...')
#5 C:/Users/Inovacion/Documents/repo/sirpirtt-laravel/vendor/laravel/framework/src/Illuminate/Database/Schema/Builder.php(702): Illuminate/Database/Schema/Blueprint->build()
#6 C:/Users/Inovacion/Documents/repo/sirpirtt-laravel/vendor/laravel/framework/src/Illuminate/Database/Schema/Builder.php(520): Illuminate/Database/Schema/Builder->build(Object(Illuminate/Database/Schema/Blueprint))
#7 C:/Users/Inovacion/Documents/repo/sirpirtt-laravel/vendor/laravel/framework/src/Illuminate/Support/Facades/Facade.php(364): Illuminate/Database/Schema/Builder->create('geo.estados', Object(Closure))
#8 C:/Users/Inovacion/Documents/repo/sirpirtt-laravel/database/migrations/2026_08_27_193146_create_table_geo_municipios.php(14): Illuminate/Support/Facades/Facade::__callStatic('create', Array)
#9 C:/Users/Inovacion/Documents/repo/sirpirtt-laravel/vendor/laravel/framework/src/Illuminate/Database/Migrations/Migrator.php(517): Illuminate/Database/Migrations/Migration@anonymous->up()
#10 C:/Users/Inovacion/Documents/repo/sirpirtt-laravel/vendor/laravel/framework/src/Illuminate/Database/Migrations/Migrator.php(442): Illuminate/Database/Migrations/Migrator->runMethod(Object(Illuminate/Database/PostgresConnection), Object(Illuminate/Database/Migrations/Migration@anonymous), 'up')
#11 C:/Users/Inovacion/Documents/repo/sirpirtt-laravel/vendor/laravel/framework/src/Illuminate/Database/Concerns/ManagesTransactions.php(35): Illuminate/Database/Migrations/Migrator->Illuminate/Database/Migrations/{closure}(Object(Illuminate/Database/PostgresConnection))
#12 C:/Users/Inovacion/Documents/repo/sirpirtt-laravel/vendor/laravel/framework/src/Illuminate/Database/Migrations/Migrator.php(450): Illuminate/Database/Connection->transaction(Object(Closure))
#13 C:/Users/Inovacion/Documents/repo/sirpirtt-laravel/vendor/laravel/framework/src/Illuminate/Database/Migrations/Migrator.php(253): Illuminate/Database/Migrations/Migrator->runMigration(Object(Illuminate/Database/Migrations/Migration@anonymous), 'up', '2026_08_27_1931...')
#14 C:/Users/Inovacion/Documents/repo/sirpirtt-laravel/vendor/laravel/framework/src/Illuminate/Console/View/Components/Task.php(43): Illuminate/Database/Migrations/Migrator->Illuminate/Database/Migrations/{closure}()
#15 C:/Users/Inovacion/Documents/repo/sirpirtt-laravel/vendor/laravel/framework/src/Illuminate/Database/Migrations/Migrator.php(853): Illuminate/Console/View/Components/Task->render('2026_08_27_1931...', Object(Closure))
#16 C:/Users/Inovacion/Documents/repo/sirpirtt-laravel/vendor/laravel/framework/src/Illuminate/Database/Migrations/Migrator.php(253): Illuminate/Database/Migrations/Migrator->write('Illuminate//Cons...', '2026_08_27_1931...', Object(Closure))
#17 C:/Users/Inovacion/Documents/repo/sirpirtt-laravel/vendor/laravel/framework/src/Illuminate/Database/Migrations/Migrator.php(211): Illuminate/Database/Migrations/Migrator->runUp('C://Users//Inovac...', 1, false)
#18 C:/Users/Inovacion/Documents/repo/sirpirtt-laravel/vendor/laravel/framework/src/Illuminate/Database/Migrations/Migrator.php(138): Illuminate/Database/Migrations/Migrator->runPending(Array, Array)
#19 C:/Users/Inovacion/Documents/repo/sirpirtt-laravel/vendor/laravel/framework/src/Illuminate/Database/Console/Migrations/MigrateCommand.php(118): Illuminate/Database/Migrations/Migrator->run(Array, Array)
#20 C:/Users/Inovacion/Documents/repo/sirpirtt-laravel/vendor/laravel/framework/src/Illuminate/Database/Migrations/Migrator.php(672): Illuminate/Database/Console/Migrations/MigrateCommand->Illuminate/Database/Console/Migrations/{closure}()
#21 C:/Users/Inovacion/Documents/repo/sirpirtt-laravel/vendor/laravel/framework/src/Illuminate/Database/Console/Migrations/MigrateCommand.php(111): Illuminate/Database/Migrations/Migrator->usingConnection(NULL, Object(Closure))
#22 C:/Users/Inovacion/Documents/repo/sirpirtt-laravel/vendor/laravel/framework/src/Illuminate/Database/Console/Migrations/MigrateCommand.php(90): Illuminate/Database/Console/Migrations/MigrateCommand->runMigrations()
#23 C:/Users/Inovacion/Documents/repo/sirpirtt-laravel/vendor/laravel/framework/src/Illuminate/Container/BoundMethod.php(36): Illuminate/Database/Console/Migrations/MigrateCommand->handle()
#24 C:/Users/Inovacion/Documents/repo/sirpirtt-laravel/vendor/laravel/framework/src/Illuminate/Container/Util.php(43): Illuminate/Container/BoundMethod::Illuminate/Container/{closure}()
#25 C:/Users/Inovacion/Documents/repo/sirpirtt-laravel/vendor/laravel/framework/src/Illuminate/Container/BoundMethod.php(96): Illuminate/Container/Util::unwrapIfClosure(Object(Closure))
#26 C:/Users/Inovacion/Documents/repo/sirpirtt-laravel/vendor/laravel/framework/src/Illuminate/Container/BoundMethod.php(35): Illuminate/Container/BoundMethod::callBoundMethod(Object(Illuminate/Foundation/Application), Array, Object(Closure))
#27 C:/Users/Inovacion/Documents/repo/sirpirtt-laravel/vendor/laravel/framework/src/Illuminate/Container/Container.php(801): Illuminate/Container/BoundMethod::call(Object(Illuminate/Foundation/Application), Array, Array, NULL)
#28 C:/Users/Inovacion/Documents/repo/sirpirtt-laravel/vendor/laravel/framework/src/Illuminate/Console/Command.php(292): Illuminate/Container/Container->call(Array)
#29 C:/Users/Inovacion/Documents/repo/sirpirtt-laravel/vendor/symfony/console/Command/Command.php(341): Illuminate/Console/Command->execute(Object(Symfony/Component/Console/Input/ArrayInput), Object(Illuminate/Console/OutputStyle))
#30 C:/Users/Inovacion/Documents/repo/sirpirtt-laravel/vendor/laravel/framework/src/Illuminate/Console/Command.php(261): Symfony/Component/Console/Command/Command->run(Object(Symfony/Component/Console/Input/ArrayInput), Object(Illuminate/Console/OutputStyle))
#31 C:/Users/Inovacion/Documents/repo/sirpirtt-laravel/vendor/laravel/framework/src/Illuminate/Console/Concerns/CallsCommands.php(68): Illuminate/Console/Command->run(Object(Symfony/Component/Console/Input/ArrayInput), Object(Illuminate/Console/OutputStyle))
#32 C:/Users/Inovacion/Documents/repo/sirpirtt-laravel/vendor/laravel/framework/src/Illuminate/Console/Concerns/CallsCommands.php(29): Illuminate/Console/Command->runCommand('migrate', Array, Object(Illuminate/Console/OutputStyle))
#33 C:/Users/Inovacion/Documents/repo/sirpirtt-laravel/vendor/laravel/framework/src/Illuminate/Database/Console/Migrations/FreshCommand.php(96): Illuminate/Console/Command->call('migrate', Array)
#34 C:/Users/Inovacion/Documents/repo/sirpirtt-laravel/vendor/laravel/framework/src/Illuminate/Container/BoundMethod.php(36): Illuminate/Database/Console/Migrations/FreshCommand->handle()
#35 C:/Users/Inovacion/Documents/repo/sirpirtt-laravel/vendor/laravel/framework/src/Illuminate/Container/Util.php(43): Illuminate/Container/BoundMethod::Illuminate/Container/{closure}()
#36 C:/Users/Inovacion/Documents/repo/sirpirtt-laravel/vendor/laravel/framework/src/Illuminate/Container/BoundMethod.php(96): Illuminate/Container/Util::unwrapIfClosure(Object(Closure))
#37 C:/Users/Inovacion/Documents/repo/sirpirtt-laravel/vendor/laravel/framework/src/Illuminate/Container/BoundMethod.php(35): Illuminate/Container/BoundMethod::callBoundMethod(Object(Illuminate/Foundation/Application), Array, Object(Closure))
#38 C:/Users/Inovacion/Documents/repo/sirpirtt-laravel/vendor/laravel/framework/src/Illuminate/Container/Container.php(801): Illuminate/Container/BoundMethod::call(Object(Illuminate/Foundation/Application), Array, Array, NULL)
#39 C:/Users/Inovacion/Documents/repo/sirpirtt-laravel/vendor/laravel/framework/src/Illuminate/Console/Command.php(292): Illuminate/Container/Container->call(Array)
#40 C:/Users/Inovacion/Documents/repo/sirpirtt-laravel/vendor/symfony/console/Command/Command.php(341): Illuminate/Console/Command->execute(Object(Symfony/Component/Console/Input/ArgvInput), Object(Illuminate/Console/OutputStyle))
#41 C:/Users/Inovacion/Documents/repo/sirpirtt-laravel/vendor/laravel/framework/src/Illuminate/Console/Command.php(261): Symfony/Component/Console/Command/Command->run(Object(Symfony/Component/Console/Input/ArgvInput), Object(Illuminate/Console/OutputStyle))
#42 C:/Users/Inovacion/Documents/repo/sirpirtt-laravel/vendor/symfony/console/Application.php(1117): Illuminate/Console/Command->run(Object(Symfony/Component/Console/Input/ArgvInput), Object(Symfony/Component/Console/Output/ConsoleOutput))
#43 C:/Users/Inovacion/Documents/repo/sirpirtt-laravel/vendor/symfony/console/Application.php(356): Symfony/Component/Console/Application->doRunCommand(Object(Illuminate/Database/Console/Migrations/FreshCommand), Object(Symfony/Component/Console/Input/ArgvInput), Object(Symfony/Component/Console/Output/ConsoleOutput))
#44 C:/Users/Inovacion/Documents/repo/sirpirtt-laravel/vendor/symfony/console/Application.php(195): Symfony/Component/Console/Application->doRun(Object(Symfony/Component/Console/Input/ArgvInput), Object(Symfony/Component/Console/Output/ConsoleOutput))
#45 C:/Users/Inovacion/Documents/repo/sirpirtt-laravel/vendor/laravel/framework/src/Illuminate/Foundation/Console/Kernel.php(198): Symfony/Component/Console/Application->run(Object(Symfony/Component/Console/Input/ArgvInput), Object(Symfony/Component/Console/Output/ConsoleOutput))
#46 C:/Users/Inovacion/Documents/repo/sirpirtt-laravel/vendor/laravel/framework/src/Illuminate/Foundation/Application.php(1242): Illuminate/Foundation/Console/Kernel->handle(Object(Symfony/Component/Console/Input/ArgvInput), Object(Symfony/Component/Console/Output/ConsoleOutput))
#47 C:/Users/Inovacion/Documents/repo/sirpirtt-laravel/artisan(16): Illuminate/Foundation/Application->handleCommand(Object(Symfony/Component/Console/Input/ArgvInput))
#48 {main}
"} 
[2026-08-27 19:50:21] local.ERROR: SQLSTATE[3F000]: Invalid schema name: 7 ERROR:  schema "geo" does not exist at character 14 (Connection: pgsql, Host: contenedores06.bcs.gob.mx, Port: 5404, Database: Sirpirtt, SQL: create table "geo"."municipios" ("id" bigserial not null primary key, "estado_id" bigint not null, "clave" varchar(255) not null, "nombre" varchar(255) not null, "is_active" boolean not null default '1', "created_at" timestamp(0) without time zone null, "updated_at" timestamp(0) without time zone null, "deleted_at" timestamp(0) without time zone null)) {"exception":"[object] (Illuminate\\Database\\QueryException(code: 3F000): SQLSTATE[3F000]: Invalid schema name: 7 ERROR:  schema \"geo\" does not exist at character 14 (Connection: pgsql, Host: contenedores06.bcs.gob.mx, Port: 5404, Database: Sirpirtt, SQL: create table \"geo\".\"municipios\" (\"id\" bigserial not null primary key, \"estado_id\" bigint not null, \"clave\" varchar(255) not null, \"nombre\" varchar(255) not null, \"is_active\" boolean not null default '1', \"created_at\" timestamp(0) without time zone null, \"updated_at\" timestamp(0) without time zone null, \"deleted_at\" timestamp(0) without time zone null)) at C:/Users/Inovacion/Documents/repo/sirpirtt-laravel/vendor/laravel/framework/src/Illuminate/Database/Connection.php:857)
[stacktrace]
#0 C:/Users/Inovacion/Documents/repo/sirpirtt-laravel/vendor/laravel/framework/src/Illuminate/Database/Connection.php(813): Illuminate/Database/Connection->runQueryCallback('create table \"g...', Array, Object(Closure))
#1 C:/Users/Inovacion/Documents/repo/sirpirtt-laravel/vendor/laravel/framework/src/Illuminate/Database/Connection.php(590): Illuminate/Database/Connection->run('create table \"g...', Array, Object(Closure))
#2 C:/Users/Inovacion/Documents/repo/sirpirtt-laravel/vendor/laravel/framework/src/Illuminate/Database/Schema/Blueprint.php(122): Illuminate/Database/Connection->statement('create table \"g...')
#3 C:/Users/Inovacion/Documents/repo/sirpirtt-laravel/vendor/laravel/framework/src/Illuminate/Database/Schema/Builder.php(702): Illuminate/Database/Schema/Blueprint->build()
#4 C:/Users/Inovacion/Documents/repo/sirpirtt-laravel/vendor/laravel/framework/src/Illuminate/Database/Schema/Builder.php(520): Illuminate/Database/Schema/Builder->build(Object(Illuminate/Database/Schema/Blueprint))
#5 C:/Users/Inovacion/Documents/repo/sirpirtt-laravel/vendor/laravel/framework/src/Illuminate/Support/Facades/Facade.php(364): Illuminate/Database/Schema/Builder->create('geo.municipios', Object(Closure))
#6 C:/Users/Inovacion/Documents/repo/sirpirtt-laravel/database/migrations/2026_08_27_193146_create_table_geo_municipios.php(14): Illuminate/Support/Facades/Facade::__callStatic('create', Array)
#7 C:/Users/Inovacion/Documents/repo/sirpirtt-laravel/vendor/laravel/framework/src/Illuminate/Database/Migrations/Migrator.php(517): Illuminate/Database/Migrations/Migration@anonymous->up()
#8 C:/Users/Inovacion/Documents/repo/sirpirtt-laravel/vendor/laravel/framework/src/Illuminate/Database/Migrations/Migrator.php(442): Illuminate/Database/Migrations/Migrator->runMethod(Object(Illuminate/Database/PostgresConnection), Object(Illuminate/Database/Migrations/Migration@anonymous), 'up')
#9 C:/Users/Inovacion/Documents/repo/sirpirtt-laravel/vendor/laravel/framework/src/Illuminate/Database/Concerns/ManagesTransactions.php(35): Illuminate/Database/Migrations/Migrator->Illuminate/Database/Migrations/{closure}(Object(Illuminate/Database/PostgresConnection))
#10 C:/Users/Inovacion/Documents/repo/sirpirtt-laravel/vendor/laravel/framework/src/Illuminate/Database/Migrations/Migrator.php(450): Illuminate/Database/Connection->transaction(Object(Closure))
#11 C:/Users/Inovacion/Documents/repo/sirpirtt-laravel/vendor/laravel/framework/src/Illuminate/Database/Migrations/Migrator.php(253): Illuminate/Database/Migrations/Migrator->runMigration(Object(Illuminate/Database/Migrations/Migration@anonymous), 'up', '2026_08_27_1931...')
#12 C:/Users/Inovacion/Documents/repo/sirpirtt-laravel/vendor/laravel/framework/src/Illuminate/Console/View/Components/Task.php(43): Illuminate/Database/Migrations/Migrator->Illuminate/Database/Migrations/{closure}()
#13 C:/Users/Inovacion/Documents/repo/sirpirtt-laravel/vendor/laravel/framework/src/Illuminate/Database/Migrations/Migrator.php(853): Illuminate/Console/View/Components/Task->render('2026_08_27_1931...', Object(Closure))
#14 C:/Users/Inovacion/Documents/repo/sirpirtt-laravel/vendor/laravel/framework/src/Illuminate/Database/Migrations/Migrator.php(253): Illuminate/Database/Migrations/Migrator->write('Illuminate//Cons...', '2026_08_27_1931...', Object(Closure))
#15 C:/Users/Inovacion/Documents/repo/sirpirtt-laravel/vendor/laravel/framework/src/Illuminate/Database/Migrations/Migrator.php(211): Illuminate/Database/Migrations/Migrator->runUp('C://Users//Inovac...', 2, false)
#16 C:/Users/Inovacion/Documents/repo/sirpirtt-laravel/vendor/laravel/framework/src/Illuminate/Database/Migrations/Migrator.php(138): Illuminate/Database/Migrations/Migrator->runPending(Array, Array)
#17 C:/Users/Inovacion/Documents/repo/sirpirtt-laravel/vendor/laravel/framework/src/Illuminate/Database/Console/Migrations/MigrateCommand.php(118): Illuminate/Database/Migrations/Migrator->run(Array, Array)
#18 C:/Users/Inovacion/Documents/repo/sirpirtt-laravel/vendor/laravel/framework/src/Illuminate/Database/Migrations/Migrator.php(672): Illuminate/Database/Console/Migrations/MigrateCommand->Illuminate/Database/Console/Migrations/{closure}()
#19 C:/Users/Inovacion/Documents/repo/sirpirtt-laravel/vendor/laravel/framework/src/Illuminate/Database/Console/Migrations/MigrateCommand.php(111): Illuminate/Database/Migrations/Migrator->usingConnection(NULL, Object(Closure))
#20 C:/Users/Inovacion/Documents/repo/sirpirtt-laravel/vendor/laravel/framework/src/Illuminate/Database/Console/Migrations/MigrateCommand.php(90): Illuminate/Database/Console/Migrations/MigrateCommand->runMigrations()
#21 C:/Users/Inovacion/Documents/repo/sirpirtt-laravel/vendor/laravel/framework/src/Illuminate/Container/BoundMethod.php(36): Illuminate/Database/Console/Migrations/MigrateCommand->handle()
#22 C:/Users/Inovacion/Documents/repo/sirpirtt-laravel/vendor/laravel/framework/src/Illuminate/Container/Util.php(43): Illuminate/Container/BoundMethod::Illuminate/Container/{closure}()
#23 C:/Users/Inovacion/Documents/repo/sirpirtt-laravel/vendor/laravel/framework/src/Illuminate/Container/BoundMethod.php(96): Illuminate/Container/Util::unwrapIfClosure(Object(Closure))
#24 C:/Users/Inovacion/Documents/repo/sirpirtt-laravel/vendor/laravel/framework/src/Illuminate/Container/BoundMethod.php(35): Illuminate/Container/BoundMethod::callBoundMethod(Object(Illuminate/Foundation/Application), Array, Object(Closure))
#25 C:/Users/Inovacion/Documents/repo/sirpirtt-laravel/vendor/laravel/framework/src/Illuminate/Container/Container.php(801): Illuminate/Container/BoundMethod::call(Object(Illuminate/Foundation/Application), Array, Array, NULL)
#26 C:/Users/Inovacion/Documents/repo/sirpirtt-laravel/vendor/laravel/framework/src/Illuminate/Console/Command.php(292): Illuminate/Container/Container->call(Array)
#27 C:/Users/Inovacion/Documents/repo/sirpirtt-laravel/vendor/symfony/console/Command/Command.php(341): Illuminate/Console/Command->execute(Object(Symfony/Component/Console/Input/ArrayInput), Object(Illuminate/Console/OutputStyle))
#28 C:/Users/Inovacion/Documents/repo/sirpirtt-laravel/vendor/laravel/framework/src/Illuminate/Console/Command.php(261): Symfony/Component/Console/Command/Command->run(Object(Symfony/Component/Console/Input/ArrayInput), Object(Illuminate/Console/OutputStyle))
#29 C:/Users/Inovacion/Documents/repo/sirpirtt-laravel/vendor/laravel/framework/src/Illuminate/Console/Concerns/CallsCommands.php(68): Illuminate/Console/Command->run(Object(Symfony/Component/Console/Input/ArrayInput), Object(Illuminate/Console/OutputStyle))
#30 C:/Users/Inovacion/Documents/repo/sirpirtt-laravel/vendor/laravel/framework/src/Illuminate/Console/Concerns/CallsCommands.php(29): Illuminate/Console/Command->runCommand('migrate', Array, Object(Illuminate/Console/OutputStyle))
#31 C:/Users/Inovacion/Documents/repo/sirpirtt-laravel/app/Console/Commands/DatabaseFresh.php(36): Illuminate/Console/Command->call('migrate')
#32 C:/Users/Inovacion/Documents/repo/sirpirtt-laravel/vendor/laravel/framework/src/Illuminate/Container/BoundMethod.php(36): App/Console/Commands/DatabaseFresh->handle()
#33 C:/Users/Inovacion/Documents/repo/sirpirtt-laravel/vendor/laravel/framework/src/Illuminate/Container/Util.php(43): Illuminate/Container/BoundMethod::Illuminate/Container/{closure}()
#34 C:/Users/Inovacion/Documents/repo/sirpirtt-laravel/vendor/laravel/framework/src/Illuminate/Container/BoundMethod.php(96): Illuminate/Container/Util::unwrapIfClosure(Object(Closure))
#35 C:/Users/Inovacion/Documents/repo/sirpirtt-laravel/vendor/laravel/framework/src/Illuminate/Container/BoundMethod.php(35): Illuminate/Container/BoundMethod::callBoundMethod(Object(Illuminate/Foundation/Application), Array, Object(Closure))
#36 C:/Users/Inovacion/Documents/repo/sirpirtt-laravel/vendor/laravel/framework/src/Illuminate/Container/Container.php(801): Illuminate/Container/BoundMethod::call(Object(Illuminate/Foundation/Application), Array, Array, NULL)
#37 C:/Users/Inovacion/Documents/repo/sirpirtt-laravel/vendor/laravel/framework/src/Illuminate/Console/Command.php(292): Illuminate/Container/Container->call(Array)
#38 C:/Users/Inovacion/Documents/repo/sirpirtt-laravel/vendor/symfony/console/Command/Command.php(341): Illuminate/Console/Command->execute(Object(Symfony/Component/Console/Input/ArgvInput), Object(Illuminate/Console/OutputStyle))
#39 C:/Users/Inovacion/Documents/repo/sirpirtt-laravel/vendor/laravel/framework/src/Illuminate/Console/Command.php(261): Symfony/Component/Console/Command/Command->run(Object(Symfony/Component/Console/Input/ArgvInput), Object(Illuminate/Console/OutputStyle))
#40 C:/Users/Inovacion/Documents/repo/sirpirtt-laravel/vendor/symfony/console/Application.php(1117): Illuminate/Console/Command->run(Object(Symfony/Component/Console/Input/ArgvInput), Object(Symfony/Component/Console/Output/ConsoleOutput))
#41 C:/Users/Inovacion/Documents/repo/sirpirtt-laravel/vendor/symfony/console/Application.php(356): Symfony/Component/Console/Application->doRunCommand(Object(App/Console/Commands/DatabaseFresh), Object(Symfony/Component/Console/Input/ArgvInput), Object(Symfony/Component/Console/Output/ConsoleOutput))
#42 C:/Users/Inovacion/Documents/repo/sirpirtt-laravel/vendor/symfony/console/Application.php(195): Symfony/Component/Console/Application->doRun(Object(Symfony/Component/Console/Input/ArgvInput), Object(Symfony/Component/Console/Output/ConsoleOutput))
#43 C:/Users/Inovacion/Documents/repo/sirpirtt-laravel/vendor/laravel/framework/src/Illuminate/Foundation/Console/Kernel.php(198): Symfony/Component/Console/Application->run(Object(Symfony/Component/Console/Input/ArgvInput), Object(Symfony/Component/Console/Output/ConsoleOutput))
#44 C:/Users/Inovacion/Documents/repo/sirpirtt-laravel/vendor/laravel/framework/src/Illuminate/Foundation/Application.php(1242): Illuminate/Foundation/Console/Kernel->handle(Object(Symfony/Component/Console/Input/ArgvInput), Object(Symfony/Component/Console/Output/ConsoleOutput))
#45 C:/Users/Inovacion/Documents/repo/sirpirtt-laravel/artisan(16): Illuminate/Foundation/Application->handleCommand(Object(Symfony/Component/Console/Input/ArgvInput))
#46 {main}

[previous exception] [object] (PDOException(code: 3F000): SQLSTATE[3F000]: Invalid schema name: 7 ERROR:  schema \"geo\" does not exist at character 14 at C:/Users/Inovacion/Documents/repo/sirpirtt-laravel/vendor/laravel/framework/src/Illuminate/Database/Connection.php:601)
[stacktrace]
#0 C:/Users/Inovacion/Documents/repo/sirpirtt-laravel/vendor/laravel/framework/src/Illuminate/Database/Connection.php(601): PDOStatement->execute()
#1 C:/Users/Inovacion/Documents/repo/sirpirtt-laravel/vendor/laravel/framework/src/Illuminate/Database/Connection.php(846): Illuminate/Database/Connection->Illuminate/Database/{closure}('create table \"g...', Array)
#2 C:/Users/Inovacion/Documents/repo/sirpirtt-laravel/vendor/laravel/framework/src/Illuminate/Database/Connection.php(813): Illuminate/Database/Connection->runQueryCallback('create table \"g...', Array, Object(Closure))
#3 C:/Users/Inovacion/Documents/repo/sirpirtt-laravel/vendor/laravel/framework/src/Illuminate/Database/Connection.php(590): Illuminate/Database/Connection->run('create table \"g...', Array, Object(Closure))
#4 C:/Users/Inovacion/Documents/repo/sirpirtt-laravel/vendor/laravel/framework/src/Illuminate/Database/Schema/Blueprint.php(122): Illuminate/Database/Connection->statement('create table \"g...')
#5 C:/Users/Inovacion/Documents/repo/sirpirtt-laravel/vendor/laravel/framework/src/Illuminate/Database/Schema/Builder.php(702): Illuminate/Database/Schema/Blueprint->build()
#6 C:/Users/Inovacion/Documents/repo/sirpirtt-laravel/vendor/laravel/framework/src/Illuminate/Database/Schema/Builder.php(520): Illuminate/Database/Schema/Builder->build(Object(Illuminate/Database/Schema/Blueprint))
#7 C:/Users/Inovacion/Documents/repo/sirpirtt-laravel/vendor/laravel/framework/src/Illuminate/Support/Facades/Facade.php(364): Illuminate/Database/Schema/Builder->create('geo.municipios', Object(Closure))
#8 C:/Users/Inovacion/Documents/repo/sirpirtt-laravel/database/migrations/2026_08_27_193146_create_table_geo_municipios.php(14): Illuminate/Support/Facades/Facade::__callStatic('create', Array)
#9 C:/Users/Inovacion/Documents/repo/sirpirtt-laravel/vendor/laravel/framework/src/Illuminate/Database/Migrations/Migrator.php(517): Illuminate/Database/Migrations/Migration@anonymous->up()
#10 C:/Users/Inovacion/Documents/repo/sirpirtt-laravel/vendor/laravel/framework/src/Illuminate/Database/Migrations/Migrator.php(442): Illuminate/Database/Migrations/Migrator->runMethod(Object(Illuminate/Database/PostgresConnection), Object(Illuminate/Database/Migrations/Migration@anonymous), 'up')
#11 C:/Users/Inovacion/Documents/repo/sirpirtt-laravel/vendor/laravel/framework/src/Illuminate/Database/Concerns/ManagesTransactions.php(35): Illuminate/Database/Migrations/Migrator->Illuminate/Database/Migrations/{closure}(Object(Illuminate/Database/PostgresConnection))
#12 C:/Users/Inovacion/Documents/repo/sirpirtt-laravel/vendor/laravel/framework/src/Illuminate/Database/Migrations/Migrator.php(450): Illuminate/Database/Connection->transaction(Object(Closure))
#13 C:/Users/Inovacion/Documents/repo/sirpirtt-laravel/vendor/laravel/framework/src/Illuminate/Database/Migrations/Migrator.php(253): Illuminate/Database/Migrations/Migrator->runMigration(Object(Illuminate/Database/Migrations/Migration@anonymous), 'up', '2026_08_27_1931...')
#14 C:/Users/Inovacion/Documents/repo/sirpirtt-laravel/vendor/laravel/framework/src/Illuminate/Console/View/Components/Task.php(43): Illuminate/Database/Migrations/Migrator->Illuminate/Database/Migrations/{closure}()
#15 C:/Users/Inovacion/Documents/repo/sirpirtt-laravel/vendor/laravel/framework/src/Illuminate/Database/Migrations/Migrator.php(853): Illuminate/Console/View/Components/Task->render('2026_08_27_1931...', Object(Closure))
#16 C:/Users/Inovacion/Documents/repo/sirpirtt-laravel/vendor/laravel/framework/src/Illuminate/Database/Migrations/Migrator.php(253): Illuminate/Database/Migrations/Migrator->write('Illuminate//Cons...', '2026_08_27_1931...', Object(Closure))
#17 C:/Users/Inovacion/Documents/repo/sirpirtt-laravel/vendor/laravel/framework/src/Illuminate/Database/Migrations/Migrator.php(211): Illuminate/Database/Migrations/Migrator->runUp('C://Users//Inovac...', 2, false)
#18 C:/Users/Inovacion/Documents/repo/sirpirtt-laravel/vendor/laravel/framework/src/Illuminate/Database/Migrations/Migrator.php(138): Illuminate/Database/Migrations/Migrator->runPending(Array, Array)
#19 C:/Users/Inovacion/Documents/repo/sirpirtt-laravel/vendor/laravel/framework/src/Illuminate/Database/Console/Migrations/MigrateCommand.php(118): Illuminate/Database/Migrations/Migrator->run(Array, Array)
#20 C:/Users/Inovacion/Documents/repo/sirpirtt-laravel/vendor/laravel/framework/src/Illuminate/Database/Migrations/Migrator.php(672): Illuminate/Database/Console/Migrations/MigrateCommand->Illuminate/Database/Console/Migrations/{closure}()
#21 C:/Users/Inovacion/Documents/repo/sirpirtt-laravel/vendor/laravel/framework/src/Illuminate/Database/Console/Migrations/MigrateCommand.php(111): Illuminate/Database/Migrations/Migrator->usingConnection(NULL, Object(Closure))
#22 C:/Users/Inovacion/Documents/repo/sirpirtt-laravel/vendor/laravel/framework/src/Illuminate/Database/Console/Migrations/MigrateCommand.php(90): Illuminate/Database/Console/Migrations/MigrateCommand->runMigrations()
#23 C:/Users/Inovacion/Documents/repo/sirpirtt-laravel/vendor/laravel/framework/src/Illuminate/Container/BoundMethod.php(36): Illuminate/Database/Console/Migrations/MigrateCommand->handle()
#24 C:/Users/Inovacion/Documents/repo/sirpirtt-laravel/vendor/laravel/framework/src/Illuminate/Container/Util.php(43): Illuminate/Container/BoundMethod::Illuminate/Container/{closure}()
#25 C:/Users/Inovacion/Documents/repo/sirpirtt-laravel/vendor/laravel/framework/src/Illuminate/Container/BoundMethod.php(96): Illuminate/Container/Util::unwrapIfClosure(Object(Closure))
#26 C:/Users/Inovacion/Documents/repo/sirpirtt-laravel/vendor/laravel/framework/src/Illuminate/Container/BoundMethod.php(35): Illuminate/Container/BoundMethod::callBoundMethod(Object(Illuminate/Foundation/Application), Array, Object(Closure))
#27 C:/Users/Inovacion/Documents/repo/sirpirtt-laravel/vendor/laravel/framework/src/Illuminate/Container/Container.php(801): Illuminate/Container/BoundMethod::call(Object(Illuminate/Foundation/Application), Array, Array, NULL)
#28 C:/Users/Inovacion/Documents/repo/sirpirtt-laravel/vendor/laravel/framework/src/Illuminate/Console/Command.php(292): Illuminate/Container/Container->call(Array)
#29 C:/Users/Inovacion/Documents/repo/sirpirtt-laravel/vendor/symfony/console/Command/Command.php(341): Illuminate/Console/Command->execute(Object(Symfony/Component/Console/Input/ArrayInput), Object(Illuminate/Console/OutputStyle))
#30 C:/Users/Inovacion/Documents/repo/sirpirtt-laravel/vendor/laravel/framework/src/Illuminate/Console/Command.php(261): Symfony/Component/Console/Command/Command->run(Object(Symfony/Component/Console/Input/ArrayInput), Object(Illuminate/Console/OutputStyle))
#31 C:/Users/Inovacion/Documents/repo/sirpirtt-laravel/vendor/laravel/framework/src/Illuminate/Console/Concerns/CallsCommands.php(68): Illuminate/Console/Command->run(Object(Symfony/Component/Console/Input/ArrayInput), Object(Illuminate/Console/OutputStyle))
#32 C:/Users/Inovacion/Documents/repo/sirpirtt-laravel/vendor/laravel/framework/src/Illuminate/Console/Concerns/CallsCommands.php(29): Illuminate/Console/Command->runCommand('migrate', Array, Object(Illuminate/Console/OutputStyle))
#33 C:/Users/Inovacion/Documents/repo/sirpirtt-laravel/app/Console/Commands/DatabaseFresh.php(36): Illuminate/Console/Command->call('migrate')
#34 C:/Users/Inovacion/Documents/repo/sirpirtt-laravel/vendor/laravel/framework/src/Illuminate/Container/BoundMethod.php(36): App/Console/Commands/DatabaseFresh->handle()
#35 C:/Users/Inovacion/Documents/repo/sirpirtt-laravel/vendor/laravel/framework/src/Illuminate/Container/Util.php(43): Illuminate/Container/BoundMethod::Illuminate/Container/{closure}()
#36 C:/Users/Inovacion/Documents/repo/sirpirtt-laravel/vendor/laravel/framework/src/Illuminate/Container/BoundMethod.php(96): Illuminate/Container/Util::unwrapIfClosure(Object(Closure))
#37 C:/Users/Inovacion/Documents/repo/sirpirtt-laravel/vendor/laravel/framework/src/Illuminate/Container/BoundMethod.php(35): Illuminate/Container/BoundMethod::callBoundMethod(Object(Illuminate/Foundation/Application), Array, Object(Closure))
#38 C:/Users/Inovacion/Documents/repo/sirpirtt-laravel/vendor/laravel/framework/src/Illuminate/Container/Container.php(801): Illuminate/Container/BoundMethod::call(Object(Illuminate/Foundation/Application), Array, Array, NULL)
#39 C:/Users/Inovacion/Documents/repo/sirpirtt-laravel/vendor/laravel/framework/src/Illuminate/Console/Command.php(292): Illuminate/Container/Container->call(Array)
#40 C:/Users/Inovacion/Documents/repo/sirpirtt-laravel/vendor/symfony/console/Command/Command.php(341): Illuminate/Console/Command->execute(Object(Symfony/Component/Console/Input/ArgvInput), Object(Illuminate/Console/OutputStyle))
#41 C:/Users/Inovacion/Documents/repo/sirpirtt-laravel/vendor/laravel/framework/src/Illuminate/Console/Command.php(261): Symfony/Component/Console/Command/Command->run(Object(Symfony/Component/Console/Input/ArgvInput), Object(Illuminate/Console/OutputStyle))
#42 C:/Users/Inovacion/Documents/repo/sirpirtt-laravel/vendor/symfony/console/Application.php(1117): Illuminate/Console/Command->run(Object(Symfony/Component/Console/Input/ArgvInput), Object(Symfony/Component/Console/Output/ConsoleOutput))
#43 C:/Users/Inovacion/Documents/repo/sirpirtt-laravel/vendor/symfony/console/Application.php(356): Symfony/Component/Console/Application->doRunCommand(Object(App/Console/Commands/DatabaseFresh), Object(Symfony/Component/Console/Input/ArgvInput), Object(Symfony/Component/Console/Output/ConsoleOutput))
#44 C:/Users/Inovacion/Documents/repo/sirpirtt-laravel/vendor/symfony/console/Application.php(195): Symfony/Component/Console/Application->doRun(Object(Symfony/Component/Console/Input/ArgvInput), Object(Symfony/Component/Console/Output/ConsoleOutput))
#45 C:/Users/Inovacion/Documents/repo/sirpirtt-laravel/vendor/laravel/framework/src/Illuminate/Foundation/Console/Kernel.php(198): Symfony/Component/Console/Application->run(Object(Symfony/Component/Console/Input/ArgvInput), Object(Symfony/Component/Console/Output/ConsoleOutput))
#46 C:/Users/Inovacion/Documents/repo/sirpirtt-laravel/vendor/laravel/framework/src/Illuminate/Foundation/Application.php(1242): Illuminate/Foundation/Console/Kernel->handle(Object(Symfony/Component/Console/Input/ArgvInput), Object(Symfony/Component/Console/Output/ConsoleOutput))
#47 C:/Users/Inovacion/Documents/repo/sirpirtt-laravel/artisan(16): Illuminate/Foundation/Application->handleCommand(Object(Symfony/Component/Console/Input/ArgvInput))
#48 {main}
"} 
[2026-08-27 19:56:05] local.ERROR: SQLSTATE[42P07]: Duplicate table: 7 ERROR:  relation "usuarios" already exists (Connection: pgsql, Host: contenedores06.bcs.gob.mx, Port: 5404, Database: Sirpirtt, SQL: create table "auth"."usuarios" ("id" bigserial not null primary key, "nombre" text null, "apellidos" text null, "email" text null, "telefono" text null, "sig_id" integer null, "created_at" timestamp(0) without time zone null, "updated_at" timestamp(0) without time zone null, "deleted_at" timestamp(0) without time zone null)) {"exception":"[object] (Illuminate\\Database\\QueryException(code: 42P07): SQLSTATE[42P07]: Duplicate table: 7 ERROR:  relation \"usuarios\" already exists (Connection: pgsql, Host: contenedores06.bcs.gob.mx, Port: 5404, Database: Sirpirtt, SQL: create table \"auth\".\"usuarios\" (\"id\" bigserial not null primary key, \"nombre\" text null, \"apellidos\" text null, \"email\" text null, \"telefono\" text null, \"sig_id\" integer null, \"created_at\" timestamp(0) without time zone null, \"updated_at\" timestamp(0) without time zone null, \"deleted_at\" timestamp(0) without time zone null)) at C:/Users/Inovacion/Documents/repo/sirpirtt-laravel/vendor/laravel/framework/src/Illuminate/Database/Connection.php:857)
[stacktrace]
#0 C:/Users/Inovacion/Documents/repo/sirpirtt-laravel/vendor/laravel/framework/src/Illuminate/Database/Connection.php(813): Illuminate/Database/Connection->runQueryCallback('create table \"a...', Array, Object(Closure))
#1 C:/Users/Inovacion/Documents/repo/sirpirtt-laravel/vendor/laravel/framework/src/Illuminate/Database/Connection.php(590): Illuminate/Database/Connection->run('create table \"a...', Array, Object(Closure))
#2 C:/Users/Inovacion/Documents/repo/sirpirtt-laravel/vendor/laravel/framework/src/Illuminate/Database/Schema/Blueprint.php(122): Illuminate/Database/Connection->statement('create table \"a...')
#3 C:/Users/Inovacion/Documents/repo/sirpirtt-laravel/vendor/laravel/framework/src/Illuminate/Database/Schema/Builder.php(702): Illuminate/Database/Schema/Blueprint->build()
#4 C:/Users/Inovacion/Documents/repo/sirpirtt-laravel/vendor/laravel/framework/src/Illuminate/Database/Schema/Builder.php(520): Illuminate/Database/Schema/Builder->build(Object(Illuminate/Database/Schema/Blueprint))
#5 C:/Users/Inovacion/Documents/repo/sirpirtt-laravel/vendor/laravel/framework/src/Illuminate/Support/Facades/Facade.php(364): Illuminate/Database/Schema/Builder->create('auth.usuarios', Object(Closure))
#6 C:/Users/Inovacion/Documents/repo/sirpirtt-laravel/database/migrations/2026_08_20_205430_create_table_auth_usuarios.php(14): Illuminate/Support/Facades/Facade::__callStatic('create', Array)
#7 C:/Users/Inovacion/Documents/repo/sirpirtt-laravel/vendor/laravel/framework/src/Illuminate/Database/Migrations/Migrator.php(517): Illuminate/Database/Migrations/Migration@anonymous->up()
#8 C:/Users/Inovacion/Documents/repo/sirpirtt-laravel/vendor/laravel/framework/src/Illuminate/Database/Migrations/Migrator.php(442): Illuminate/Database/Migrations/Migrator->runMethod(Object(Illuminate/Database/PostgresConnection), Object(Illuminate/Database/Migrations/Migration@anonymous), 'up')
#9 C:/Users/Inovacion/Documents/repo/sirpirtt-laravel/vendor/laravel/framework/src/Illuminate/Database/Concerns/ManagesTransactions.php(35): Illuminate/Database/Migrations/Migrator->Illuminate/Database/Migrations/{closure}(Object(Illuminate/Database/PostgresConnection))
#10 C:/Users/Inovacion/Documents/repo/sirpirtt-laravel/vendor/laravel/framework/src/Illuminate/Database/Migrations/Migrator.php(450): Illuminate/Database/Connection->transaction(Object(Closure))
#11 C:/Users/Inovacion/Documents/repo/sirpirtt-laravel/vendor/laravel/framework/src/Illuminate/Database/Migrations/Migrator.php(253): Illuminate/Database/Migrations/Migrator->runMigration(Object(Illuminate/Database/Migrations/Migration@anonymous), 'up', '2026_08_20_2054...')
#12 C:/Users/Inovacion/Documents/repo/sirpirtt-laravel/vendor/laravel/framework/src/Illuminate/Console/View/Components/Task.php(43): Illuminate/Database/Migrations/Migrator->Illuminate/Database/Migrations/{closure}()
#13 C:/Users/Inovacion/Documents/repo/sirpirtt-laravel/vendor/laravel/framework/src/Illuminate/Database/Migrations/Migrator.php(853): Illuminate/Console/View/Components/Task->render('2026_08_20_2054...', Object(Closure))
#14 C:/Users/Inovacion/Documents/repo/sirpirtt-laravel/vendor/laravel/framework/src/Illuminate/Database/Migrations/Migrator.php(253): Illuminate/Database/Migrations/Migrator->write('Illuminate//Cons...', '2026_08_20_2054...', Object(Closure))
#15 C:/Users/Inovacion/Documents/repo/sirpirtt-laravel/vendor/laravel/framework/src/Illuminate/Database/Migrations/Migrator.php(211): Illuminate/Database/Migrations/Migrator->runUp('C://Users//Inovac...', 1, false)
#16 C:/Users/Inovacion/Documents/repo/sirpirtt-laravel/vendor/laravel/framework/src/Illuminate/Database/Migrations/Migrator.php(138): Illuminate/Database/Migrations/Migrator->runPending(Array, Array)
#17 C:/Users/Inovacion/Documents/repo/sirpirtt-laravel/vendor/laravel/framework/src/Illuminate/Database/Console/Migrations/MigrateCommand.php(118): Illuminate/Database/Migrations/Migrator->run(Array, Array)
#18 C:/Users/Inovacion/Documents/repo/sirpirtt-laravel/vendor/laravel/framework/src/Illuminate/Database/Migrations/Migrator.php(672): Illuminate/Database/Console/Migrations/MigrateCommand->Illuminate/Database/Console/Migrations/{closure}()
#19 C:/Users/Inovacion/Documents/repo/sirpirtt-laravel/vendor/laravel/framework/src/Illuminate/Database/Console/Migrations/MigrateCommand.php(111): Illuminate/Database/Migrations/Migrator->usingConnection(NULL, Object(Closure))
#20 C:/Users/Inovacion/Documents/repo/sirpirtt-laravel/vendor/laravel/framework/src/Illuminate/Database/Console/Migrations/MigrateCommand.php(90): Illuminate/Database/Console/Migrations/MigrateCommand->runMigrations()
#21 C:/Users/Inovacion/Documents/repo/sirpirtt-laravel/vendor/laravel/framework/src/Illuminate/Container/BoundMethod.php(36): Illuminate/Database/Console/Migrations/MigrateCommand->handle()
#22 C:/Users/Inovacion/Documents/repo/sirpirtt-laravel/vendor/laravel/framework/src/Illuminate/Container/Util.php(43): Illuminate/Container/BoundMethod::Illuminate/Container/{closure}()
#23 C:/Users/Inovacion/Documents/repo/sirpirtt-laravel/vendor/laravel/framework/src/Illuminate/Container/BoundMethod.php(96): Illuminate/Container/Util::unwrapIfClosure(Object(Closure))
#24 C:/Users/Inovacion/Documents/repo/sirpirtt-laravel/vendor/laravel/framework/src/Illuminate/Container/BoundMethod.php(35): Illuminate/Container/BoundMethod::callBoundMethod(Object(Illuminate/Foundation/Application), Array, Object(Closure))
#25 C:/Users/Inovacion/Documents/repo/sirpirtt-laravel/vendor/laravel/framework/src/Illuminate/Container/Container.php(801): Illuminate/Container/BoundMethod::call(Object(Illuminate/Foundation/Application), Array, Array, NULL)
#26 C:/Users/Inovacion/Documents/repo/sirpirtt-laravel/vendor/laravel/framework/src/Illuminate/Console/Command.php(292): Illuminate/Container/Container->call(Array)
#27 C:/Users/Inovacion/Documents/repo/sirpirtt-laravel/vendor/symfony/console/Command/Command.php(341): Illuminate/Console/Command->execute(Object(Symfony/Component/Console/Input/ArrayInput), Object(Illuminate/Console/OutputStyle))
#28 C:/Users/Inovacion/Documents/repo/sirpirtt-laravel/vendor/laravel/framework/src/Illuminate/Console/Command.php(261): Symfony/Component/Console/Command/Command->run(Object(Symfony/Component/Console/Input/ArrayInput), Object(Illuminate/Console/OutputStyle))
#29 C:/Users/Inovacion/Documents/repo/sirpirtt-laravel/vendor/laravel/framework/src/Illuminate/Console/Concerns/CallsCommands.php(68): Illuminate/Console/Command->run(Object(Symfony/Component/Console/Input/ArrayInput), Object(Illuminate/Console/OutputStyle))
#30 C:/Users/Inovacion/Documents/repo/sirpirtt-laravel/vendor/laravel/framework/src/Illuminate/Console/Concerns/CallsCommands.php(29): Illuminate/Console/Command->runCommand('migrate', Array, Object(Illuminate/Console/OutputStyle))
#31 C:/Users/Inovacion/Documents/repo/sirpirtt-laravel/vendor/laravel/framework/src/Illuminate/Database/Console/Migrations/FreshCommand.php(96): Illuminate/Console/Command->call('migrate', Array)
#32 C:/Users/Inovacion/Documents/repo/sirpirtt-laravel/vendor/laravel/framework/src/Illuminate/Container/BoundMethod.php(36): Illuminate/Database/Console/Migrations/FreshCommand->handle()
#33 C:/Users/Inovacion/Documents/repo/sirpirtt-laravel/vendor/laravel/framework/src/Illuminate/Container/Util.php(43): Illuminate/Container/BoundMethod::Illuminate/Container/{closure}()
#34 C:/Users/Inovacion/Documents/repo/sirpirtt-laravel/vendor/laravel/framework/src/Illuminate/Container/BoundMethod.php(96): Illuminate/Container/Util::unwrapIfClosure(Object(Closure))
#35 C:/Users/Inovacion/Documents/repo/sirpirtt-laravel/vendor/laravel/framework/src/Illuminate/Container/BoundMethod.php(35): Illuminate/Container/BoundMethod::callBoundMethod(Object(Illuminate/Foundation/Application), Array, Object(Closure))
#36 C:/Users/Inovacion/Documents/repo/sirpirtt-laravel/vendor/laravel/framework/src/Illuminate/Container/Container.php(801): Illuminate/Container/BoundMethod::call(Object(Illuminate/Foundation/Application), Array, Array, NULL)
#37 C:/Users/Inovacion/Documents/repo/sirpirtt-laravel/vendor/laravel/framework/src/Illuminate/Console/Command.php(292): Illuminate/Container/Container->call(Array)
#38 C:/Users/Inovacion/Documents/repo/sirpirtt-laravel/vendor/symfony/console/Command/Command.php(341): Illuminate/Console/Command->execute(Object(Symfony/Component/Console/Input/ArgvInput), Object(Illuminate/Console/OutputStyle))
#39 C:/Users/Inovacion/Documents/repo/sirpirtt-laravel/vendor/laravel/framework/src/Illuminate/Console/Command.php(261): Symfony/Component/Console/Command/Command->run(Object(Symfony/Component/Console/Input/ArgvInput), Object(Illuminate/Console/OutputStyle))
#40 C:/Users/Inovacion/Documents/repo/sirpirtt-laravel/vendor/symfony/console/Application.php(1117): Illuminate/Console/Command->run(Object(Symfony/Component/Console/Input/ArgvInput), Object(Symfony/Component/Console/Output/ConsoleOutput))
#41 C:/Users/Inovacion/Documents/repo/sirpirtt-laravel/vendor/symfony/console/Application.php(356): Symfony/Component/Console/Application->doRunCommand(Object(Illuminate/Database/Console/Migrations/FreshCommand), Object(Symfony/Component/Console/Input/ArgvInput), Object(Symfony/Component/Console/Output/ConsoleOutput))
#42 C:/Users/Inovacion/Documents/repo/sirpirtt-laravel/vendor/symfony/console/Application.php(195): Symfony/Component/Console/Application->doRun(Object(Symfony/Component/Console/Input/ArgvInput), Object(Symfony/Component/Console/Output/ConsoleOutput))
#43 C:/Users/Inovacion/Documents/repo/sirpirtt-laravel/vendor/laravel/framework/src/Illuminate/Foundation/Console/Kernel.php(198): Symfony/Component/Console/Application->run(Object(Symfony/Component/Console/Input/ArgvInput), Object(Symfony/Component/Console/Output/ConsoleOutput))
#44 C:/Users/Inovacion/Documents/repo/sirpirtt-laravel/vendor/laravel/framework/src/Illuminate/Foundation/Application.php(1242): Illuminate/Foundation/Console/Kernel->handle(Object(Symfony/Component/Console/Input/ArgvInput), Object(Symfony/Component/Console/Output/ConsoleOutput))
#45 C:/Users/Inovacion/Documents/repo/sirpirtt-laravel/artisan(16): Illuminate/Foundation/Application->handleCommand(Object(Symfony/Component/Console/Input/ArgvInput))
#46 {main}

[previous exception] [object] (PDOException(code: 42P07): SQLSTATE[42P07]: Duplicate table: 7 ERROR:  relation \"usuarios\" already exists at C:/Users/Inovacion/Documents/repo/sirpirtt-laravel/vendor/laravel/framework/src/Illuminate/Database/Connection.php:601)
[stacktrace]
#0 C:/Users/Inovacion/Documents/repo/sirpirtt-laravel/vendor/laravel/framework/src/Illuminate/Database/Connection.php(601): PDOStatement->execute()
#1 C:/Users/Inovacion/Documents/repo/sirpirtt-laravel/vendor/laravel/framework/src/Illuminate/Database/Connection.php(846): Illuminate/Database/Connection->Illuminate/Database/{closure}('create table \"a...', Array)
#2 C:/Users/Inovacion/Documents/repo/sirpirtt-laravel/vendor/laravel/framework/src/Illuminate/Database/Connection.php(813): Illuminate/Database/Connection->runQueryCallback('create table \"a...', Array, Object(Closure))
#3 C:/Users/Inovacion/Documents/repo/sirpirtt-laravel/vendor/laravel/framework/src/Illuminate/Database/Connection.php(590): Illuminate/Database/Connection->run('create table \"a...', Array, Object(Closure))
#4 C:/Users/Inovacion/Documents/repo/sirpirtt-laravel/vendor/laravel/framework/src/Illuminate/Database/Schema/Blueprint.php(122): Illuminate/Database/Connection->statement('create table \"a...')
#5 C:/Users/Inovacion/Documents/repo/sirpirtt-laravel/vendor/laravel/framework/src/Illuminate/Database/Schema/Builder.php(702): Illuminate/Database/Schema/Blueprint->build()
#6 C:/Users/Inovacion/Documents/repo/sirpirtt-laravel/vendor/laravel/framework/src/Illuminate/Database/Schema/Builder.php(520): Illuminate/Database/Schema/Builder->build(Object(Illuminate/Database/Schema/Blueprint))
#7 C:/Users/Inovacion/Documents/repo/sirpirtt-laravel/vendor/laravel/framework/src/Illuminate/Support/Facades/Facade.php(364): Illuminate/Database/Schema/Builder->create('auth.usuarios', Object(Closure))
#8 C:/Users/Inovacion/Documents/repo/sirpirtt-laravel/database/migrations/2026_08_20_205430_create_table_auth_usuarios.php(14): Illuminate/Support/Facades/Facade::__callStatic('create', Array)
#9 C:/Users/Inovacion/Documents/repo/sirpirtt-laravel/vendor/laravel/framework/src/Illuminate/Database/Migrations/Migrator.php(517): Illuminate/Database/Migrations/Migration@anonymous->up()
#10 C:/Users/Inovacion/Documents/repo/sirpirtt-laravel/vendor/laravel/framework/src/Illuminate/Database/Migrations/Migrator.php(442): Illuminate/Database/Migrations/Migrator->runMethod(Object(Illuminate/Database/PostgresConnection), Object(Illuminate/Database/Migrations/Migration@anonymous), 'up')
#11 C:/Users/Inovacion/Documents/repo/sirpirtt-laravel/vendor/laravel/framework/src/Illuminate/Database/Concerns/ManagesTransactions.php(35): Illuminate/Database/Migrations/Migrator->Illuminate/Database/Migrations/{closure}(Object(Illuminate/Database/PostgresConnection))
#12 C:/Users/Inovacion/Documents/repo/sirpirtt-laravel/vendor/laravel/framework/src/Illuminate/Database/Migrations/Migrator.php(450): Illuminate/Database/Connection->transaction(Object(Closure))
#13 C:/Users/Inovacion/Documents/repo/sirpirtt-laravel/vendor/laravel/framework/src/Illuminate/Database/Migrations/Migrator.php(253): Illuminate/Database/Migrations/Migrator->runMigration(Object(Illuminate/Database/Migrations/Migration@anonymous), 'up', '2026_08_20_2054...')
#14 C:/Users/Inovacion/Documents/repo/sirpirtt-laravel/vendor/laravel/framework/src/Illuminate/Console/View/Components/Task.php(43): Illuminate/Database/Migrations/Migrator->Illuminate/Database/Migrations/{closure}()
#15 C:/Users/Inovacion/Documents/repo/sirpirtt-laravel/vendor/laravel/framework/src/Illuminate/Database/Migrations/Migrator.php(853): Illuminate/Console/View/Components/Task->render('2026_08_20_2054...', Object(Closure))
#16 C:/Users/Inovacion/Documents/repo/sirpirtt-laravel/vendor/laravel/framework/src/Illuminate/Database/Migrations/Migrator.php(253): Illuminate/Database/Migrations/Migrator->write('Illuminate//Cons...', '2026_08_20_2054...', Object(Closure))
#17 C:/Users/Inovacion/Documents/repo/sirpirtt-laravel/vendor/laravel/framework/src/Illuminate/Database/Migrations/Migrator.php(211): Illuminate/Database/Migrations/Migrator->runUp('C://Users//Inovac...', 1, false)
#18 C:/Users/Inovacion/Documents/repo/sirpirtt-laravel/vendor/laravel/framework/src/Illuminate/Database/Migrations/Migrator.php(138): Illuminate/Database/Migrations/Migrator->runPending(Array, Array)
#19 C:/Users/Inovacion/Documents/repo/sirpirtt-laravel/vendor/laravel/framework/src/Illuminate/Database/Console/Migrations/MigrateCommand.php(118): Illuminate/Database/Migrations/Migrator->run(Array, Array)
#20 C:/Users/Inovacion/Documents/repo/sirpirtt-laravel/vendor/laravel/framework/src/Illuminate/Database/Migrations/Migrator.php(672): Illuminate/Database/Console/Migrations/MigrateCommand->Illuminate/Database/Console/Migrations/{closure}()
#21 C:/Users/Inovacion/Documents/repo/sirpirtt-laravel/vendor/laravel/framework/src/Illuminate/Database/Console/Migrations/MigrateCommand.php(111): Illuminate/Database/Migrations/Migrator->usingConnection(NULL, Object(Closure))
#22 C:/Users/Inovacion/Documents/repo/sirpirtt-laravel/vendor/laravel/framework/src/Illuminate/Database/Console/Migrations/MigrateCommand.php(90): Illuminate/Database/Console/Migrations/MigrateCommand->runMigrations()
#23 C:/Users/Inovacion/Documents/repo/sirpirtt-laravel/vendor/laravel/framework/src/Illuminate/Container/BoundMethod.php(36): Illuminate/Database/Console/Migrations/MigrateCommand->handle()
#24 C:/Users/Inovacion/Documents/repo/sirpirtt-laravel/vendor/laravel/framework/src/Illuminate/Container/Util.php(43): Illuminate/Container/BoundMethod::Illuminate/Container/{closure}()
#25 C:/Users/Inovacion/Documents/repo/sirpirtt-laravel/vendor/laravel/framework/src/Illuminate/Container/BoundMethod.php(96): Illuminate/Container/Util::unwrapIfClosure(Object(Closure))
#26 C:/Users/Inovacion/Documents/repo/sirpirtt-laravel/vendor/laravel/framework/src/Illuminate/Container/BoundMethod.php(35): Illuminate/Container/BoundMethod::callBoundMethod(Object(Illuminate/Foundation/Application), Array, Object(Closure))
#27 C:/Users/Inovacion/Documents/repo/sirpirtt-laravel/vendor/laravel/framework/src/Illuminate/Container/Container.php(801): Illuminate/Container/BoundMethod::call(Object(Illuminate/Foundation/Application), Array, Array, NULL)
#28 C:/Users/Inovacion/Documents/repo/sirpirtt-laravel/vendor/laravel/framework/src/Illuminate/Console/Command.php(292): Illuminate/Container/Container->call(Array)
#29 C:/Users/Inovacion/Documents/repo/sirpirtt-laravel/vendor/symfony/console/Command/Command.php(341): Illuminate/Console/Command->execute(Object(Symfony/Component/Console/Input/ArrayInput), Object(Illuminate/Console/OutputStyle))
#30 C:/Users/Inovacion/Documents/repo/sirpirtt-laravel/vendor/laravel/framework/src/Illuminate/Console/Command.php(261): Symfony/Component/Console/Command/Command->run(Object(Symfony/Component/Console/Input/ArrayInput), Object(Illuminate/Console/OutputStyle))
#31 C:/Users/Inovacion/Documents/repo/sirpirtt-laravel/vendor/laravel/framework/src/Illuminate/Console/Concerns/CallsCommands.php(68): Illuminate/Console/Command->run(Object(Symfony/Component/Console/Input/ArrayInput), Object(Illuminate/Console/OutputStyle))
#32 C:/Users/Inovacion/Documents/repo/sirpirtt-laravel/vendor/laravel/framework/src/Illuminate/Console/Concerns/CallsCommands.php(29): Illuminate/Console/Command->runCommand('migrate', Array, Object(Illuminate/Console/OutputStyle))
#33 C:/Users/Inovacion/Documents/repo/sirpirtt-laravel/vendor/laravel/framework/src/Illuminate/Database/Console/Migrations/FreshCommand.php(96): Illuminate/Console/Command->call('migrate', Array)
#34 C:/Users/Inovacion/Documents/repo/sirpirtt-laravel/vendor/laravel/framework/src/Illuminate/Container/BoundMethod.php(36): Illuminate/Database/Console/Migrations/FreshCommand->handle()
#35 C:/Users/Inovacion/Documents/repo/sirpirtt-laravel/vendor/laravel/framework/src/Illuminate/Container/Util.php(43): Illuminate/Container/BoundMethod::Illuminate/Container/{closure}()
#36 C:/Users/Inovacion/Documents/repo/sirpirtt-laravel/vendor/laravel/framework/src/Illuminate/Container/BoundMethod.php(96): Illuminate/Container/Util::unwrapIfClosure(Object(Closure))
#37 C:/Users/Inovacion/Documents/repo/sirpirtt-laravel/vendor/laravel/framework/src/Illuminate/Container/BoundMethod.php(35): Illuminate/Container/BoundMethod::callBoundMethod(Object(Illuminate/Foundation/Application), Array, Object(Closure))
#38 C:/Users/Inovacion/Documents/repo/sirpirtt-laravel/vendor/laravel/framework/src/Illuminate/Container/Container.php(801): Illuminate/Container/BoundMethod::call(Object(Illuminate/Foundation/Application), Array, Array, NULL)
#39 C:/Users/Inovacion/Documents/repo/sirpirtt-laravel/vendor/laravel/framework/src/Illuminate/Console/Command.php(292): Illuminate/Container/Container->call(Array)
#40 C:/Users/Inovacion/Documents/repo/sirpirtt-laravel/vendor/symfony/console/Command/Command.php(341): Illuminate/Console/Command->execute(Object(Symfony/Component/Console/Input/ArgvInput), Object(Illuminate/Console/OutputStyle))
#41 C:/Users/Inovacion/Documents/repo/sirpirtt-laravel/vendor/laravel/framework/src/Illuminate/Console/Command.php(261): Symfony/Component/Console/Command/Command->run(Object(Symfony/Component/Console/Input/ArgvInput), Object(Illuminate/Console/OutputStyle))
#42 C:/Users/Inovacion/Documents/repo/sirpirtt-laravel/vendor/symfony/console/Application.php(1117): Illuminate/Console/Command->run(Object(Symfony/Component/Console/Input/ArgvInput), Object(Symfony/Component/Console/Output/ConsoleOutput))
#43 C:/Users/Inovacion/Documents/repo/sirpirtt-laravel/vendor/symfony/console/Application.php(356): Symfony/Component/Console/Application->doRunCommand(Object(Illuminate/Database/Console/Migrations/FreshCommand), Object(Symfony/Component/Console/Input/ArgvInput), Object(Symfony/Component/Console/Output/ConsoleOutput))
#44 C:/Users/Inovacion/Documents/repo/sirpirtt-laravel/vendor/symfony/console/Application.php(195): Symfony/Component/Console/Application->doRun(Object(Symfony/Component/Console/Input/ArgvInput), Object(Symfony/Component/Console/Output/ConsoleOutput))
#45 C:/Users/Inovacion/Documents/repo/sirpirtt-laravel/vendor/laravel/framework/src/Illuminate/Foundation/Console/Kernel.php(198): Symfony/Component/Console/Application->run(Object(Symfony/Component/Console/Input/ArgvInput), Object(Symfony/Component/Console/Output/ConsoleOutput))
#46 C:/Users/Inovacion/Documents/repo/sirpirtt-laravel/vendor/laravel/framework/src/Illuminate/Foundation/Application.php(1242): Illuminate/Foundation/Console/Kernel->handle(Object(Symfony/Component/Console/Input/ArgvInput), Object(Symfony/Component/Console/Output/ConsoleOutput))
#47 C:/Users/Inovacion/Documents/repo/sirpirtt-laravel/artisan(16): Illuminate/Foundation/Application->handleCommand(Object(Symfony/Component/Console/Input/ArgvInput))
#48 {main}
"} 
[2026-08-27 19:57:54] local.ERROR: Uncaught InvalidArgumentException: Please provide a valid cache path. in C:\Users\Inovacion\Documents\repo\sirpirtt-laravel\vendor\laravel\framework\src\Illuminate\View\Compilers\Compiler.php:75
Stack trace:
#0 C:\Users\Inovacion\Documents\repo\sirpirtt-laravel\vendor\laravel\framework\src\Illuminate\View\ViewServiceProvider.php(97): Illuminate\View\Compilers\Compiler->__construct(Object(Illuminate\Filesystem\Filesystem), false, '', true, 'php', true)
#1 C:\Users\Inovacion\Documents\repo\sirpirtt-laravel\vendor\laravel\framework\src\Illuminate\Container\Container.php(1138): Illuminate\View\ViewServiceProvider->Illuminate\View\{closure}(Object(Illuminate\Foundation\Application), Array)
#2 C:\Users\Inovacion\Documents\repo\sirpirtt-laravel\vendor\laravel\framework\src\Illuminate\Container\Container.php(937): Illuminate\Container\Container->build(Object(Closure))
#3 C:\Users\Inovacion\Documents\repo\sirpirtt-laravel\vendor\laravel\framework\src\Illuminate\Foundation\Application.php(1085): Illuminate\Container\Container->resolve('blade.compiler', Array, true)
#4 C:\Users\Inovacion\Documents\repo\sirpirtt-laravel\vendor\laravel\framework\src\Illuminate\Container\Container.php(865): Illuminate\Foundation\Application->resolve('blade.compiler', Array)
#5 C:\Users\Inovacion\Documents\repo\sirpirtt-laravel\vendor\laravel\framework\src\Illuminate\Foundation\Application.php(1065): Illuminate\Container\Container->make('blade.compiler', Array)
#6 C:\Users\Inovacion\Documents\repo\sirpirtt-laravel\vendor\laravel\framework\src\Illuminate\Foundation\helpers.php(138): Illuminate\Foundation\Application->make('blade.compiler', Array)
#7 Command line code(1): app('Illuminate\\View...')
#8 {main}
  thrown {"exception":"[object] (Symfony\\Component\\ErrorHandler\\Error\\FatalError(code: 0): Uncaught InvalidArgumentException: Please provide a valid cache path. in C:\\Users\\Inovacion\\Documents\\repo\\sirpirtt-laravel\\vendor\\laravel\\framework\\src\\Illuminate\\View\\Compilers\\Compiler.php:75
Stack trace:
#0 C:\\Users\\Inovacion\\Documents\\repo\\sirpirtt-laravel\\vendor\\laravel\\framework\\src\\Illuminate\\View\\ViewServiceProvider.php(97): Illuminate\\View\\Compilers\\Compiler->__construct(Object(Illuminate\\Filesystem\\Filesystem), false, '', true, 'php', true)
#1 C:\\Users\\Inovacion\\Documents\\repo\\sirpirtt-laravel\\vendor\\laravel\\framework\\src\\Illuminate\\Container\\Container.php(1138): Illuminate\\View\\ViewServiceProvider->Illuminate\\View\\{closure}(Object(Illuminate\\Foundation\\Application), Array)
#2 C:\\Users\\Inovacion\\Documents\\repo\\sirpirtt-laravel\\vendor\\laravel\\framework\\src\\Illuminate\\Container\\Container.php(937): Illuminate\\Container\\Container->build(Object(Closure))
#3 C:\\Users\\Inovacion\\Documents\\repo\\sirpirtt-laravel\\vendor\\laravel\\framework\\src\\Illuminate\\Foundation\\Application.php(1085): Illuminate\\Container\\Container->resolve('blade.compiler', Array, true)
#4 C:\\Users\\Inovacion\\Documents\\repo\\sirpirtt-laravel\\vendor\\laravel\\framework\\src\\Illuminate\\Container\\Container.php(865): Illuminate\\Foundation\\Application->resolve('blade.compiler', Array)
#5 C:\\Users\\Inovacion\\Documents\\repo\\sirpirtt-laravel\\vendor\\laravel\\framework\\src\\Illuminate\\Foundation\\Application.php(1065): Illuminate\\Container\\Container->make('blade.compiler', Array)
#6 C:\\Users\\Inovacion\\Documents\\repo\\sirpirtt-laravel\\vendor\\laravel\\framework\\src\\Illuminate\\Foundation\\helpers.php(138): Illuminate\\Foundation\\Application->make('blade.compiler', Array)
#7 Command line code(1): app('Illuminate\\\\View...')
#8 {main}
  thrown at C:/Users/Inovacion/Documents/repo/sirpirtt-laravel/vendor/laravel/framework/src/Illuminate/View/Compilers/Compiler.php:75)
[stacktrace]
#0 {main}
"} 
[2026-08-27 19:59:02] local.ERROR: Too many arguments to "make:migration" command, expected arguments "name". {"exception":"[object] (Symfony\\Component\\Console\\Exception\\RuntimeException(code: 0): Too many arguments to \"make:migration\" command, expected arguments \"name\". at C:/Users/Inovacion/Documents/repo/sirpirtt-laravel/vendor/symfony/console/Input/ArgvInput.php:199)
[stacktrace]
#0 C:/Users/Inovacion/Documents/repo/sirpirtt-laravel/vendor/symfony/console/Input/ArgvInput.php(92): Symfony/Component/Console/Input/ArgvInput->parseArgument('geo.colonias')
#1 C:/Users/Inovacion/Documents/repo/sirpirtt-laravel/vendor/symfony/console/Input/ArgvInput.php(77): Symfony/Component/Console/Input/ArgvInput->parseToken('geo.colonias', true)
#2 C:/Users/Inovacion/Documents/repo/sirpirtt-laravel/vendor/symfony/console/Input/Input.php(53): Symfony/Component/Console/Input/ArgvInput->parse()
#3 C:/Users/Inovacion/Documents/repo/sirpirtt-laravel/vendor/symfony/console/Command/Command.php(295): Symfony/Component/Console/Input/Input->bind(Object(Symfony/Component/Console/Input/InputDefinition))
#4 C:/Users/Inovacion/Documents/repo/sirpirtt-laravel/vendor/laravel/framework/src/Illuminate/Console/Command.php(261): Symfony/Component/Console/Command/Command->run(Object(Symfony/Component/Console/Input/ArgvInput), Object(Illuminate/Console/OutputStyle))
#5 C:/Users/Inovacion/Documents/repo/sirpirtt-laravel/vendor/symfony/console/Application.php(1117): Illuminate/Console/Command->run(Object(Symfony/Component/Console/Input/ArgvInput), Object(Symfony/Component/Console/Output/ConsoleOutput))
#6 C:/Users/Inovacion/Documents/repo/sirpirtt-laravel/vendor/symfony/console/Application.php(356): Symfony/Component/Console/Application->doRunCommand(Object(Illuminate/Database/Console/Migrations/MigrateMakeCommand), Object(Symfony/Component/Console/Input/ArgvInput), Object(Symfony/Component/Console/Output/ConsoleOutput))
#7 C:/Users/Inovacion/Documents/repo/sirpirtt-laravel/vendor/symfony/console/Application.php(195): Symfony/Component/Console/Application->doRun(Object(Symfony/Component/Console/Input/ArgvInput), Object(Symfony/Component/Console/Output/ConsoleOutput))
#8 C:/Users/Inovacion/Documents/repo/sirpirtt-laravel/vendor/laravel/framework/src/Illuminate/Foundation/Console/Kernel.php(198): Symfony/Component/Console/Application->run(Object(Symfony/Component/Console/Input/ArgvInput), Object(Symfony/Component/Console/Output/ConsoleOutput))
#9 C:/Users/Inovacion/Documents/repo/sirpirtt-laravel/vendor/laravel/framework/src/Illuminate/Foundation/Application.php(1242): Illuminate/Foundation/Console/Kernel->handle(Object(Symfony/Component/Console/Input/ArgvInput), Object(Symfony/Component/Console/Output/ConsoleOutput))
#10 C:/Users/Inovacion/Documents/repo/sirpirtt-laravel/artisan(16): Illuminate/Foundation/Application->handleCommand(Object(Symfony/Component/Console/Input/ArgvInput))
#11 {main}
"} 
[2026-08-27 20:06:56] local.ERROR: SQLSTATE[42P07]: Duplicate table: 7 ERROR:  relation "usuarios" already exists (Connection: pgsql, Host: contenedores06.bcs.gob.mx, Port: 5404, Database: Sirpirtt, SQL: create table "auth"."usuarios" ("id" bigserial not null primary key, "nombre" text null, "apellidos" text null, "email" text null, "telefono" text null, "sig_id" integer null, "created_at" timestamp(0) without time zone null, "updated_at" timestamp(0) without time zone null, "deleted_at" timestamp(0) without time zone null)) {"exception":"[object] (Illuminate\\Database\\QueryException(code: 42P07): SQLSTATE[42P07]: Duplicate table: 7 ERROR:  relation \"usuarios\" already exists (Connection: pgsql, Host: contenedores06.bcs.gob.mx, Port: 5404, Database: Sirpirtt, SQL: create table \"auth\".\"usuarios\" (\"id\" bigserial not null primary key, \"nombre\" text null, \"apellidos\" text null, \"email\" text null, \"telefono\" text null, \"sig_id\" integer null, \"created_at\" timestamp(0) without time zone null, \"updated_at\" timestamp(0) without time zone null, \"deleted_at\" timestamp(0) without time zone null)) at C:/Users/Inovacion/Documents/repo/sirpirtt-laravel/vendor/laravel/framework/src/Illuminate/Database/Connection.php:857)
[stacktrace]
#0 C:/Users/Inovacion/Documents/repo/sirpirtt-laravel/vendor/laravel/framework/src/Illuminate/Database/Connection.php(813): Illuminate/Database/Connection->runQueryCallback('create table \"a...', Array, Object(Closure))
#1 C:/Users/Inovacion/Documents/repo/sirpirtt-laravel/vendor/laravel/framework/src/Illuminate/Database/Connection.php(590): Illuminate/Database/Connection->run('create table \"a...', Array, Object(Closure))
#2 C:/Users/Inovacion/Documents/repo/sirpirtt-laravel/vendor/laravel/framework/src/Illuminate/Database/Schema/Blueprint.php(122): Illuminate/Database/Connection->statement('create table \"a...')
#3 C:/Users/Inovacion/Documents/repo/sirpirtt-laravel/vendor/laravel/framework/src/Illuminate/Database/Schema/Builder.php(702): Illuminate/Database/Schema/Blueprint->build()
#4 C:/Users/Inovacion/Documents/repo/sirpirtt-laravel/vendor/laravel/framework/src/Illuminate/Database/Schema/Builder.php(520): Illuminate/Database/Schema/Builder->build(Object(Illuminate/Database/Schema/Blueprint))
#5 C:/Users/Inovacion/Documents/repo/sirpirtt-laravel/vendor/laravel/framework/src/Illuminate/Support/Facades/Facade.php(364): Illuminate/Database/Schema/Builder->create('auth.usuarios', Object(Closure))
#6 C:/Users/Inovacion/Documents/repo/sirpirtt-laravel/database/migrations/2026_08_20_205430_create_table_auth_usuarios.php(14): Illuminate/Support/Facades/Facade::__callStatic('create', Array)
#7 C:/Users/Inovacion/Documents/repo/sirpirtt-laravel/vendor/laravel/framework/src/Illuminate/Database/Migrations/Migrator.php(517): Illuminate/Database/Migrations/Migration@anonymous->up()
#8 C:/Users/Inovacion/Documents/repo/sirpirtt-laravel/vendor/laravel/framework/src/Illuminate/Database/Migrations/Migrator.php(442): Illuminate/Database/Migrations/Migrator->runMethod(Object(Illuminate/Database/PostgresConnection), Object(Illuminate/Database/Migrations/Migration@anonymous), 'up')
#9 C:/Users/Inovacion/Documents/repo/sirpirtt-laravel/vendor/laravel/framework/src/Illuminate/Database/Concerns/ManagesTransactions.php(35): Illuminate/Database/Migrations/Migrator->Illuminate/Database/Migrations/{closure}(Object(Illuminate/Database/PostgresConnection))
#10 C:/Users/Inovacion/Documents/repo/sirpirtt-laravel/vendor/laravel/framework/src/Illuminate/Database/Migrations/Migrator.php(450): Illuminate/Database/Connection->transaction(Object(Closure))
#11 C:/Users/Inovacion/Documents/repo/sirpirtt-laravel/vendor/laravel/framework/src/Illuminate/Database/Migrations/Migrator.php(253): Illuminate/Database/Migrations/Migrator->runMigration(Object(Illuminate/Database/Migrations/Migration@anonymous), 'up', '2026_08_20_2054...')
#12 C:/Users/Inovacion/Documents/repo/sirpirtt-laravel/vendor/laravel/framework/src/Illuminate/Console/View/Components/Task.php(43): Illuminate/Database/Migrations/Migrator->Illuminate/Database/Migrations/{closure}()
#13 C:/Users/Inovacion/Documents/repo/sirpirtt-laravel/vendor/laravel/framework/src/Illuminate/Database/Migrations/Migrator.php(853): Illuminate/Console/View/Components/Task->render('2026_08_20_2054...', Object(Closure))
#14 C:/Users/Inovacion/Documents/repo/sirpirtt-laravel/vendor/laravel/framework/src/Illuminate/Database/Migrations/Migrator.php(253): Illuminate/Database/Migrations/Migrator->write('Illuminate//Cons...', '2026_08_20_2054...', Object(Closure))
#15 C:/Users/Inovacion/Documents/repo/sirpirtt-laravel/vendor/laravel/framework/src/Illuminate/Database/Migrations/Migrator.php(211): Illuminate/Database/Migrations/Migrator->runUp('C://Users//Inovac...', 1, false)
#16 C:/Users/Inovacion/Documents/repo/sirpirtt-laravel/vendor/laravel/framework/src/Illuminate/Database/Migrations/Migrator.php(138): Illuminate/Database/Migrations/Migrator->runPending(Array, Array)
#17 C:/Users/Inovacion/Documents/repo/sirpirtt-laravel/vendor/laravel/framework/src/Illuminate/Database/Console/Migrations/MigrateCommand.php(118): Illuminate/Database/Migrations/Migrator->run(Array, Array)
#18 C:/Users/Inovacion/Documents/repo/sirpirtt-laravel/vendor/laravel/framework/src/Illuminate/Database/Migrations/Migrator.php(672): Illuminate/Database/Console/Migrations/MigrateCommand->Illuminate/Database/Console/Migrations/{closure}()
#19 C:/Users/Inovacion/Documents/repo/sirpirtt-laravel/vendor/laravel/framework/src/Illuminate/Database/Console/Migrations/MigrateCommand.php(111): Illuminate/Database/Migrations/Migrator->usingConnection(NULL, Object(Closure))
#20 C:/Users/Inovacion/Documents/repo/sirpirtt-laravel/vendor/laravel/framework/src/Illuminate/Database/Console/Migrations/MigrateCommand.php(90): Illuminate/Database/Console/Migrations/MigrateCommand->runMigrations()
#21 C:/Users/Inovacion/Documents/repo/sirpirtt-laravel/vendor/laravel/framework/src/Illuminate/Container/BoundMethod.php(36): Illuminate/Database/Console/Migrations/MigrateCommand->handle()
#22 C:/Users/Inovacion/Documents/repo/sirpirtt-laravel/vendor/laravel/framework/src/Illuminate/Container/Util.php(43): Illuminate/Container/BoundMethod::Illuminate/Container/{closure}()
#23 C:/Users/Inovacion/Documents/repo/sirpirtt-laravel/vendor/laravel/framework/src/Illuminate/Container/BoundMethod.php(96): Illuminate/Container/Util::unwrapIfClosure(Object(Closure))
#24 C:/Users/Inovacion/Documents/repo/sirpirtt-laravel/vendor/laravel/framework/src/Illuminate/Container/BoundMethod.php(35): Illuminate/Container/BoundMethod::callBoundMethod(Object(Illuminate/Foundation/Application), Array, Object(Closure))
#25 C:/Users/Inovacion/Documents/repo/sirpirtt-laravel/vendor/laravel/framework/src/Illuminate/Container/Container.php(801): Illuminate/Container/BoundMethod::call(Object(Illuminate/Foundation/Application), Array, Array, NULL)
#26 C:/Users/Inovacion/Documents/repo/sirpirtt-laravel/vendor/laravel/framework/src/Illuminate/Console/Command.php(292): Illuminate/Container/Container->call(Array)
#27 C:/Users/Inovacion/Documents/repo/sirpirtt-laravel/vendor/symfony/console/Command/Command.php(341): Illuminate/Console/Command->execute(Object(Symfony/Component/Console/Input/ArrayInput), Object(Illuminate/Console/OutputStyle))
#28 C:/Users/Inovacion/Documents/repo/sirpirtt-laravel/vendor/laravel/framework/src/Illuminate/Console/Command.php(261): Symfony/Component/Console/Command/Command->run(Object(Symfony/Component/Console/Input/ArrayInput), Object(Illuminate/Console/OutputStyle))
#29 C:/Users/Inovacion/Documents/repo/sirpirtt-laravel/vendor/laravel/framework/src/Illuminate/Console/Concerns/CallsCommands.php(68): Illuminate/Console/Command->run(Object(Symfony/Component/Console/Input/ArrayInput), Object(Illuminate/Console/OutputStyle))
#30 C:/Users/Inovacion/Documents/repo/sirpirtt-laravel/vendor/laravel/framework/src/Illuminate/Console/Concerns/CallsCommands.php(29): Illuminate/Console/Command->runCommand('migrate', Array, Object(Illuminate/Console/OutputStyle))
#31 C:/Users/Inovacion/Documents/repo/sirpirtt-laravel/vendor/laravel/framework/src/Illuminate/Database/Console/Migrations/FreshCommand.php(96): Illuminate/Console/Command->call('migrate', Array)
#32 C:/Users/Inovacion/Documents/repo/sirpirtt-laravel/vendor/laravel/framework/src/Illuminate/Container/BoundMethod.php(36): Illuminate/Database/Console/Migrations/FreshCommand->handle()
#33 C:/Users/Inovacion/Documents/repo/sirpirtt-laravel/vendor/laravel/framework/src/Illuminate/Container/Util.php(43): Illuminate/Container/BoundMethod::Illuminate/Container/{closure}()
#34 C:/Users/Inovacion/Documents/repo/sirpirtt-laravel/vendor/laravel/framework/src/Illuminate/Container/BoundMethod.php(96): Illuminate/Container/Util::unwrapIfClosure(Object(Closure))
#35 C:/Users/Inovacion/Documents/repo/sirpirtt-laravel/vendor/laravel/framework/src/Illuminate/Container/BoundMethod.php(35): Illuminate/Container/BoundMethod::callBoundMethod(Object(Illuminate/Foundation/Application), Array, Object(Closure))
#36 C:/Users/Inovacion/Documents/repo/sirpirtt-laravel/vendor/laravel/framework/src/Illuminate/Container/Container.php(801): Illuminate/Container/BoundMethod::call(Object(Illuminate/Foundation/Application), Array, Array, NULL)
#37 C:/Users/Inovacion/Documents/repo/sirpirtt-laravel/vendor/laravel/framework/src/Illuminate/Console/Command.php(292): Illuminate/Container/Container->call(Array)
#38 C:/Users/Inovacion/Documents/repo/sirpirtt-laravel/vendor/symfony/console/Command/Command.php(341): Illuminate/Console/Command->execute(Object(Symfony/Component/Console/Input/ArgvInput), Object(Illuminate/Console/OutputStyle))
#39 C:/Users/Inovacion/Documents/repo/sirpirtt-laravel/vendor/laravel/framework/src/Illuminate/Console/Command.php(261): Symfony/Component/Console/Command/Command->run(Object(Symfony/Component/Console/Input/ArgvInput), Object(Illuminate/Console/OutputStyle))
#40 C:/Users/Inovacion/Documents/repo/sirpirtt-laravel/vendor/symfony/console/Application.php(1117): Illuminate/Console/Command->run(Object(Symfony/Component/Console/Input/ArgvInput), Object(Symfony/Component/Console/Output/ConsoleOutput))
#41 C:/Users/Inovacion/Documents/repo/sirpirtt-laravel/vendor/symfony/console/Application.php(356): Symfony/Component/Console/Application->doRunCommand(Object(Illuminate/Database/Console/Migrations/FreshCommand), Object(Symfony/Component/Console/Input/ArgvInput), Object(Symfony/Component/Console/Output/ConsoleOutput))
#42 C:/Users/Inovacion/Documents/repo/sirpirtt-laravel/vendor/symfony/console/Application.php(195): Symfony/Component/Console/Application->doRun(Object(Symfony/Component/Console/Input/ArgvInput), Object(Symfony/Component/Console/Output/ConsoleOutput))
#43 C:/Users/Inovacion/Documents/repo/sirpirtt-laravel/vendor/laravel/framework/src/Illuminate/Foundation/Console/Kernel.php(198): Symfony/Component/Console/Application->run(Object(Symfony/Component/Console/Input/ArgvInput), Object(Symfony/Component/Console/Output/ConsoleOutput))
#44 C:/Users/Inovacion/Documents/repo/sirpirtt-laravel/vendor/laravel/framework/src/Illuminate/Foundation/Application.php(1242): Illuminate/Foundation/Console/Kernel->handle(Object(Symfony/Component/Console/Input/ArgvInput), Object(Symfony/Component/Console/Output/ConsoleOutput))
#45 C:/Users/Inovacion/Documents/repo/sirpirtt-laravel/artisan(16): Illuminate/Foundation/Application->handleCommand(Object(Symfony/Component/Console/Input/ArgvInput))
#46 {main}

[previous exception] [object] (PDOException(code: 42P07): SQLSTATE[42P07]: Duplicate table: 7 ERROR:  relation \"usuarios\" already exists at C:/Users/Inovacion/Documents/repo/sirpirtt-laravel/vendor/laravel/framework/src/Illuminate/Database/Connection.php:601)
[stacktrace]
#0 C:/Users/Inovacion/Documents/repo/sirpirtt-laravel/vendor/laravel/framework/src/Illuminate/Database/Connection.php(601): PDOStatement->execute()
#1 C:/Users/Inovacion/Documents/repo/sirpirtt-laravel/vendor/laravel/framework/src/Illuminate/Database/Connection.php(846): Illuminate/Database/Connection->Illuminate/Database/{closure}('create table \"a...', Array)
#2 C:/Users/Inovacion/Documents/repo/sirpirtt-laravel/vendor/laravel/framework/src/Illuminate/Database/Connection.php(813): Illuminate/Database/Connection->runQueryCallback('create table \"a...', Array, Object(Closure))
#3 C:/Users/Inovacion/Documents/repo/sirpirtt-laravel/vendor/laravel/framework/src/Illuminate/Database/Connection.php(590): Illuminate/Database/Connection->run('create table \"a...', Array, Object(Closure))
#4 C:/Users/Inovacion/Documents/repo/sirpirtt-laravel/vendor/laravel/framework/src/Illuminate/Database/Schema/Blueprint.php(122): Illuminate/Database/Connection->statement('create table \"a...')
#5 C:/Users/Inovacion/Documents/repo/sirpirtt-laravel/vendor/laravel/framework/src/Illuminate/Database/Schema/Builder.php(702): Illuminate/Database/Schema/Blueprint->build()
#6 C:/Users/Inovacion/Documents/repo/sirpirtt-laravel/vendor/laravel/framework/src/Illuminate/Database/Schema/Builder.php(520): Illuminate/Database/Schema/Builder->build(Object(Illuminate/Database/Schema/Blueprint))
#7 C:/Users/Inovacion/Documents/repo/sirpirtt-laravel/vendor/laravel/framework/src/Illuminate/Support/Facades/Facade.php(364): Illuminate/Database/Schema/Builder->create('auth.usuarios', Object(Closure))
#8 C:/Users/Inovacion/Documents/repo/sirpirtt-laravel/database/migrations/2026_08_20_205430_create_table_auth_usuarios.php(14): Illuminate/Support/Facades/Facade::__callStatic('create', Array)
#9 C:/Users/Inovacion/Documents/repo/sirpirtt-laravel/vendor/laravel/framework/src/Illuminate/Database/Migrations/Migrator.php(517): Illuminate/Database/Migrations/Migration@anonymous->up()
#10 C:/Users/Inovacion/Documents/repo/sirpirtt-laravel/vendor/laravel/framework/src/Illuminate/Database/Migrations/Migrator.php(442): Illuminate/Database/Migrations/Migrator->runMethod(Object(Illuminate/Database/PostgresConnection), Object(Illuminate/Database/Migrations/Migration@anonymous), 'up')
#11 C:/Users/Inovacion/Documents/repo/sirpirtt-laravel/vendor/laravel/framework/src/Illuminate/Database/Concerns/ManagesTransactions.php(35): Illuminate/Database/Migrations/Migrator->Illuminate/Database/Migrations/{closure}(Object(Illuminate/Database/PostgresConnection))
#12 C:/Users/Inovacion/Documents/repo/sirpirtt-laravel/vendor/laravel/framework/src/Illuminate/Database/Migrations/Migrator.php(450): Illuminate/Database/Connection->transaction(Object(Closure))
#13 C:/Users/Inovacion/Documents/repo/sirpirtt-laravel/vendor/laravel/framework/src/Illuminate/Database/Migrations/Migrator.php(253): Illuminate/Database/Migrations/Migrator->runMigration(Object(Illuminate/Database/Migrations/Migration@anonymous), 'up', '2026_08_20_2054...')
#14 C:/Users/Inovacion/Documents/repo/sirpirtt-laravel/vendor/laravel/framework/src/Illuminate/Console/View/Components/Task.php(43): Illuminate/Database/Migrations/Migrator->Illuminate/Database/Migrations/{closure}()
#15 C:/Users/Inovacion/Documents/repo/sirpirtt-laravel/vendor/laravel/framework/src/Illuminate/Database/Migrations/Migrator.php(853): Illuminate/Console/View/Components/Task->render('2026_08_20_2054...', Object(Closure))
#16 C:/Users/Inovacion/Documents/repo/sirpirtt-laravel/vendor/laravel/framework/src/Illuminate/Database/Migrations/Migrator.php(253): Illuminate/Database/Migrations/Migrator->write('Illuminate//Cons...', '2026_08_20_2054...', Object(Closure))
#17 C:/Users/Inovacion/Documents/repo/sirpirtt-laravel/vendor/laravel/framework/src/Illuminate/Database/Migrations/Migrator.php(211): Illuminate/Database/Migrations/Migrator->runUp('C://Users//Inovac...', 1, false)
#18 C:/Users/Inovacion/Documents/repo/sirpirtt-laravel/vendor/laravel/framework/src/Illuminate/Database/Migrations/Migrator.php(138): Illuminate/Database/Migrations/Migrator->runPending(Array, Array)
#19 C:/Users/Inovacion/Documents/repo/sirpirtt-laravel/vendor/laravel/framework/src/Illuminate/Database/Console/Migrations/MigrateCommand.php(118): Illuminate/Database/Migrations/Migrator->run(Array, Array)
#20 C:/Users/Inovacion/Documents/repo/sirpirtt-laravel/vendor/laravel/framework/src/Illuminate/Database/Migrations/Migrator.php(672): Illuminate/Database/Console/Migrations/MigrateCommand->Illuminate/Database/Console/Migrations/{closure}()
#21 C:/Users/Inovacion/Documents/repo/sirpirtt-laravel/vendor/laravel/framework/src/Illuminate/Database/Console/Migrations/MigrateCommand.php(111): Illuminate/Database/Migrations/Migrator->usingConnection(NULL, Object(Closure))
#22 C:/Users/Inovacion/Documents/repo/sirpirtt-laravel/vendor/laravel/framework/src/Illuminate/Database/Console/Migrations/MigrateCommand.php(90): Illuminate/Database/Console/Migrations/MigrateCommand->runMigrations()
#23 C:/Users/Inovacion/Documents/repo/sirpirtt-laravel/vendor/laravel/framework/src/Illuminate/Container/BoundMethod.php(36): Illuminate/Database/Console/Migrations/MigrateCommand->handle()
#24 C:/Users/Inovacion/Documents/repo/sirpirtt-laravel/vendor/laravel/framework/src/Illuminate/Container/Util.php(43): Illuminate/Container/BoundMethod::Illuminate/Container/{closure}()
#25 C:/Users/Inovacion/Documents/repo/sirpirtt-laravel/vendor/laravel/framework/src/Illuminate/Container/BoundMethod.php(96): Illuminate/Container/Util::unwrapIfClosure(Object(Closure))
#26 C:/Users/Inovacion/Documents/repo/sirpirtt-laravel/vendor/laravel/framework/src/Illuminate/Container/BoundMethod.php(35): Illuminate/Container/BoundMethod::callBoundMethod(Object(Illuminate/Foundation/Application), Array, Object(Closure))
#27 C:/Users/Inovacion/Documents/repo/sirpirtt-laravel/vendor/laravel/framework/src/Illuminate/Container/Container.php(801): Illuminate/Container/BoundMethod::call(Object(Illuminate/Foundation/Application), Array, Array, NULL)
#28 C:/Users/Inovacion/Documents/repo/sirpirtt-laravel/vendor/laravel/framework/src/Illuminate/Console/Command.php(292): Illuminate/Container/Container->call(Array)
#29 C:/Users/Inovacion/Documents/repo/sirpirtt-laravel/vendor/symfony/console/Command/Command.php(341): Illuminate/Console/Command->execute(Object(Symfony/Component/Console/Input/ArrayInput), Object(Illuminate/Console/OutputStyle))
#30 C:/Users/Inovacion/Documents/repo/sirpirtt-laravel/vendor/laravel/framework/src/Illuminate/Console/Command.php(261): Symfony/Component/Console/Command/Command->run(Object(Symfony/Component/Console/Input/ArrayInput), Object(Illuminate/Console/OutputStyle))
#31 C:/Users/Inovacion/Documents/repo/sirpirtt-laravel/vendor/laravel/framework/src/Illuminate/Console/Concerns/CallsCommands.php(68): Illuminate/Console/Command->run(Object(Symfony/Component/Console/Input/ArrayInput), Object(Illuminate/Console/OutputStyle))
#32 C:/Users/Inovacion/Documents/repo/sirpirtt-laravel/vendor/laravel/framework/src/Illuminate/Console/Concerns/CallsCommands.php(29): Illuminate/Console/Command->runCommand('migrate', Array, Object(Illuminate/Console/OutputStyle))
#33 C:/Users/Inovacion/Documents/repo/sirpirtt-laravel/vendor/laravel/framework/src/Illuminate/Database/Console/Migrations/FreshCommand.php(96): Illuminate/Console/Command->call('migrate', Array)
#34 C:/Users/Inovacion/Documents/repo/sirpirtt-laravel/vendor/laravel/framework/src/Illuminate/Container/BoundMethod.php(36): Illuminate/Database/Console/Migrations/FreshCommand->handle()
#35 C:/Users/Inovacion/Documents/repo/sirpirtt-laravel/vendor/laravel/framework/src/Illuminate/Container/Util.php(43): Illuminate/Container/BoundMethod::Illuminate/Container/{closure}()
#36 C:/Users/Inovacion/Documents/repo/sirpirtt-laravel/vendor/laravel/framework/src/Illuminate/Container/BoundMethod.php(96): Illuminate/Container/Util::unwrapIfClosure(Object(Closure))
#37 C:/Users/Inovacion/Documents/repo/sirpirtt-laravel/vendor/laravel/framework/src/Illuminate/Container/BoundMethod.php(35): Illuminate/Container/BoundMethod::callBoundMethod(Object(Illuminate/Foundation/Application), Array, Object(Closure))
#38 C:/Users/Inovacion/Documents/repo/sirpirtt-laravel/vendor/laravel/framework/src/Illuminate/Container/Container.php(801): Illuminate/Container/BoundMethod::call(Object(Illuminate/Foundation/Application), Array, Array, NULL)
#39 C:/Users/Inovacion/Documents/repo/sirpirtt-laravel/vendor/laravel/framework/src/Illuminate/Console/Command.php(292): Illuminate/Container/Container->call(Array)
#40 C:/Users/Inovacion/Documents/repo/sirpirtt-laravel/vendor/symfony/console/Command/Command.php(341): Illuminate/Console/Command->execute(Object(Symfony/Component/Console/Input/ArgvInput), Object(Illuminate/Console/OutputStyle))
#41 C:/Users/Inovacion/Documents/repo/sirpirtt-laravel/vendor/laravel/framework/src/Illuminate/Console/Command.php(261): Symfony/Component/Console/Command/Command->run(Object(Symfony/Component/Console/Input/ArgvInput), Object(Illuminate/Console/OutputStyle))
#42 C:/Users/Inovacion/Documents/repo/sirpirtt-laravel/vendor/symfony/console/Application.php(1117): Illuminate/Console/Command->run(Object(Symfony/Component/Console/Input/ArgvInput), Object(Symfony/Component/Console/Output/ConsoleOutput))
#43 C:/Users/Inovacion/Documents/repo/sirpirtt-laravel/vendor/symfony/console/Application.php(356): Symfony/Component/Console/Application->doRunCommand(Object(Illuminate/Database/Console/Migrations/FreshCommand), Object(Symfony/Component/Console/Input/ArgvInput), Object(Symfony/Component/Console/Output/ConsoleOutput))
#44 C:/Users/Inovacion/Documents/repo/sirpirtt-laravel/vendor/symfony/console/Application.php(195): Symfony/Component/Console/Application->doRun(Object(Symfony/Component/Console/Input/ArgvInput), Object(Symfony/Component/Console/Output/ConsoleOutput))
#45 C:/Users/Inovacion/Documents/repo/sirpirtt-laravel/vendor/laravel/framework/src/Illuminate/Foundation/Console/Kernel.php(198): Symfony/Component/Console/Application->run(Object(Symfony/Component/Console/Input/ArgvInput), Object(Symfony/Component/Console/Output/ConsoleOutput))
#46 C:/Users/Inovacion/Documents/repo/sirpirtt-laravel/vendor/laravel/framework/src/Illuminate/Foundation/Application.php(1242): Illuminate/Foundation/Console/Kernel->handle(Object(Symfony/Component/Console/Input/ArgvInput), Object(Symfony/Component/Console/Output/ConsoleOutput))
#47 C:/Users/Inovacion/Documents/repo/sirpirtt-laravel/artisan(16): Illuminate/Foundation/Application->handleCommand(Object(Symfony/Component/Console/Input/ArgvInput))
#48 {main}
"} 
[2026-08-27 20:07:54] local.ERROR: Uncaught InvalidArgumentException: Please provide a valid cache path. in C:\Users\Inovacion\Documents\repo\sirpirtt-laravel\vendor\laravel\framework\src\Illuminate\View\Compilers\Compiler.php:75
Stack trace:
#0 C:\Users\Inovacion\Documents\repo\sirpirtt-laravel\vendor\laravel\framework\src\Illuminate\View\ViewServiceProvider.php(97): Illuminate\View\Compilers\Compiler->__construct(Object(Illuminate\Filesystem\Filesystem), false, '', true, 'php', true)
#1 C:\Users\Inovacion\Documents\repo\sirpirtt-laravel\vendor\laravel\framework\src\Illuminate\Container\Container.php(1138): Illuminate\View\ViewServiceProvider->Illuminate\View\{closure}(Object(Illuminate\Foundation\Application), Array)
#2 C:\Users\Inovacion\Documents\repo\sirpirtt-laravel\vendor\laravel\framework\src\Illuminate\Container\Container.php(937): Illuminate\Container\Container->build(Object(Closure))
#3 C:\Users\Inovacion\Documents\repo\sirpirtt-laravel\vendor\laravel\framework\src\Illuminate\Foundation\Application.php(1085): Illuminate\Container\Container->resolve('blade.compiler', Array, true)
#4 C:\Users\Inovacion\Documents\repo\sirpirtt-laravel\vendor\laravel\framework\src\Illuminate\Container\Container.php(865): Illuminate\Foundation\Application->resolve('blade.compiler', Array)
#5 C:\Users\Inovacion\Documents\repo\sirpirtt-laravel\vendor\laravel\framework\src\Illuminate\Foundation\Application.php(1065): Illuminate\Container\Container->make('blade.compiler', Array)
#6 C:\Users\Inovacion\Documents\repo\sirpirtt-laravel\vendor\laravel\framework\src\Illuminate\Foundation\helpers.php(138): Illuminate\Foundation\Application->make('blade.compiler', Array)
#7 Command line code(1): app('Illuminate\\View...')
#8 {main}
  thrown {"exception":"[object] (Symfony\\Component\\ErrorHandler\\Error\\FatalError(code: 0): Uncaught InvalidArgumentException: Please provide a valid cache path. in C:\\Users\\Inovacion\\Documents\\repo\\sirpirtt-laravel\\vendor\\laravel\\framework\\src\\Illuminate\\View\\Compilers\\Compiler.php:75
Stack trace:
#0 C:\\Users\\Inovacion\\Documents\\repo\\sirpirtt-laravel\\vendor\\laravel\\framework\\src\\Illuminate\\View\\ViewServiceProvider.php(97): Illuminate\\View\\Compilers\\Compiler->__construct(Object(Illuminate\\Filesystem\\Filesystem), false, '', true, 'php', true)
#1 C:\\Users\\Inovacion\\Documents\\repo\\sirpirtt-laravel\\vendor\\laravel\\framework\\src\\Illuminate\\Container\\Container.php(1138): Illuminate\\View\\ViewServiceProvider->Illuminate\\View\\{closure}(Object(Illuminate\\Foundation\\Application), Array)
#2 C:\\Users\\Inovacion\\Documents\\repo\\sirpirtt-laravel\\vendor\\laravel\\framework\\src\\Illuminate\\Container\\Container.php(937): Illuminate\\Container\\Container->build(Object(Closure))
#3 C:\\Users\\Inovacion\\Documents\\repo\\sirpirtt-laravel\\vendor\\laravel\\framework\\src\\Illuminate\\Foundation\\Application.php(1085): Illuminate\\Container\\Container->resolve('blade.compiler', Array, true)
#4 C:\\Users\\Inovacion\\Documents\\repo\\sirpirtt-laravel\\vendor\\laravel\\framework\\src\\Illuminate\\Container\\Container.php(865): Illuminate\\Foundation\\Application->resolve('blade.compiler', Array)
#5 C:\\Users\\Inovacion\\Documents\\repo\\sirpirtt-laravel\\vendor\\laravel\\framework\\src\\Illuminate\\Foundation\\Application.php(1065): Illuminate\\Container\\Container->make('blade.compiler', Array)
#6 C:\\Users\\Inovacion\\Documents\\repo\\sirpirtt-laravel\\vendor\\laravel\\framework\\src\\Illuminate\\Foundation\\helpers.php(138): Illuminate\\Foundation\\Application->make('blade.compiler', Array)
#7 Command line code(1): app('Illuminate\\\\View...')
#8 {main}
  thrown at C:/Users/Inovacion/Documents/repo/sirpirtt-laravel/vendor/laravel/framework/src/Illuminate/View/Compilers/Compiler.php:75)
[stacktrace]
#0 {main}
"} 
[2026-08-27 20:17:54] local.ERROR: Uncaught InvalidArgumentException: Please provide a valid cache path. in C:\Users\Inovacion\Documents\repo\sirpirtt-laravel\vendor\laravel\framework\src\Illuminate\View\Compilers\Compiler.php:75
Stack trace:
#0 C:\Users\Inovacion\Documents\repo\sirpirtt-laravel\vendor\laravel\framework\src\Illuminate\View\ViewServiceProvider.php(97): Illuminate\View\Compilers\Compiler->__construct(Object(Illuminate\Filesystem\Filesystem), false, '', true, 'php', true)
#1 C:\Users\Inovacion\Documents\repo\sirpirtt-laravel\vendor\laravel\framework\src\Illuminate\Container\Container.php(1138): Illuminate\View\ViewServiceProvider->Illuminate\View\{closure}(Object(Illuminate\Foundation\Application), Array)
#2 C:\Users\Inovacion\Documents\repo\sirpirtt-laravel\vendor\laravel\framework\src\Illuminate\Container\Container.php(937): Illuminate\Container\Container->build(Object(Closure))
#3 C:\Users\Inovacion\Documents\repo\sirpirtt-laravel\vendor\laravel\framework\src\Illuminate\Foundation\Application.php(1085): Illuminate\Container\Container->resolve('blade.compiler', Array, true)
#4 C:\Users\Inovacion\Documents\repo\sirpirtt-laravel\vendor\laravel\framework\src\Illuminate\Container\Container.php(865): Illuminate\Foundation\Application->resolve('blade.compiler', Array)
#5 C:\Users\Inovacion\Documents\repo\sirpirtt-laravel\vendor\laravel\framework\src\Illuminate\Foundation\Application.php(1065): Illuminate\Container\Container->make('blade.compiler', Array)
#6 C:\Users\Inovacion\Documents\repo\sirpirtt-laravel\vendor\laravel\framework\src\Illuminate\Foundation\helpers.php(138): Illuminate\Foundation\Application->make('blade.compiler', Array)
#7 Command line code(1): app('Illuminate\\View...')
#8 {main}
  thrown {"exception":"[object] (Symfony\\Component\\ErrorHandler\\Error\\FatalError(code: 0): Uncaught InvalidArgumentException: Please provide a valid cache path. in C:\\Users\\Inovacion\\Documents\\repo\\sirpirtt-laravel\\vendor\\laravel\\framework\\src\\Illuminate\\View\\Compilers\\Compiler.php:75
Stack trace:
#0 C:\\Users\\Inovacion\\Documents\\repo\\sirpirtt-laravel\\vendor\\laravel\\framework\\src\\Illuminate\\View\\ViewServiceProvider.php(97): Illuminate\\View\\Compilers\\Compiler->__construct(Object(Illuminate\\Filesystem\\Filesystem), false, '', true, 'php', true)
#1 C:\\Users\\Inovacion\\Documents\\repo\\sirpirtt-laravel\\vendor\\laravel\\framework\\src\\Illuminate\\Container\\Container.php(1138): Illuminate\\View\\ViewServiceProvider->Illuminate\\View\\{closure}(Object(Illuminate\\Foundation\\Application), Array)
#2 C:\\Users\\Inovacion\\Documents\\repo\\sirpirtt-laravel\\vendor\\laravel\\framework\\src\\Illuminate\\Container\\Container.php(937): Illuminate\\Container\\Container->build(Object(Closure))
#3 C:\\Users\\Inovacion\\Documents\\repo\\sirpirtt-laravel\\vendor\\laravel\\framework\\src\\Illuminate\\Foundation\\Application.php(1085): Illuminate\\Container\\Container->resolve('blade.compiler', Array, true)
#4 C:\\Users\\Inovacion\\Documents\\repo\\sirpirtt-laravel\\vendor\\laravel\\framework\\src\\Illuminate\\Container\\Container.php(865): Illuminate\\Foundation\\Application->resolve('blade.compiler', Array)
#5 C:\\Users\\Inovacion\\Documents\\repo\\sirpirtt-laravel\\vendor\\laravel\\framework\\src\\Illuminate\\Foundation\\Application.php(1065): Illuminate\\Container\\Container->make('blade.compiler', Array)
#6 C:\\Users\\Inovacion\\Documents\\repo\\sirpirtt-laravel\\vendor\\laravel\\framework\\src\\Illuminate\\Foundation\\helpers.php(138): Illuminate\\Foundation\\Application->make('blade.compiler', Array)
#7 Command line code(1): app('Illuminate\\\\View...')
#8 {main}
  thrown at C:/Users/Inovacion/Documents/repo/sirpirtt-laravel/vendor/laravel/framework/src/Illuminate/View/Compilers/Compiler.php:75)
[stacktrace]
#0 {main}
"} 
[2026-08-27 20:27:54] local.ERROR: Uncaught InvalidArgumentException: Please provide a valid cache path. in C:\Users\Inovacion\Documents\repo\sirpirtt-laravel\vendor\laravel\framework\src\Illuminate\View\Compilers\Compiler.php:75
Stack trace:
#0 C:\Users\Inovacion\Documents\repo\sirpirtt-laravel\vendor\laravel\framework\src\Illuminate\View\ViewServiceProvider.php(97): Illuminate\View\Compilers\Compiler->__construct(Object(Illuminate\Filesystem\Filesystem), false, '', true, 'php', true)
#1 C:\Users\Inovacion\Documents\repo\sirpirtt-laravel\vendor\laravel\framework\src\Illuminate\Container\Container.php(1138): Illuminate\View\ViewServiceProvider->Illuminate\View\{closure}(Object(Illuminate\Foundation\Application), Array)
#2 C:\Users\Inovacion\Documents\repo\sirpirtt-laravel\vendor\laravel\framework\src\Illuminate\Container\Container.php(937): Illuminate\Container\Container->build(Object(Closure))
#3 C:\Users\Inovacion\Documents\repo\sirpirtt-laravel\vendor\laravel\framework\src\Illuminate\Foundation\Application.php(1085): Illuminate\Container\Container->resolve('blade.compiler', Array, true)
#4 C:\Users\Inovacion\Documents\repo\sirpirtt-laravel\vendor\laravel\framework\src\Illuminate\Container\Container.php(865): Illuminate\Foundation\Application->resolve('blade.compiler', Array)
#5 C:\Users\Inovacion\Documents\repo\sirpirtt-laravel\vendor\laravel\framework\src\Illuminate\Foundation\Application.php(1065): Illuminate\Container\Container->make('blade.compiler', Array)
#6 C:\Users\Inovacion\Documents\repo\sirpirtt-laravel\vendor\laravel\framework\src\Illuminate\Foundation\helpers.php(138): Illuminate\Foundation\Application->make('blade.compiler', Array)
#7 Command line code(1): app('Illuminate\\View...')
#8 {main}
  thrown {"exception":"[object] (Symfony\\Component\\ErrorHandler\\Error\\FatalError(code: 0): Uncaught InvalidArgumentException: Please provide a valid cache path. in C:\\Users\\Inovacion\\Documents\\repo\\sirpirtt-laravel\\vendor\\laravel\\framework\\src\\Illuminate\\View\\Compilers\\Compiler.php:75
Stack trace:
#0 C:\\Users\\Inovacion\\Documents\\repo\\sirpirtt-laravel\\vendor\\laravel\\framework\\src\\Illuminate\\View\\ViewServiceProvider.php(97): Illuminate\\View\\Compilers\\Compiler->__construct(Object(Illuminate\\Filesystem\\Filesystem), false, '', true, 'php', true)
#1 C:\\Users\\Inovacion\\Documents\\repo\\sirpirtt-laravel\\vendor\\laravel\\framework\\src\\Illuminate\\Container\\Container.php(1138): Illuminate\\View\\ViewServiceProvider->Illuminate\\View\\{closure}(Object(Illuminate\\Foundation\\Application), Array)
#2 C:\\Users\\Inovacion\\Documents\\repo\\sirpirtt-laravel\\vendor\\laravel\\framework\\src\\Illuminate\\Container\\Container.php(937): Illuminate\\Container\\Container->build(Object(Closure))
#3 C:\\Users\\Inovacion\\Documents\\repo\\sirpirtt-laravel\\vendor\\laravel\\framework\\src\\Illuminate\\Foundation\\Application.php(1085): Illuminate\\Container\\Container->resolve('blade.compiler', Array, true)
#4 C:\\Users\\Inovacion\\Documents\\repo\\sirpirtt-laravel\\vendor\\laravel\\framework\\src\\Illuminate\\Container\\Container.php(865): Illuminate\\Foundation\\Application->resolve('blade.compiler', Array)
#5 C:\\Users\\Inovacion\\Documents\\repo\\sirpirtt-laravel\\vendor\\laravel\\framework\\src\\Illuminate\\Foundation\\Application.php(1065): Illuminate\\Container\\Container->make('blade.compiler', Array)
#6 C:\\Users\\Inovacion\\Documents\\repo\\sirpirtt-laravel\\vendor\\laravel\\framework\\src\\Illuminate\\Foundation\\helpers.php(138): Illuminate\\Foundation\\Application->make('blade.compiler', Array)
#7 Command line code(1): app('Illuminate\\\\View...')
#8 {main}
  thrown at C:/Users/Inovacion/Documents/repo/sirpirtt-laravel/vendor/laravel/framework/src/Illuminate/View/Compilers/Compiler.php:75)
[stacktrace]
#0 {main}
"} 
[2026-08-27 20:37:55] local.ERROR: Uncaught InvalidArgumentException: Please provide a valid cache path. in C:\Users\Inovacion\Documents\repo\sirpirtt-laravel\vendor\laravel\framework\src\Illuminate\View\Compilers\Compiler.php:75
Stack trace:
#0 C:\Users\Inovacion\Documents\repo\sirpirtt-laravel\vendor\laravel\framework\src\Illuminate\View\ViewServiceProvider.php(97): Illuminate\View\Compilers\Compiler->__construct(Object(Illuminate\Filesystem\Filesystem), false, '', true, 'php', true)
#1 C:\Users\Inovacion\Documents\repo\sirpirtt-laravel\vendor\laravel\framework\src\Illuminate\Container\Container.php(1138): Illuminate\View\ViewServiceProvider->Illuminate\View\{closure}(Object(Illuminate\Foundation\Application), Array)
#2 C:\Users\Inovacion\Documents\repo\sirpirtt-laravel\vendor\laravel\framework\src\Illuminate\Container\Container.php(937): Illuminate\Container\Container->build(Object(Closure))
#3 C:\Users\Inovacion\Documents\repo\sirpirtt-laravel\vendor\laravel\framework\src\Illuminate\Foundation\Application.php(1085): Illuminate\Container\Container->resolve('blade.compiler', Array, true)
#4 C:\Users\Inovacion\Documents\repo\sirpirtt-laravel\vendor\laravel\framework\src\Illuminate\Container\Container.php(865): Illuminate\Foundation\Application->resolve('blade.compiler', Array)
#5 C:\Users\Inovacion\Documents\repo\sirpirtt-laravel\vendor\laravel\framework\src\Illuminate\Foundation\Application.php(1065): Illuminate\Container\Container->make('blade.compiler', Array)
#6 C:\Users\Inovacion\Documents\repo\sirpirtt-laravel\vendor\laravel\framework\src\Illuminate\Foundation\helpers.php(138): Illuminate\Foundation\Application->make('blade.compiler', Array)
#7 Command line code(1): app('Illuminate\\View...')
#8 {main}
  thrown {"exception":"[object] (Symfony\\Component\\ErrorHandler\\Error\\FatalError(code: 0): Uncaught InvalidArgumentException: Please provide a valid cache path. in C:\\Users\\Inovacion\\Documents\\repo\\sirpirtt-laravel\\vendor\\laravel\\framework\\src\\Illuminate\\View\\Compilers\\Compiler.php:75
Stack trace:
#0 C:\\Users\\Inovacion\\Documents\\repo\\sirpirtt-laravel\\vendor\\laravel\\framework\\src\\Illuminate\\View\\ViewServiceProvider.php(97): Illuminate\\View\\Compilers\\Compiler->__construct(Object(Illuminate\\Filesystem\\Filesystem), false, '', true, 'php', true)
#1 C:\\Users\\Inovacion\\Documents\\repo\\sirpirtt-laravel\\vendor\\laravel\\framework\\src\\Illuminate\\Container\\Container.php(1138): Illuminate\\View\\ViewServiceProvider->Illuminate\\View\\{closure}(Object(Illuminate\\Foundation\\Application), Array)
#2 C:\\Users\\Inovacion\\Documents\\repo\\sirpirtt-laravel\\vendor\\laravel\\framework\\src\\Illuminate\\Container\\Container.php(937): Illuminate\\Container\\Container->build(Object(Closure))
#3 C:\\Users\\Inovacion\\Documents\\repo\\sirpirtt-laravel\\vendor\\laravel\\framework\\src\\Illuminate\\Foundation\\Application.php(1085): Illuminate\\Container\\Container->resolve('blade.compiler', Array, true)
#4 C:\\Users\\Inovacion\\Documents\\repo\\sirpirtt-laravel\\vendor\\laravel\\framework\\src\\Illuminate\\Container\\Container.php(865): Illuminate\\Foundation\\Application->resolve('blade.compiler', Array)
#5 C:\\Users\\Inovacion\\Documents\\repo\\sirpirtt-laravel\\vendor\\laravel\\framework\\src\\Illuminate\\Foundation\\Application.php(1065): Illuminate\\Container\\Container->make('blade.compiler', Array)
#6 C:\\Users\\Inovacion\\Documents\\repo\\sirpirtt-laravel\\vendor\\laravel\\framework\\src\\Illuminate\\Foundation\\helpers.php(138): Illuminate\\Foundation\\Application->make('blade.compiler', Array)
#7 Command line code(1): app('Illuminate\\\\View...')
#8 {main}
  thrown at C:/Users/Inovacion/Documents/repo/sirpirtt-laravel/vendor/laravel/framework/src/Illuminate/View/Compilers/Compiler.php:75)
[stacktrace]
#0 {main}
"} 
[2026-08-27 20:47:55] local.ERROR: Uncaught InvalidArgumentException: Please provide a valid cache path. in C:\Users\Inovacion\Documents\repo\sirpirtt-laravel\vendor\laravel\framework\src\Illuminate\View\Compilers\Compiler.php:75
Stack trace:
#0 C:\Users\Inovacion\Documents\repo\sirpirtt-laravel\vendor\laravel\framework\src\Illuminate\View\ViewServiceProvider.php(97): Illuminate\View\Compilers\Compiler->__construct(Object(Illuminate\Filesystem\Filesystem), false, '', true, 'php', true)
#1 C:\Users\Inovacion\Documents\repo\sirpirtt-laravel\vendor\laravel\framework\src\Illuminate\Container\Container.php(1138): Illuminate\View\ViewServiceProvider->Illuminate\View\{closure}(Object(Illuminate\Foundation\Application), Array)
#2 C:\Users\Inovacion\Documents\repo\sirpirtt-laravel\vendor\laravel\framework\src\Illuminate\Container\Container.php(937): Illuminate\Container\Container->build(Object(Closure))
#3 C:\Users\Inovacion\Documents\repo\sirpirtt-laravel\vendor\laravel\framework\src\Illuminate\Foundation\Application.php(1085): Illuminate\Container\Container->resolve('blade.compiler', Array, true)
#4 C:\Users\Inovacion\Documents\repo\sirpirtt-laravel\vendor\laravel\framework\src\Illuminate\Container\Container.php(865): Illuminate\Foundation\Application->resolve('blade.compiler', Array)
#5 C:\Users\Inovacion\Documents\repo\sirpirtt-laravel\vendor\laravel\framework\src\Illuminate\Foundation\Application.php(1065): Illuminate\Container\Container->make('blade.compiler', Array)
#6 C:\Users\Inovacion\Documents\repo\sirpirtt-laravel\vendor\laravel\framework\src\Illuminate\Foundation\helpers.php(138): Illuminate\Foundation\Application->make('blade.compiler', Array)
#7 Command line code(1): app('Illuminate\\View...')
#8 {main}
  thrown {"exception":"[object] (Symfony\\Component\\ErrorHandler\\Error\\FatalError(code: 0): Uncaught InvalidArgumentException: Please provide a valid cache path. in C:\\Users\\Inovacion\\Documents\\repo\\sirpirtt-laravel\\vendor\\laravel\\framework\\src\\Illuminate\\View\\Compilers\\Compiler.php:75
Stack trace:
#0 C:\\Users\\Inovacion\\Documents\\repo\\sirpirtt-laravel\\vendor\\laravel\\framework\\src\\Illuminate\\View\\ViewServiceProvider.php(97): Illuminate\\View\\Compilers\\Compiler->__construct(Object(Illuminate\\Filesystem\\Filesystem), false, '', true, 'php', true)
#1 C:\\Users\\Inovacion\\Documents\\repo\\sirpirtt-laravel\\vendor\\laravel\\framework\\src\\Illuminate\\Container\\Container.php(1138): Illuminate\\View\\ViewServiceProvider->Illuminate\\View\\{closure}(Object(Illuminate\\Foundation\\Application), Array)
#2 C:\\Users\\Inovacion\\Documents\\repo\\sirpirtt-laravel\\vendor\\laravel\\framework\\src\\Illuminate\\Container\\Container.php(937): Illuminate\\Container\\Container->build(Object(Closure))
#3 C:\\Users\\Inovacion\\Documents\\repo\\sirpirtt-laravel\\vendor\\laravel\\framework\\src\\Illuminate\\Foundation\\Application.php(1085): Illuminate\\Container\\Container->resolve('blade.compiler', Array, true)
#4 C:\\Users\\Inovacion\\Documents\\repo\\sirpirtt-laravel\\vendor\\laravel\\framework\\src\\Illuminate\\Container\\Container.php(865): Illuminate\\Foundation\\Application->resolve('blade.compiler', Array)
#5 C:\\Users\\Inovacion\\Documents\\repo\\sirpirtt-laravel\\vendor\\laravel\\framework\\src\\Illuminate\\Foundation\\Application.php(1065): Illuminate\\Container\\Container->make('blade.compiler', Array)
#6 C:\\Users\\Inovacion\\Documents\\repo\\sirpirtt-laravel\\vendor\\laravel\\framework\\src\\Illuminate\\Foundation\\helpers.php(138): Illuminate\\Foundation\\Application->make('blade.compiler', Array)
#7 Command line code(1): app('Illuminate\\\\View...')
#8 {main}
  thrown at C:/Users/Inovacion/Documents/repo/sirpirtt-laravel/vendor/laravel/framework/src/Illuminate/View/Compilers/Compiler.php:75)
[stacktrace]
#0 {main}
"} 
